[18Nov2024 19:13:22.107] [main/INFO] [cpw.mods.modlauncher.Launcher/MODLAUNCHER]: ModLauncher running: args [--username, dot_dash, --version, 1.20.1, --gameDir, C:/Users/Ben/AppData/Roaming/PrismLauncher/instances/1.20.1 Pack (Modified)/.minecraft, --assetsDir, C:/Users/Ben/AppData/Roaming/PrismLauncher/assets, --assetIndex, 5, --uuid, 0b427cf536a24349a408aed73c0b37ff, --accessToken, ????????, --userType, msa, --versionType, release, --launchTarget, forgeclient, --fml.forgeVersion, 47.2.0, --fml.mcVersion, 1.20.1, --fml.forgeGroup, net.minecraftforge, --fml.mcpVersion, 20230612.114412, --width, 854, --height, 480]
[18Nov2024 19:13:22.111] [main/INFO] [cpw.mods.modlauncher.Launcher/MODLAUNCHER]: ModLauncher 10.0.9+10.0.9+main.dcd20f30 starting: java version 17.0.8 by Microsoft; OS Windows 11 arch amd64 version 10.0
[18Nov2024 19:13:23.414] [main/INFO] [net.minecraftforge.fml.loading.ImmediateWindowHandler/]: Loading ImmediateWindowProvider fmlearlywindow
[18Nov2024 19:13:23.459] [main/INFO] [EARLYDISPLAY/]: Trying GL version 4.6
[18Nov2024 19:13:23.613] [main/INFO] [EARLYDISPLAY/]: Requested GL version 4.6 got version 4.6
[18Nov2024 19:13:23.646] [main/INFO] [mixin-transmog/]: Mixin Transmogrifier is definitely up to no good...
[18Nov2024 19:13:23.660] [main/INFO] [mixin-transmog/]: crimes against java were committed
[18Nov2024 19:13:23.671] [main/INFO] [mixin-transmog/]: Original mixin transformation service successfully crobbed by mixin-transmogrifier!
[18Nov2024 19:13:23.698] [main/INFO] [mixin/]: SpongePowered MIXIN Subsystem Version=0.8.5 Source=union:/C:/Users/Ben/AppData/Roaming/PrismLauncher/instances/1.20.1%20Pack%20(Modified)/.minecraft/mods/Connector-1.0.0-beta.46+1.20.1.jar%23473%23476!/ Service=ModLauncher Env=CLIENT
[18Nov2024 19:13:23.711] [pool-2-thread-1/INFO] [EARLYDISPLAY/]: GL info: NVIDIA GeForce RTX 4090/PCIe/SSE2 GL version 4.6.0 NVIDIA 566.03, NVIDIA Corporation
[18Nov2024 19:13:24.557] [main/WARN] [net.minecraftforge.fml.loading.moddiscovery.ModFileParser/LOADING]: Mod file C:\Users\Ben\AppData\Roaming\PrismLauncher\libraries\net\minecraftforge\fmlcore\1.20.1-47.2.0\fmlcore-1.20.1-47.2.0.jar is missing mods.toml file
[18Nov2024 19:13:24.558] [main/WARN] [net.minecraftforge.fml.loading.moddiscovery.ModFileParser/LOADING]: Mod file C:\Users\Ben\AppData\Roaming\PrismLauncher\libraries\net\minecraftforge\javafmllanguage\1.20.1-47.2.0\javafmllanguage-1.20.1-47.2.0.jar is missing mods.toml file
[18Nov2024 19:13:24.559] [main/WARN] [net.minecraftforge.fml.loading.moddiscovery.ModFileParser/LOADING]: Mod file C:\Users\Ben\AppData\Roaming\PrismLauncher\libraries\net\minecraftforge\lowcodelanguage\1.20.1-47.2.0\lowcodelanguage-1.20.1-47.2.0.jar is missing mods.toml file
[18Nov2024 19:13:24.560] [main/WARN] [net.minecraftforge.fml.loading.moddiscovery.ModFileParser/LOADING]: Mod file C:\Users\Ben\AppData\Roaming\PrismLauncher\libraries\net\minecraftforge\mclanguage\1.20.1-47.2.0\mclanguage-1.20.1-47.2.0.jar is missing mods.toml file
[18Nov2024 19:13:24.901] [main/WARN] [net.minecraftforge.jarjar.selection.JarSelector/]: Attempted to select two dependency jars from JarJar which have the same identification: Mod File:  and Mod File: . Using Mod File: 
[18Nov2024 19:13:24.902] [main/WARN] [net.minecraftforge.jarjar.selection.JarSelector/]: Attempted to select a dependency jar for JarJar which was passed in as source: geckolib. Using Mod File: C:\Users\Ben\AppData\Roaming\PrismLauncher\instances\1.20.1 Pack (Modified)\.minecraft\mods\geckolib-forge-1.20.1-4.4.9.jar
[18Nov2024 19:13:24.902] [main/WARN] [net.minecraftforge.jarjar.selection.JarSelector/]: Attempted to select a dependency jar for JarJar which was passed in as source: resourcefullib. Using Mod File: C:\Users\Ben\AppData\Roaming\PrismLauncher\instances\1.20.1 Pack (Modified)\.minecraft\mods\resourcefullib-forge-1.20.1-2.1.29.jar
[18Nov2024 19:13:24.902] [main/INFO] [net.minecraftforge.fml.loading.moddiscovery.JarInJarDependencyLocator/]: Found 89 dependencies adding them to mods collection
[18Nov2024 19:13:26.684] [main/INFO] [org.sinytra.connector.locator.DependencyResolver/]: Dependency resolution found 62 candidates to load
[18Nov2024 19:13:27.980] [main/WARN] [org.sinytra.connector.locator.ConnectorModMetadataParser/]: Ignoring invalid version for mod triqueapi in file C:\Users\Ben\AppData\Roaming\PrismLauncher\instances\1.20.1 Pack (Modified)\.minecraft\mods\.connector\triqueapi-mc1.20.1-1.1.0_mapped_srg_1.20.1.jar
[18Nov2024 19:13:28.014] [main/WARN] [org.sinytra.connector.locator.ConnectorModMetadataParser/]: Ignoring invalid version for mod triqueapi in file C:\Users\Ben\AppData\Roaming\PrismLauncher\instances\1.20.1 Pack (Modified)\.minecraft\mods\.connector\triqueapi-mc1.20.1-1.1.0_mapped_srg_1.20.1.jar
[18Nov2024 19:13:28.374] [main/INFO] [org.sinytra.connector.service.hacks.ModuleLayerMigrator/]: Successfully made module authlib transformable
[18Nov2024 19:13:32.149] [main/INFO] [mixin/]: Compatibility level set to JAVA_17
[18Nov2024 19:13:32.709] [main/INFO] [mixin/]: Successfully loaded Mixin Connector [shetiphian.endertanks.mixins.MixinConnector]
[18Nov2024 19:13:32.711] [main/INFO] [mixin/]: Successfully loaded Mixin Connector [shetiphian.core.mixins.MixinConnector]
[18Nov2024 19:13:32.721] [main/INFO] [cpw.mods.modlauncher.LaunchServiceHandler/MODLAUNCHER]: Launching target 'forgeclient' with arguments [--version, 1.20.1, --gameDir, C:\Users\Ben\AppData\Roaming\PrismLauncher\instances\1.20.1 Pack (Modified)\.minecraft, --assetsDir, C:\Users\Ben\AppData\Roaming\PrismLauncher\assets, --uuid, 0b427cf536a24349a408aed73c0b37ff, --username, dot_dash, --assetIndex, 5, --accessToken, ????????, --userType, msa, --versionType, release, --width, 854, --height, 480]
[18Nov2024 19:13:32.844] [main/INFO] [ModernFix/]: Loaded configuration file for ModernFix 5.19.4+mc1.20.1: 84 options available, 1 override(s) found
[18Nov2024 19:13:32.844] [main/WARN] [ModernFix/]: Option 'mixin.perf.dynamic_resources' overriden (by user configuration) to 'true'
[18Nov2024 19:13:32.844] [main/INFO] [ModernFix/]: Applying Nashorn fix
[18Nov2024 19:13:32.856] [main/INFO] [ModernFix/]: Applied Forge config corruption patch
[18Nov2024 19:13:32.954] [main/WARN] [mixin/]: Reference map 'rechiseledchipped.refmap.json' for rechiseled_chipped.mixins.json could not be read. If this is a development environment you can ignore this message
[18Nov2024 19:13:32.975] [main/INFO] [Embeddium/]: Loaded configuration file for Embeddium: 465 options available, 3 override(s) found
[18Nov2024 19:13:32.976] [main/INFO] [Embeddium-GraphicsAdapterProbe/]: Searching for graphics cards...
[18Nov2024 19:13:33.169] [main/INFO] [Embeddium-GraphicsAdapterProbe/]: Found graphics card: GraphicsAdapterInfo[vendor=AMD, name=AMD Radeon(TM) Graphics, version=DriverVersion=32.0.12019.1028]
[18Nov2024 19:13:33.169] [main/INFO] [Embeddium-GraphicsAdapterProbe/]: Found graphics card: GraphicsAdapterInfo[vendor=NVIDIA, name=NVIDIA GeForce RTX 4090, version=DriverVersion=32.0.15.6603]
[18Nov2024 19:13:33.173] [main/WARN] [Embeddium-Workarounds/]: Embeddium has applied one or more workarounds to prevent crashes or other issues on your system: [NVIDIA_THREADED_OPTIMIZATIONS]
[18Nov2024 19:13:33.173] [main/WARN] [Embeddium-Workarounds/]: This is not necessarily an issue, but it may result in certain features or optimizations being disabled. You can sometimes fix these issues by upgrading your graphics driver.
[18Nov2024 19:13:33.281] [main/WARN] [mixin/]: Reference map 'miniutilities.refmap.json' for miniutilities.mixins.json could not be read. If this is a development environment you can ignore this message
[18Nov2024 19:13:33.292] [main/WARN] [Radium Config/]: Mod 'spectrum' attempted to override option 'entity.collisions.fluid', which doesn't exist, ignoring
[18Nov2024 19:13:33.295] [main/INFO] [Radium Config/]: Loaded configuration file for Radium: 125 options available, 1 override(s) found
[18Nov2024 19:13:33.312] [main/WARN] [mixin/]: Reference map 'lemonlib.refmap.json' for lemonlib.mixins.json could not be read. If this is a development environment you can ignore this message
[18Nov2024 19:13:33.441] [main/WARN] [mixin/]: Reference map 'cobweb.refmap.json' for cobweb.mixins.json could not be read. If this is a development environment you can ignore this message
[18Nov2024 19:13:33.443] [main/WARN] [mixin/]: Reference map 'cobweb.refmap.json' for cobweb.forge.mixins.json could not be read. If this is a development environment you can ignore this message
[18Nov2024 19:13:33.497] [main/WARN] [mixin/]: Reference map 'CerbonsAPI-Forge-1.20.1-forge-refmap.json' for cerbons_api.mixins.json could not be read. If this is a development environment you can ignore this message
[18Nov2024 19:13:33.506] [main/WARN] [mixin/]: Reference map 'accelerated-decay-common-refmap.json' for accelerateddecay-common.mixins.json could not be read. If this is a development environment you can ignore this message
[18Nov2024 19:13:33.508] [main/WARN] [mixin/]: Reference map 'accelerated-decay-forge-forge-refmap.json' for accelerateddecay.mixins.json could not be read. If this is a development environment you can ignore this message
[18Nov2024 19:13:33.712] [main/WARN] [mixin/]: Reference map 'TetraExtras-1.20.refmap.json' for tetraextras.mixins.json could not be read. If this is a development environment you can ignore this message
[18Nov2024 19:13:33.761] [main/WARN] [mixin/]: Reference map 'graveyard-FORGE-forge-refmap.json' for graveyard-forge.mixins.json could not be read. If this is a development environment you can ignore this message
[18Nov2024 19:13:33.845] [main/INFO] [Puzzles Lib/]: Loading 418 mods:
	- accelerateddecay 3.0.1+mc1.20.1
	- accessories 1.0.0-beta41+1.20.1
		|-- fabric_api_base 0.4.31+ef105b4977
		|-- fabric_entity_events_v1 1.6.0+6274ab9d77
		\-- fabric_object_builder_api_v1 11.1.3+2174fc8477
	- actuallyharvest 1.20.1-1.1.0.9-FORGE
	- additionalentityattributes 1.7.51.20.0
	- advanced_ae 0.3.3-1.20.1
	- advgenerators 1.6.0.6
	- ae2 15.2.13
	- ae2ct 1.20.1-1.0.2-beta
	- ae2things 1.2.1
	- ae2wtlib 15.2.3-forge
	- aeinfinitybooster 1.20.1-1.0.0+21
	- aiimprovements 0.5.2
	- alexscaves 1.1.5
	- almanac 1.0.2
	- almostunified 1.20.1-0.9.4
	- alternate_current 1.7.0
	- apotheosis 7.4.3
	- appflux 1.20-1.1.9-forge
	- appleskin 2.5.1+mc1.20.1
	- aquamirae 6.API15
	- archers_paradox 5.0.0
	- architectury 9.2.14
	- arrowhead 1.2.0-1.19.4
	- ars_elemental 1.20.1-0.6.7
	- ars_instrumentum 0.0NONE
	- ars_nouveau 4.12.4
		\-- mixinextras 0.2.0-beta.8
	- art_of_forging 1.8.3-1.20.1
	- artifacts 9.5.13
		\-- expandability 9.0.4
	- athena 3.1.2
	- attributefix 21.0.4
	- attributeslib 1.3.7
	- bagus_lib 1.20.1-5.3.0
	- balm 7.3.9
		\-- kuma_api 20.1.8
	- bclib 3.0.14
	- bdlib 1.27.0.8
	- better_totem_of_undying 2.0.1
	- betterend 4.0.11
	- betterf3 7.0.2
	- betternether 9.0.10
	- betterstrongholds 1.20-Forge-4.0.3
	- betterthanmending 1.7.2
	- bhc 1.20.1-1.0.5
	- bloodmagic 3.3.3-45
	- blue_endless_jankson 1.2.3
	- bookshelf 20.2.13
	- borderlesswindow 1.20-1.6.0
	- bosses_of_mass_destruction 1.1.2
	- botania 1.20.1-446-FORGE
	- botanypots 13.0.39
	- botanypotstiers 6.0.1
	- bowinfinityfix 2.6.0
	- buildinggadgets2 1.0.7
	- caelus 3.2.0+1.20.1
	- cardinal_components 5.2.2
	- cardinal_components_base 5.2.2
	- cardinal_components_block 5.2.2
	- cardinal_components_chunk 5.2.2
	- cardinal_components_entity 5.2.2
	- cardinal_components_item 5.2.2
	- cardinal_components_level 5.2.2
	- cardinal_components_scoreboard 5.2.2
	- cardinal_components_world 5.2.2
	- cataclysm 2.10
	- celestisynth 1.20.1-1.3.1
	- cerbons_api 1.1.0
	- charginggadgets 1.11.0
	- chickenchunks 2.10.0.100
	- chipped 3.0.7
	- chisel 1.8.0
	- chunksfadein 1.0.7-1.20.1
	- chunky 1.3.146
	- citadel 2.6.0
	- cleanswing 1.20-1.5
	- cloth_config 11.1.136
	- clumps 12.0.0.4
	- coal_additions 1.0.0
	- cobweb 1.0.0
	- codechickenlib 4.4.0.516
	- cofh_core 11.0.2
	- collective 7.87
	- colorfulhearts 4.3.16
	- com_github_llamalad7_mixinextras 0.2.0-beta.6
	- com_moandjiezana_toml_toml4j 0.7.2
	- compactvoidminers 1.20.1-1.21
	- configured 2.2.3
	- conjuring 1.0.291.20
	- connectorextras 1.11.2+1.20.1
		|-- amecsapi 1.5.3+mc1.20-pre1
		|-- connectorextras_architectury_bridge 1.11.2+1.20.1
		|-- connectorextras_emi_bridge 1.11.2+1.20.1
		|-- connectorextras_energy_bridge 1.11.2+1.20.1
		|-- connectorextras_geckolib_fabric_compat 1.11.2+1.20.1
		|-- connectorextras_jei_bridge 1.11.2+1.20.1
		|-- connectorextras_kubejs_bridge 1.11.2+1.20.1
		|-- connectorextras_modmenu_bridge 1.11.2+1.20.1
			\-- modmenu 7.2.2
		|-- connectorextras_pehkui_bridge 1.11.2+1.20.1
		|-- connectorextras_rei_bridge 1.11.2+1.20.1
		|-- connectorextras_terrablender_bridge 1.11.2+1.20.1
		|-- forgeconfigapiport 8.0.0
		\-- reach_entity_attributes 2.4.0
	- connectormod 1.0.0-beta.46+1.20.1
	- controlling 12.0.2
	- cookingforblockheads 16.0.9
	- corpse 1.20.1-1.0.17
	- craftingtweaks 18.2.5
	- create 0.5.1.i
		\-- flywheel 0.6.11-13
	- create_sa 2.0.5
	- creeperoverhaul 3.0.2
	- crowdin_translate 1.41.19.3
	- cucumber 7.0.12
	- culllessleaves 1.20.1-1.0.5
	- curios 7.4.0+1.20.1
		\-- cclayer 0.beta.18
	- darkutils 17.0.5
	- deeperdarker 1.3.2
	- deepslatecutting_forge 1.7.0
	- defaultoptions 18.0.1
	- dimdungeons 194
	- durabilitytooltip 1.1.5
	- dynamiclights 1.20.1.2
	- ebe 0.9.1-BETA
	- eccentrictome 1.20.1-1.10.2
	- eidolon 1.20.1-0.3.8.13
	- elevatorid 1.20.1-lex-1.9
	- embeddium 0.3.31+mc1.20.1
		\-- rubidium 0.7.1
	- enchantinginfuser 8.0.3
	- enchantmenttransfer 0.0.6
	- enchantwithmob 1.20.1-11.13.1
	- enchdesc 17.1.18
	- enderio 6.2.1-beta
	- endermanoverhaul 1.0.4
	- endertanks 1.20.1-1.3
	- ensorcellation 5.0.2
	- entityculling 1.7.0
	- expatternprovider 1.20-1.2.1-forge
	- experiencebugfix 46.2.2
	- experienceobelisk 2.2.5-1.20.1
	- explorerscompass 1.20.1-1.3.3-forge
	- explorify 1.6.2
	- extraalchemy 1.10.0
	- fabric_api 0.92.2+1.11.8+1.20.1
		|-- fabric_api_lookup_api_v1 1.6.36+67f9824077
		|-- fabric_biome_api_v1 13.0.13+dc36698e77
		|-- fabric_block_api_v1 1.0.11+0e6cb7f777
		|-- fabric_block_view_api_v2 1.0.1+0767707077
		|-- fabric_blockrenderlayer_v1 1.1.41+1d0da21e77
		|-- fabric_client_tags_api_v1 1.1.2+5d6761b877
		|-- fabric_command_api_v1 1.2.34+f71b366f77
		|-- fabric_command_api_v2 2.2.13+561530ec77
		|-- fabric_content_registries_v0 4.0.11+a670df1e77
		|-- fabric_convention_tags_v1 1.5.5+fa3d1c0177
		|-- fabric_data_attachment_api_v1 1.0.0+30ef839e77
		|-- fabric_data_generation_api_v1 12.3.4+369cb3a477
		|-- fabric_dimensions_v1 2.1.54+8005d10d77
		|-- fabric_events_interaction_v0 0.6.2+0d0bd5a777
		|-- fabric_game_rule_api_v1 1.0.40+683d4da877
		|-- fabric_item_api_v1 2.1.28+4d0bbcfa77
		|-- fabric_item_group_api_v1 4.0.12+c9161c2d77
		|-- fabric_key_binding_api_v1 1.0.37+561530ec77
		|-- fabric_lifecycle_events_v1 2.2.22+afab492177
		|-- fabric_loot_api_v2 1.2.1+eb28f93e77
		|-- fabric_message_api_v1 5.1.9+52cc178c77
		|-- fabric_mining_level_api_v1 2.1.50+561530ec77
		|-- fabric_model_loading_api_v1 1.0.3+6274ab9d77
		|-- fabric_models_v0 0.4.2+7c3892a477
		|-- fabric_networking_api_v1 1.3.11+503a202477
		|-- fabric_particles_v1 1.1.2+78e1ecb877
		|-- fabric_recipe_api_v1 1.0.21+514a076577
		|-- fabric_registry_sync_v0 2.3.3+1c0ea72177
		|-- fabric_renderer_api_v1 3.2.1+1d29b44577
		|-- fabric_renderer_indigo 1.5.2+b5b2da4177
		|-- fabric_rendering_data_attachment_v1 0.3.37+a6081afc77
		|-- fabric_rendering_fluids_v1 3.0.28+4ac5e37a77
		|-- fabric_rendering_v1 3.0.8+66e9a48f77
		|-- fabric_resource_conditions_api_v1 2.3.8+9ad825cd77
		|-- fabric_resource_loader_v0 0.11.10+bcd08ed377
		|-- fabric_screen_api_v1 2.0.8+45a670a577
		|-- fabric_screen_handler_api_v1 1.3.30+561530ec77
		|-- fabric_sound_api_v1 1.0.13+4f23bd8477
		|-- fabric_transfer_api_v1 3.3.5+631c9cd677
		\-- fabric_transitive_access_wideners_v1 4.3.1+1880499877
	- fabric_language_kotlin 1.12.3kotlin.2.0.21
	- fabric_permissions_api_v0 0.3.1
	- fallingleaves 2.1.0
	- farmersdelight 1.20.1-1.2.4
	- ferritecore 6.0.1
	- flatbedrock 3.0.1-build.18+mc1.20.1
	- flib 0.0.14
	- flickerfix 4.0.1
	- fluxnetworks 7.2.1.15
	- forbidden_arcanus 1.20.1-2.2.6
	- forge 47.2.0
	- fpsreducer 1.20-2.5
	- fractal 1.2.0
	- framework 0.7.11
	- friendsandfoes 3.0.5
	- ftbessentials 2001.2.2
	- ftblibrary 2001.2.4
	- fuelgoeshere 1.20.0-1.0.1
	- functionalstorage 1.20.1-1.2.12
	- fusion 1.1.1
	- fzzy_config 0.5.41.20.1
	- fzzy_core 0.5.11.20.1
	- gateways 4.2.6
	- geckolib 4.4.9
	- glodium 1.20-1.5-forge
	- gobber2 2.8.9
	- goety 2.5.25.0
	- graveyard 3.1
	- gravitationalmodulatingunittweaks 3.2
	- gunpowderlib 1.20.2-2.2.2
	- hammerlib 20.1.33
	- hostilenetworks 5.3.1
	- hyperbox 4.0.2.0
		\-- infiniverse 1.0.0.5
	- iceberg 1.1.21
	- immediatelyfast 1.3.2+1.20.4
	- industrialforegoing 3.5.19
	- irons_spellbooks 1.20.1-3.4.0.2
	- itemcollectors 1.1.10
	- jade 11.10.1+forge
	- jadeaddons 5.3.0+forge
	- jaopca 4.4.12.22
	- jeed 1.20-2.2.2
	- jei 15.20.0.104
	- jeiintegration 10.0.0
	- jeresources 1.4.0.247
	- journeymap 5.10.3
	- jrftl 1.6.0
	- justenoughbreeding 1.4.0
	- kotlinforforge 4.11.0
	- laserio 1.6.8
	- lavender 0.1.91.20
	- lavender_md 0.1.11.20
	- lavender_md_owo_ui 0.1.11.20
	- lemonlib 4.0.1
	- letmedespawn 1.4.4
	- libx 1.20.1-5.0.14
	- lionfishapi 1.9
	- lodestone 1.20.1-1.6.4
	- lootr 0.7.34.87
	- mahoutsukai 1.20.1-v1.34.74
	- majruszlibrary 7.0.8
	- majruszsdifficulty 1.9.10
	- majruszsenchantments 1.10.8
	- malum 1.20.1-1.6.5
	- matchbooks 0.1.0
	- maxhealthfix 12.0.3
	- mcjtylib 1.20-8.0.6
	- mcwdoors 1.1.1
	- mcwpaths 1.0.5
	- mcwroofs 2.3.1
	- mcwwindows 2.3.0
	- megacells 2.4.4-1.20.1
	- mekanism 10.4.9
	- mekanismadditions 10.4.9
	- mekanismgenerators 10.4.9
	- mekanismtools 10.4.9
	- mffs 5.1.9
	- minecraft 1.20.1
	- miniutilities 4.0.0
	- mna 3.1.0.1
	- mob_grinding_utils 1.20.1-1.1.0
	- moderately_enough_effect_desc 3.3.0
	- modernfix 5.19.4+mc1.20.1
	- modonomicon 1.77.3
	- moredragoneggs 4.0
	- morphtool 1.7-38
	- mousetweaks 2.25.1
	- mutil 6.1.1
	- mythicbotany 1.20.1-4.0.3
	- naturescompass 1.20.1-1.11.2-forge
	- nebs 1.8.0
	- nerb 0.4.1
	- net_peanuuutz_tomlkt_tomlkt_jvm 0.3.7
	- netherportalfix 13.0.1
	- noisium 2.3.0+mc1.20-1.20.1
	- notenoughcrashes 4.4.7+1.20.1
	- obscure_api 15
	- observable 4.4.2
	- occultism 1.140.1
	- octolib 0.4.2
	- oculus 1.7.0
	- oooh_pinky 1.20.1-2.0
	- org_jetbrains_kotlin_kotlin_reflect 2.0.21
	- org_jetbrains_kotlin_kotlin_stdlib 2.0.21
	- org_jetbrains_kotlin_kotlin_stdlib_jdk7 2.0.21
	- org_jetbrains_kotlin_kotlin_stdlib_jdk8 2.0.21
	- org_jetbrains_kotlinx_atomicfu_jvm 0.25.0
	- org_jetbrains_kotlinx_kotlinx_coroutines_core_jvm 1.9.0
	- org_jetbrains_kotlinx_kotlinx_coroutines_jdk8 1.9.0
	- org_jetbrains_kotlinx_kotlinx_datetime_jvm 0.6.1
	- org_jetbrains_kotlinx_kotlinx_io_bytestring_jvm 0.5.4
	- org_jetbrains_kotlinx_kotlinx_io_core_jvm 0.5.4
	- org_jetbrains_kotlinx_kotlinx_serialization_cbor_jvm 1.7.3
	- org_jetbrains_kotlinx_kotlinx_serialization_core_jvm 1.7.3
	- org_jetbrains_kotlinx_kotlinx_serialization_json_jvm 1.7.3
	- org_jgrapht_jgrapht_core 1.5.1
	- org_jheaps_jheaps 0.13
	- overloadedarmorbar 1.20.1-1
	- owo 0.11.21.20
	- patchouli 1.20.1-84-FORGE
	- pehkui 3.8.2+1.20.1-forge
	- pigpen 15.0.2
	- pipez 1.20.1-1.2.16
	- placebo 8.6.2
	- playeranimator 1.0.2-rc1+1.20
	- pneumaticcraft 6.0.17+mc1.20.1
	- polyeng 0.1.1-1.20.1
	- polymorph 0.49.5+1.20.1
		\-- spectrelib 0.13.15+1.20.1
	- potionsmaster 0.6.0
	- powah 5.0.7
	- prism 1.0.5
	- projectile_damage 3.2.2+1.20.1
	- puzzleslib 8.1.24
		\-- puzzlesaccessapi 8.0.7
	- pylons 4.2.1
	- quarryplus 1201.1.90
	- radium 0.12.4+git.26c9d8e
	- rangedpumps 1.1.0
	- reborncore 5.8.7
	- rechiseled 1.1.6
	- rechiseled_chipped 1.1
	- redstone_arsenal 8.0.1
	- regions_unexplored 0.5.6
	- reliquary 2.0.44.1243
	- resourcefulconfig 2.1.2
	- resourcefullib 2.1.29
	- revelationary 1.3.81.20.1
	- reverb 1.0.0
	- rftoolsbase 1.20-5.0.5
	- rftoolsbuilder 1.20-6.0.8
	- rftoolsdim 1.20-11.0.9
	- rftoolspower 1.20-6.0.2
	- rftoolsutility 1.20-6.0.6
	- rhino 2001.2.3-build.6
	- runelic 18.0.2
	- searchables 1.0.3
	- shadowizardlib 1.20.1-1.2.2
	- shetiphiancore 1.20.1-1.3
	- shiftedlib 1.3.3
	- skillcloaks 1.20.1-1.2.4.1
	- smartbrainlib 1.15
	- solarflux 20.1.6
	- sophisticatedbackpacks 3.20.11.1115
	- sophisticatedcore 0.6.34.718
	- sophisticatedstorage 0.10.45.912
	- soul_fire_d 4.0.6
	- soulsweapons 1.1.4.4d-1.20.1-forge}
	- spartanshields 3.1.1
	- special_drops 1.0.0
	- spectrum 1.8.0
	- stalwart_dungeons 1.2.8
	- starterkit 7.1
	- step_height_entity_attribute 1.2.0
	- supermartijn642configlib 1.1.8
	- supermartijn642corelib 1.1.17+a
	- takesapillage 1.0.3
	- tanknull 0
	- tarotcards 1.20-1.6.4
	- tclayer 3.8.1beta.14
	- team_reborn_energy 3.0.0
	- techreborn 5.8.7
	- terrablender 3.0.1.7
	- terralith 2.5.4
	- terramity 0.9.6.1
	- tesseract 1.0.35a
	- tetra 6.4.0
	- tetracelium 1.3.0
	- tetraextras 0.1.4-1.20.1
	- tetranomicon 1.5.3-1.20.1
	- thermal_cultivation 11.0.1
	- thermal_dynamics 11.0.1
	- thermal_expansion 11.0.1
	- thermal_foundation 11.0.6
		\-- thermal 11.0.6
	- thermal_innovation 11.0.1
	- thermal_integration 11.0.1
	- thermalendergy 1.20.1-1.0.0
	- theurgy 1.21.2
	- things 0.3.31.20
	- tiab 4.0.4-mc1.20.1
	- titanium 3.8.32
	- toadlib 1.1.5
	- tomeofblood 0.4.4
	- toolstats 16.0.9
	- tooltipfix 1.1.1-1.20
	- toomanyglyphs 2.3.2.12345
	- torchmaster 20.1.9
	- tramplestopper 5.0.0+mc1.20.1
	- transmog 1.3.0+1.20
	- travellersbootsreloaded 2.1.1-forge
	- trenzalore 3.3.10
	- triqueapi 1
	- tslatentitystatus 1.5.1
	- valhelsia_core 1.1.2
	- victus 0.1.15-11.20
	- voidscape 1.20.1-1.5.389
	- wardentools 2.5.0mc1.20.1
	- waystones 14.1.5
	- wirelesschargers 1.0.9a
	- witheringboon 1.8.3
	- witherproofed 2.9.3
	- wrd 2.0.0
	- wstweaks 9.1.0
	- wunderlib 1.1.5
	- xpbook 2.2.1
	- yeetusexperimentus 2.3.1-build.6+mc1.20.1
	- yungsapi 1.20-Forge-4.0.6
	- yungscavebiomes 1.20.1-Forge-2.0.1
	- zeta 1.0-24
[18Nov2024 19:13:33.880] [main/WARN] [mixin/]: Reference map 'Aquamirae.refmap.json' for aquamirae.mixins.json could not be read. If this is a development environment you can ignore this message
[18Nov2024 19:13:33.907] [main/WARN] [mixin/]: Reference map 'cookingforblockheads.refmap.json' for cookingforblockheads.mixins.json could not be read. If this is a development environment you can ignore this message
[18Nov2024 19:13:33.926] [main/INFO] [fpsreducer/]: OptiFine was NOT detected.
[18Nov2024 19:13:33.929] [main/INFO] [fpsreducer/]: OptiFabric was NOT detected.
[18Nov2024 19:13:33.959] [main/WARN] [mixin/]: Reference map 'colorfulhearts-common-api-api_common-refmap.json' for colorfulhearts-common.mixins.json could not be read. If this is a development environment you can ignore this message
[18Nov2024 19:13:33.972] [main/WARN] [mixin/]: Reference map 'matchbooks-refmap.json' for matchbooks.mixins.json could not be read. If this is a development environment you can ignore this message
[18Nov2024 19:13:34.063] [main/WARN] [mixin/]: Reference map 'bloodmagic.refmap.json' for bloodmagic.mixins.json could not be read. If this is a development environment you can ignore this message
[18Nov2024 19:13:34.079] [main/WARN] [mixin/]: Reference map 'mixins.create_sa.refmap.json' for mixins.create_sa.json could not be read. If this is a development environment you can ignore this message
[18Nov2024 19:13:34.084] [main/WARN] [mixin/]: Reference map 'modonomicon.refmap.json' for modonomicon.mixins.json could not be read. If this is a development environment you can ignore this message
[18Nov2024 19:13:34.087] [main/WARN] [mixin/]: Reference map 'modonomicon.refmap.json' for modonomicon.forge.mixins.json could not be read. If this is a development environment you can ignore this message
[18Nov2024 19:13:34.108] [main/WARN] [mixin/]: Reference map '' for adapter.init.mixins.json could not be read. If this is a development environment you can ignore this message
[18Nov2024 19:13:34.285] [main/INFO] [net.minecraftforge.coremod.CoreMod.placebo/COREMODLOG]: Patching IForgeItemStack#getEnchantmentLevel
[18Nov2024 19:13:34.288] [main/INFO] [net.minecraftforge.coremod.CoreMod.placebo/COREMODLOG]: Patching IForgeItemStack#getEnchantmentLevel
[18Nov2024 19:13:34.318] [main/WARN] [mixin/]: Error loading class: dev/latvian/mods/kubejs/recipe/RecipesEventJS (java.lang.ClassNotFoundException: dev.latvian.mods.kubejs.recipe.RecipesEventJS)
[18Nov2024 19:13:34.319] [main/WARN] [mixin/]: @Mixin target dev.latvian.mods.kubejs.recipe.RecipesEventJS was not found mixins.hammerlib.json:bs.kubejs.RecipeEventJSMixin from mod hammerlib
[18Nov2024 19:13:34.370] [main/INFO] [net.minecraftforge.coremod.CoreMod.voidscape/COREMODLOG]: org.objectweb.asm.tree.MethodInsnNode@75fb04ee
[18Nov2024 19:13:34.449] [main/ERROR] [net.minecraftforge.coremod.transformer.CoreModBaseTransformer/COREMOD]: Error occurred applying transform of coremod coremods/field_to_method.js function biome
java.lang.IllegalStateException: Field f_47437_ is not private and an instance field
	at net.minecraftforge.coremod.api.ASMAPI.redirectFieldToMethod(ASMAPI.java:260) ~[coremods-5.0.1.jar:?]
	at org.openjdk.nashorn.internal.scripts.Script$Recompilation$130$292A$\^eval\_.initializeCoreMod#transformer(<eval>:11) ~[?:?]
	at org.openjdk.nashorn.internal.runtime.ScriptFunctionData.invoke(ScriptFunctionData.java:648) ~[nashorn-core-15.3.jar:?]
	at org.openjdk.nashorn.internal.runtime.ScriptFunction.invoke(ScriptFunction.java:513) ~[nashorn-core-15.3.jar:?]
	at org.openjdk.nashorn.internal.runtime.ScriptRuntime.apply(ScriptRuntime.java:520) ~[nashorn-core-15.3.jar:?]
	at org.openjdk.nashorn.api.scripting.ScriptObjectMirror.call(ScriptObjectMirror.java:111) ~[nashorn-core-15.3.jar:?]
	at net.minecraftforge.coremod.NashornFactory.lambda$getFunction$0(NashornFactory.java:18) ~[coremods-5.0.1.jar:5.0.1+15+master.dc5a2922]
	at net.minecraftforge.coremod.transformer.CoreModClassTransformer.runCoremod(CoreModClassTransformer.java:18) ~[coremods-5.0.1.jar:?]
	at net.minecraftforge.coremod.transformer.CoreModClassTransformer.runCoremod(CoreModClassTransformer.java:10) ~[coremods-5.0.1.jar:?]
	at net.minecraftforge.coremod.transformer.CoreModBaseTransformer.transform(CoreModBaseTransformer.java:38) ~[coremods-5.0.1.jar:?]
	at cpw.mods.modlauncher.TransformerHolder.transform(TransformerHolder.java:41) ~[modlauncher-10.0.9.jar:?]
	at cpw.mods.modlauncher.ClassTransformer.performVote(ClassTransformer.java:179) ~[modlauncher-10.0.9.jar:?]
	at cpw.mods.modlauncher.ClassTransformer.transform(ClassTransformer.java:117) ~[modlauncher-10.0.9.jar:?]
	at cpw.mods.modlauncher.TransformingClassLoader.maybeTransformClassBytes(TransformingClassLoader.java:50) ~[modlauncher-10.0.9.jar:?]
	at cpw.mods.cl.ModuleClassLoader.getMaybeTransformedClassBytes(ModuleClassLoader.java:250) ~[securejarhandler-2.1.10.jar:?]
	at cpw.mods.modlauncher.TransformingClassLoader.buildTransformedClassNodeFor(TransformingClassLoader.java:58) ~[modlauncher-10.0.9.jar:?]
	at cpw.mods.modlauncher.LaunchPluginHandler.lambda$announceLaunch$10(LaunchPluginHandler.java:100) ~[modlauncher-10.0.9.jar:?]
	at org.spongepowered.asm.launch.MixinLaunchPluginLegacy.getClassNode(MixinLaunchPluginLegacy.java:222) ~[mixin-0.8.5.jar:0.8.5+Jenkins-b310.git-155314e6e91465dad727e621a569906a410cd6f4]
	at org.spongepowered.asm.launch.MixinLaunchPluginLegacy.getClassNode(MixinLaunchPluginLegacy.java:207) ~[mixin-0.8.5.jar:0.8.5+Jenkins-b310.git-155314e6e91465dad727e621a569906a410cd6f4]
	at org.spongepowered.asm.mixin.transformer.ClassInfo.forName(ClassInfo.java:2056) ~[mixin-0.8.5.jar:0.8.5+Jenkins-b310.git-155314e6e91465dad727e621a569906a410cd6f4]
	at org.spongepowered.asm.mixin.transformer.MixinInfo.getTargetClass(MixinInfo.java:1018) ~[mixin-0.8.5.jar:0.8.5+Jenkins-b310.git-155314e6e91465dad727e621a569906a410cd6f4]
	at org.spongepowered.asm.mixin.transformer.MixinInfo.readTargetClasses(MixinInfo.java:1008) ~[mixin-0.8.5.jar:0.8.5+Jenkins-b310.git-155314e6e91465dad727e621a569906a410cd6f4]
	at org.spongepowered.asm.mixin.transformer.MixinInfo.parseTargets(MixinInfo.java:896) ~[mixin-0.8.5.jar:0.8.5+Jenkins-b310.git-155314e6e91465dad727e621a569906a410cd6f4]
	at org.spongepowered.asm.mixin.transformer.MixinConfig.prepareMixins(MixinConfig.java:869) ~[mixin-0.8.5.jar:0.8.5+Jenkins-b310.git-155314e6e91465dad727e621a569906a410cd6f4]
	at org.spongepowered.asm.mixin.transformer.MixinConfig.prepare(MixinConfig.java:777) ~[mixin-0.8.5.jar:0.8.5+Jenkins-b310.git-155314e6e91465dad727e621a569906a410cd6f4]
	at org.spongepowered.asm.mixin.transformer.MixinProcessor.prepareConfigs(MixinProcessor.java:540) ~[mixin-0.8.5.jar:0.8.5+Jenkins-b310.git-155314e6e91465dad727e621a569906a410cd6f4]
	at org.spongepowered.asm.mixin.transformer.MixinProcessor.select(MixinProcessor.java:462) ~[mixin-0.8.5.jar:0.8.5+Jenkins-b310.git-155314e6e91465dad727e621a569906a410cd6f4]
	at org.spongepowered.asm.mixin.transformer.MixinProcessor.checkSelect(MixinProcessor.java:438) ~[mixin-0.8.5.jar:0.8.5+Jenkins-b310.git-155314e6e91465dad727e621a569906a410cd6f4]
	at org.spongepowered.asm.mixin.transformer.MixinProcessor.applyMixins(MixinProcessor.java:290) ~[mixin-0.8.5.jar:0.8.5+Jenkins-b310.git-155314e6e91465dad727e621a569906a410cd6f4]
	at org.spongepowered.asm.mixin.transformer.MixinTransformer.transformClass(MixinTransformer.java:250) ~[mixin-0.8.5.jar:0.8.5+Jenkins-b310.git-155314e6e91465dad727e621a569906a410cd6f4]
	at org.spongepowered.asm.service.modlauncher.MixinTransformationHandler.processClass(MixinTransformationHandler.java:131) ~[mixin-0.8.5.jar:0.8.5+Jenkins-b310.git-155314e6e91465dad727e621a569906a410cd6f4]
	at org.spongepowered.asm.launch.MixinLaunchPluginLegacy.processClass(MixinLaunchPluginLegacy.java:131) ~[mixin-0.8.5.jar:0.8.5+Jenkins-b310.git-155314e6e91465dad727e621a569906a410cd6f4]
	at cpw.mods.modlauncher.serviceapi.ILaunchPluginService.processClassWithFlags(ILaunchPluginService.java:156) ~[modlauncher-10.0.9.jar:10.0.9+10.0.9+main.dcd20f30]
	at cpw.mods.modlauncher.LaunchPluginHandler.offerClassNodeToPlugins(LaunchPluginHandler.java:88) ~[modlauncher-10.0.9.jar:?]
	at cpw.mods.modlauncher.ClassTransformer.transform(ClassTransformer.java:120) ~[modlauncher-10.0.9.jar:?]
	at cpw.mods.modlauncher.TransformingClassLoader.maybeTransformClassBytes(TransformingClassLoader.java:50) ~[modlauncher-10.0.9.jar:?]
	at cpw.mods.cl.ModuleClassLoader.readerToClass(ModuleClassLoader.java:113) ~[securejarhandler-2.1.10.jar:?]
	at cpw.mods.cl.ModuleClassLoader.lambda$findClass$15(ModuleClassLoader.java:219) ~[securejarhandler-2.1.10.jar:?]
	at cpw.mods.cl.ModuleClassLoader.loadFromModule(ModuleClassLoader.java:229) ~[securejarhandler-2.1.10.jar:?]
	at cpw.mods.cl.ModuleClassLoader.findClass(ModuleClassLoader.java:219) ~[securejarhandler-2.1.10.jar:?]
	at cpw.mods.cl.ModuleClassLoader.loadClass(ModuleClassLoader.java:135) ~[securejarhandler-2.1.10.jar:?]
	at java.lang.ClassLoader.loadClass(ClassLoader.java:525) ~[?:?]
	at java.lang.Class.forName0(Native Method) ~[?:?]
	at java.lang.Class.forName(Class.java:467) ~[?:?]
	at org.sinytra.connector.service.ConnectorLoaderService$1.lambda$updateModuleReads$0(ConnectorLoaderService.java:65) ~[Connector-1.0.0-beta.46+1.20.1.jar%23473!/:1.0.0-beta.46+1.20.1]
	at cpw.mods.modlauncher.api.LamdbaExceptionUtils.uncheck(LamdbaExceptionUtils.java:95) ~[modlauncher-10.0.9.jar%23140!/:10.0.9+10.0.9+main.dcd20f30]
	at org.sinytra.connector.service.ConnectorLoaderService$1.updateModuleReads(ConnectorLoaderService.java:65) ~[Connector-1.0.0-beta.46+1.20.1.jar%23473!/:1.0.0-beta.46+1.20.1]
	at net.minecraftforge.fml.loading.ImmediateWindowHandler.acceptGameLayer(ImmediateWindowHandler.java:71) ~[fmlloader-1.20.1-47.2.0.jar:1.0]
	at net.minecraftforge.fml.loading.FMLLoader.beforeStart(FMLLoader.java:207) ~[fmlloader-1.20.1-47.2.0.jar:1.0]
	at net.minecraftforge.fml.loading.targets.CommonLaunchHandler.launchService(CommonLaunchHandler.java:92) ~[fmlloader-1.20.1-47.2.0.jar:?]
	at cpw.mods.modlauncher.LaunchServiceHandlerDecorator.launch(LaunchServiceHandlerDecorator.java:30) ~[modlauncher-10.0.9.jar:?]
	at cpw.mods.modlauncher.LaunchServiceHandler.launch(LaunchServiceHandler.java:53) ~[modlauncher-10.0.9.jar:?]
	at cpw.mods.modlauncher.LaunchServiceHandler.launch(LaunchServiceHandler.java:71) ~[modlauncher-10.0.9.jar:?]
	at cpw.mods.modlauncher.Launcher.run(Launcher.java:108) ~[modlauncher-10.0.9.jar:?]
	at cpw.mods.modlauncher.Launcher.main(Launcher.java:78) ~[modlauncher-10.0.9.jar:?]
	at cpw.mods.modlauncher.BootstrapLaunchConsumer.accept(BootstrapLaunchConsumer.java:26) ~[modlauncher-10.0.9.jar:?]
	at cpw.mods.modlauncher.BootstrapLaunchConsumer.accept(BootstrapLaunchConsumer.java:23) ~[modlauncher-10.0.9.jar:?]
	at cpw.mods.bootstraplauncher.BootstrapLauncher.main(BootstrapLauncher.java:141) ~[bootstraplauncher-1.1.2.jar:?]
	at jdk.internal.reflect.NativeMethodAccessorImpl.invoke0(Native Method) ~[?:?]
	at jdk.internal.reflect.NativeMethodAccessorImpl.invoke(NativeMethodAccessorImpl.java:77) ~[?:?]
	at jdk.internal.reflect.DelegatingMethodAccessorImpl.invoke(DelegatingMethodAccessorImpl.java:43) ~[?:?]
	at java.lang.reflect.Method.invoke(Method.java:568) ~[?:?]
	at io.github.zekerzhayard.forgewrapper.installer.Main.main(Main.java:67) ~[?:?]
	at org.prismlauncher.launcher.impl.StandardLauncher.launch(StandardLauncher.java:105) ~[?:?]
	at org.prismlauncher.EntryPoint.listen(EntryPoint.java:129) ~[?:?]
	at org.prismlauncher.EntryPoint.main(EntryPoint.java:70) ~[?:?]
[18Nov2024 19:13:34.657] [main/INFO] [net.minecraftforge.coremod.CoreMod.apotheosis/COREMODLOG]: Replaced 2 calls to Enchantment#getMaxLevel() in net/minecraft/world/inventory/AnvilMenu
[18Nov2024 19:13:34.690] [main/WARN] [mixin/]: Error loading class: org/violetmoon/quark/content/tweaks/module/GoldToolsHaveFortuneModule (java.lang.ClassNotFoundException: org.violetmoon.quark.content.tweaks.module.GoldToolsHaveFortuneModule)
[18Nov2024 19:13:34.691] [main/INFO] [net.minecraftforge.coremod.CoreMod.placebo/COREMODLOG]: Patching IForgeItemStack#getEnchantmentLevel
[18Nov2024 19:13:34.691] [main/INFO] [net.minecraftforge.coremod.CoreMod.placebo/COREMODLOG]: Patching IForgeItemStack#getEnchantmentLevel
[18Nov2024 19:13:34.723] [main/WARN] [mixin/]: Error loading class: org/violetmoon/quark/content/client/tooltip/AttributeTooltips (java.lang.ClassNotFoundException: org.violetmoon.quark.content.client.tooltip.AttributeTooltips)
[18Nov2024 19:13:35.003] [main/WARN] [Radium Config/]: Force-disabling mixin 'alloc.blockstate.StateMixin' as option 'mixin.alloc.blockstate' (added by mods [ferritecore]) disables it and children
[18Nov2024 19:13:35.281] [main/INFO] [net.minecraftforge.coremod.CoreMod.apotheosis/COREMODLOG]: Replaced 2 calls to Enchantment#getMaxLevel() in net/minecraft/world/item/CreativeModeTabs
[18Nov2024 19:13:35.296] [main/WARN] [mixin/]: Error loading class: mcjty/theoneprobe/apiimpl/providers/DefaultProbeInfoProvider (java.lang.ClassNotFoundException: mcjty.theoneprobe.apiimpl.providers.DefaultProbeInfoProvider)
[18Nov2024 19:13:35.297] [main/WARN] [mixin/]: @Mixin target mcjty.theoneprobe.apiimpl.providers.DefaultProbeInfoProvider was not found mixins.endertanks.json:ET_HideFluidBars$_TheOneProbe from mod endertanks
[18Nov2024 19:13:35.387] [main/WARN] [mixin/]: Error loading class: org/cyclops/integrateddynamics/block/BlockCable (java.lang.ClassNotFoundException: org.cyclops.integrateddynamics.block.BlockCable)
[18Nov2024 19:13:35.387] [main/WARN] [mixin/]: @Mixin target org.cyclops.integrateddynamics.block.BlockCable was not found mixins.epp.json:MixinBlockCable from mod expatternprovider
[18Nov2024 19:13:35.410] [main/WARN] [mixin/]: Error loading class: blusunrize/immersiveengineering/api/wires/GlobalWireNetwork (java.lang.ClassNotFoundException: blusunrize.immersiveengineering.api.wires.GlobalWireNetwork)
[18Nov2024 19:13:35.410] [main/WARN] [mixin/]: @Mixin target blusunrize.immersiveengineering.api.wires.GlobalWireNetwork was not found mixins.epp.json:MixinGlobalWireNetwork from mod expatternprovider
[18Nov2024 19:13:35.559] [main/INFO] [net.minecraftforge.coremod.CoreMod.apotheosis/COREMODLOG]: Replaced 1 calls to Enchantment#getMaxLevel() in net/minecraft/world/level/storage/loot/functions/EnchantRandomlyFunction
[18Nov2024 19:13:35.559] [main/INFO] [net.minecraftforge.coremod.CoreMod.apotheosis/COREMODLOG]: Replaced 1 calls to Enchantment#isDiscoverable() in net/minecraft/world/level/storage/loot/functions/EnchantRandomlyFunction
[18Nov2024 19:13:35.608] [main/WARN] [mixin/]: Error loading class: com/aetherteam/aether/inventory/menu/AccessoriesMenu (java.lang.ClassNotFoundException: com.aetherteam.aether.inventory.menu.AccessoriesMenu)
[18Nov2024 19:13:35.626] [main/INFO] [net.minecraftforge.coremod.CoreMod.apotheosis/COREMODLOG]: Patching FishingHook#catchingFish
[18Nov2024 19:13:35.658] [main/WARN] [mixin/]: Error loading class: com/teammetallurgy/aquaculture/entity/AquaFishingBobberEntity (java.lang.ClassNotFoundException: com.teammetallurgy.aquaculture.entity.AquaFishingBobberEntity)
[18Nov2024 19:13:35.794] [main/INFO] [net.minecraftforge.coremod.CoreMod.attributeslib/COREMODLOG]: Patching EffectRenderingInventoryScreen#renderEffects
[18Nov2024 19:13:35.795] [main/INFO] [fpsreducer/]: bre2el.fpsreducer.mixin.RenderSystemMixin will be applied.
[18Nov2024 19:13:35.796] [main/INFO] [fpsreducer/]: bre2el.fpsreducer.mixin.WindowMixin will NOT be applied because OptiFine was NOT detected.
[18Nov2024 19:13:35.827] [main/INFO] [Colorful Hearts/]: Applying mixin HUDOverlayHandlerAccessor as mod appleskin is present.
[18Nov2024 19:13:35.828] [main/INFO] [Colorful Hearts/]: Applying mixin ComfortHealthOverlayMixin as mod farmersdelight is present.
[18Nov2024 19:13:35.888] [main/WARN] [mixin/]: Error loading class: fr/catcore/server/translations/api/resource/language/SystemDelegatedLanguage (java.lang.ClassNotFoundException: fr.catcore.server.translations.api.resource.language.SystemDelegatedLanguage)
[18Nov2024 19:13:35.985] [main/WARN] [Embeddium/]: Force-disabling mixin 'features.render.world.sky.WorldRendererMixin' as rule 'mixin.features.render.world.sky' (added by mods [oculus]) disables it and children
[18Nov2024 19:13:35.985] [main/WARN] [Embeddium/]: Force-disabling mixin 'features.render.world.sky.ClientWorldMixin' as rule 'mixin.features.render.world.sky' (added by mods [oculus]) disables it and children
[18Nov2024 19:13:35.985] [main/WARN] [Embeddium/]: Force-disabling mixin 'features.render.world.sky.BackgroundRendererMixin' as rule 'mixin.features.render.world.sky' (added by mods [oculus]) disables it and children
[18Nov2024 19:13:35.986] [main/WARN] [Embeddium/]: Force-disabling mixin 'features.render.gui.font.GlyphRendererMixin' as rule 'mixin.features.render.gui.font' (added by mods [oculus]) disables it and children
[18Nov2024 19:13:35.986] [main/WARN] [Embeddium/]: Force-disabling mixin 'features.render.gui.font.FontSetMixin' as rule 'mixin.features.render.gui.font' (added by mods [oculus]) disables it and children
[18Nov2024 19:13:35.986] [main/WARN] [Embeddium/]: Force-disabling mixin 'features.render.entity.shadows.EntityRenderDispatcherMixin' as rule 'mixin.features.render.entity' (added by mods [oculus]) disables it and children
[18Nov2024 19:13:35.987] [main/WARN] [Embeddium/]: Force-disabling mixin 'features.render.entity.remove_streams.ModelPartMixin' as rule 'mixin.features.render.entity' (added by mods [oculus]) disables it and children
[18Nov2024 19:13:35.987] [main/WARN] [Embeddium/]: Force-disabling mixin 'features.render.entity.remove_streams.HierarchicalModelMixin' as rule 'mixin.features.render.entity' (added by mods [oculus]) disables it and children
[18Nov2024 19:13:35.987] [main/WARN] [Embeddium/]: Force-disabling mixin 'features.render.entity.fast_render.ModelPartMixin' as rule 'mixin.features.render.entity' (added by mods [oculus]) disables it and children
[18Nov2024 19:13:35.987] [main/WARN] [Embeddium/]: Force-disabling mixin 'features.render.entity.fast_render.CuboidMixin' as rule 'mixin.features.render.entity' (added by mods [oculus]) disables it and children
[18Nov2024 19:13:35.987] [main/WARN] [Embeddium/]: Force-disabling mixin 'features.render.entity.cull.EntityRendererMixin' as rule 'mixin.features.render.entity' (added by mods [oculus]) disables it and children
[18Nov2024 19:13:36.229] [main/WARN] [mixin/]: Error loading class: org/jetbrains/annotations/ApiStatus$Internal (java.lang.ClassNotFoundException: org.jetbrains.annotations.ApiStatus$Internal)
[18Nov2024 19:13:36.434] [main/INFO] [MixinExtras|Service/]: Initializing MixinExtras via com.llamalad7.mixinextras.service.MixinExtrasServiceImpl(version=0.4.1).
[18Nov2024 19:13:36.998] [main/INFO] [mixin/]: BeforeConstant is searching for constants in method with descriptor (Lnet/minecraft/network/chat/Component;Z)V
[18Nov2024 19:13:36.998] [main/INFO] [mixin/]:   BeforeConstant found INTEGER constant: value = 0, intValue = null
[18Nov2024 19:13:36.998] [main/INFO] [mixin/]:     BeforeConstant found a matching constant TYPE at ordinal 0
[18Nov2024 19:13:36.998] [main/INFO] [mixin/]:       BeforeConstant found Insn [ICONST_0] 
[18Nov2024 19:13:36.998] [main/INFO] [mixin/]:   BeforeConstant found INTEGER constant: value = 60, intValue = null
[18Nov2024 19:13:36.998] [main/INFO] [mixin/]:     BeforeConstant found a matching constant TYPE at ordinal 1
[18Nov2024 19:13:36.998] [main/INFO] [mixin/]:       BeforeConstant found IntInsn 60
[18Nov2024 19:13:37.520] [main/INFO] [net.minecraftforge.coremod.CoreMod.attributeslib/COREMODLOG]: Patching EffectRenderingInventoryScreen#renderEffects
[18Nov2024 19:13:37.525] [main/WARN] [mixin/]: @Inject(@At("INVOKE_ASSIGN")) Shift.BY=3 on jeed-common.mixins.json:EffectsRenderingInventoryScreenMixin from mod jeed::handler$gaj000$jeed$captureEffect exceeds the maximum allowed value: 0. Increase the value of maxShiftBy to suppress this warning.
[18Nov2024 19:13:37.721] [pool-4-thread-1/INFO] [net.minecraft.server.Bootstrap/]: ModernFix reached bootstrap stage (17.11 s after launch)
[18Nov2024 19:13:37.780] [pool-4-thread-1/WARN] [mixin/]: @Final field delegatesByName:Ljava/util/Map; in modernfix-forge.mixins.json:perf.forge_registry_alloc.ForgeRegistryMixin from mod modernfix should be final
[18Nov2024 19:13:37.781] [pool-4-thread-1/WARN] [mixin/]: @Final field delegatesByValue:Ljava/util/Map; in modernfix-forge.mixins.json:perf.forge_registry_alloc.ForgeRegistryMixin from mod modernfix should be final
[18Nov2024 19:13:37.837] [pool-4-thread-1/INFO] [ModernFix/]: Injecting BlockStateBase cache population hook into getNeighborPathNodeType from me.jellysquid.mods.lithium.mixin.ai.pathing.AbstractBlockStateMixin
[18Nov2024 19:13:37.837] [pool-4-thread-1/INFO] [ModernFix/]: Injecting BlockStateBase cache population hook into getPathNodeType from me.jellysquid.mods.lithium.mixin.ai.pathing.AbstractBlockStateMixin
[18Nov2024 19:13:37.837] [pool-4-thread-1/INFO] [ModernFix/]: Injecting BlockStateBase cache population hook into getAllFlags from me.jellysquid.mods.lithium.mixin.util.block_tracking.AbstractBlockStateMixin
[18Nov2024 19:13:38.018] [pool-4-thread-1/INFO] [net.minecraftforge.coremod.CoreMod.apotheosis/COREMODLOG]: Replaced 2 calls to Enchantment#getMaxLevel() in net/minecraft/world/item/CreativeModeTabs
[18Nov2024 19:13:38.311] [pool-4-thread-1/WARN] [mixin/]: Method overwrite conflict for getMobSpawnType in majruszlibrary-common.mixins.json:MixinMob from mod majruszlibrary, previously written by com.izofar.takesapillage.mixin.MobRememberSpawnReasonMixin. Skipping method.
[18Nov2024 19:13:38.369] [pool-4-thread-1/INFO] [net.minecraftforge.coremod.CoreMod.placebo/COREMODLOG]: Patching IForgeItemStack#getEnchantmentLevel
[18Nov2024 19:13:38.369] [pool-4-thread-1/INFO] [net.minecraftforge.coremod.CoreMod.placebo/COREMODLOG]: Patching IForgeItemStack#getEnchantmentLevel
[18Nov2024 19:13:38.398] [pool-4-thread-1/INFO] [net.minecraft.server.Bootstrap/]: Vanilla bootstrap took 676 milliseconds
[18Nov2024 19:13:38.858] [pool-4-thread-1/INFO] [net.minecraftforge.coremod.CoreMod.apotheosis/COREMODLOG]: Replaced 2 calls to Enchantment#getMaxLevel() in net/minecraft/world/inventory/AnvilMenu
[18Nov2024 19:13:39.611] [pool-4-thread-1/INFO] [net.minecraftforge.coremod.CoreMod.apotheosis/COREMODLOG]: Patching FishingHook#catchingFish
[18Nov2024 19:13:39.657] [pool-4-thread-1/INFO] [mixin/]: ars_elemental.mixins.json:PotionBrewingMixin from mod ars_elemental->@Invoker[METHOD_PROXY]::callAddMix(Lnet/minecraft/world/item/alchemy/Potion;Lnet/minecraft/world/item/Item;Lnet/minecraft/world/item/alchemy/Potion;)V should be static as its target is
[18Nov2024 19:13:39.664] [pool-4-thread-1/WARN] [mixin/]: @Inject(@At("INVOKE")) Shift.BY=2 on accessories-common.mixins.json:NbtCompoundMixin from mod accessories::handler$bhj000$accessories$adjustCheckForListVariants exceeds the maximum allowed value: 0. Increase the value of maxShiftBy to suppress this warning.
[18Nov2024 19:13:40.013] [pool-4-thread-1/INFO] [net.minecraftforge.coremod.CoreMod.apotheosis/COREMODLOG]: Replaced 1 calls to Enchantment#getMaxLevel() in net/minecraft/world/level/storage/loot/functions/EnchantRandomlyFunction
[18Nov2024 19:13:40.013] [pool-4-thread-1/INFO] [net.minecraftforge.coremod.CoreMod.apotheosis/COREMODLOG]: Replaced 1 calls to Enchantment#isDiscoverable() in net/minecraft/world/level/storage/loot/functions/EnchantRandomlyFunction
[18Nov2024 19:13:40.260] [pool-4-thread-1/ERROR] [net.minecraftforge.coremod.transformer.CoreModBaseTransformer/COREMOD]: Error occurred applying transform of coremod coremods/field_to_method.js function biome
java.lang.IllegalStateException: Field f_47437_ is not private and an instance field
	at net.minecraftforge.coremod.api.ASMAPI.redirectFieldToMethod(ASMAPI.java:260) ~[coremods-5.0.1.jar:?]
	at org.openjdk.nashorn.internal.scripts.Script$Recompilation$130$292A$\^eval\_.initializeCoreMod#transformer(<eval>:11) ~[?:?]
	at org.openjdk.nashorn.internal.runtime.ScriptFunctionData.invoke(ScriptFunctionData.java:648) ~[nashorn-core-15.3.jar:?]
	at org.openjdk.nashorn.internal.runtime.ScriptFunction.invoke(ScriptFunction.java:513) ~[nashorn-core-15.3.jar:?]
	at org.openjdk.nashorn.internal.runtime.ScriptRuntime.apply(ScriptRuntime.java:520) ~[nashorn-core-15.3.jar:?]
	at org.openjdk.nashorn.api.scripting.ScriptObjectMirror.call(ScriptObjectMirror.java:111) ~[nashorn-core-15.3.jar:?]
	at net.minecraftforge.coremod.NashornFactory.lambda$getFunction$0(NashornFactory.java:18) ~[coremods-5.0.1.jar:5.0.1+15+master.dc5a2922]
	at net.minecraftforge.coremod.transformer.CoreModClassTransformer.runCoremod(CoreModClassTransformer.java:18) ~[coremods-5.0.1.jar:?]
	at net.minecraftforge.coremod.transformer.CoreModClassTransformer.runCoremod(CoreModClassTransformer.java:10) ~[coremods-5.0.1.jar:?]
	at net.minecraftforge.coremod.transformer.CoreModBaseTransformer.transform(CoreModBaseTransformer.java:38) ~[coremods-5.0.1.jar:?]
	at cpw.mods.modlauncher.TransformerHolder.transform(TransformerHolder.java:41) ~[modlauncher-10.0.9.jar:?]
	at cpw.mods.modlauncher.ClassTransformer.performVote(ClassTransformer.java:179) ~[modlauncher-10.0.9.jar:?]
	at cpw.mods.modlauncher.ClassTransformer.transform(ClassTransformer.java:117) ~[modlauncher-10.0.9.jar:?]
	at cpw.mods.modlauncher.TransformingClassLoader.maybeTransformClassBytes(TransformingClassLoader.java:50) ~[modlauncher-10.0.9.jar:?]
	at cpw.mods.cl.ModuleClassLoader.readerToClass(ModuleClassLoader.java:113) ~[securejarhandler-2.1.10.jar:?]
	at cpw.mods.cl.ModuleClassLoader.lambda$findClass$15(ModuleClassLoader.java:219) ~[securejarhandler-2.1.10.jar:?]
	at cpw.mods.cl.ModuleClassLoader.loadFromModule(ModuleClassLoader.java:229) ~[securejarhandler-2.1.10.jar:?]
	at cpw.mods.cl.ModuleClassLoader.findClass(ModuleClassLoader.java:219) ~[securejarhandler-2.1.10.jar:?]
	at cpw.mods.cl.ModuleClassLoader.loadClass(ModuleClassLoader.java:135) ~[securejarhandler-2.1.10.jar:?]
	at java.lang.ClassLoader.loadClass(ClassLoader.java:525) ~[?:?]
	at net.minecraft.world.level.biome.FixedBiomeSource.<clinit>(FixedBiomeSource.java:17) ~[client-1.20.1-20230612.114412-srg.jar%23794!/:?]
	at net.minecraft.world.level.biome.BiomeSources.m_220586_(BiomeSources.java:8) ~[client-1.20.1-20230612.114412-srg.jar%23794!/:?]
	at net.minecraft.core.registries.BuiltInRegistries.m_258029_(BuiltInRegistries.java:448) ~[client-1.20.1-20230612.114412-srg.jar%23794!/:?]
	at net.minecraft.core.registries.BuiltInRegistries.m_258037_(BuiltInRegistries.java:462) ~[client-1.20.1-20230612.114412-srg.jar%23794!/:?]
	at java.util.LinkedHashMap.forEach(LinkedHashMap.java:721) ~[?:?]
	at net.minecraft.core.registries.BuiltInRegistries.m_257453_(BuiltInRegistries.java:461) ~[client-1.20.1-20230612.114412-srg.jar%23794!/:?]
	at net.minecraft.core.registries.BuiltInRegistries.m_257498_(BuiltInRegistries.java:455) ~[client-1.20.1-20230612.114412-srg.jar%23794!/:?]
	at net.minecraft.server.Bootstrap.m_135870_(Bootstrap.java:55) ~[client-1.20.1-20230612.114412-srg.jar%23794!/:?]
	at net.minecraft.client.main.Main.lambda$main$0(Main.java:151) ~[client-1.20.1-20230612.114412-srg.jar%23794!/:?]
	at java.util.concurrent.Executors$RunnableAdapter.call(Executors.java:539) ~[?:?]
	at java.util.concurrent.FutureTask.run(FutureTask.java:264) ~[?:?]
	at java.util.concurrent.ThreadPoolExecutor.runWorker(ThreadPoolExecutor.java:1136) ~[?:?]
	at java.util.concurrent.ThreadPoolExecutor$Worker.run(ThreadPoolExecutor.java:635) ~[?:?]
	at java.lang.Thread.run(Thread.java:833) ~[?:?]
[18Nov2024 19:13:40.261] [pool-4-thread-1/WARN] [mixin/]: Static binding violation: PRIVATE @Overwrite method m_47505_ in modernfix-common.mixins.json:perf.remove_biome_temperature_cache.BiomeMixin from mod modernfix cannot reduce visibiliy of PUBLIC target method, visibility will be upgraded.
[18Nov2024 19:13:40.262] [pool-4-thread-1/WARN] [mixin/]: Method overwrite conflict for m_47505_ in lithium.mixins.json:world.temperature_cache.BiomeMixin from mod radium, previously written by org.embeddedt.modernfix.common.mixin.perf.remove_biome_temperature_cache.BiomeMixin. Skipping method.
[18Nov2024 19:13:40.703] [main/INFO] [mixin/]: mixins.codechickenlib.json:ShaderInstanceMixin from mod codechickenlib->@Invoker[METHOD_PROXY]::callGetOrCreate(Lnet/minecraft/server/packs/resources/ResourceProvider;Lcom/mojang/blaze3d/shaders/Program$Type;Ljava/lang/String;)Lcom/mojang/blaze3d/shaders/Program; should be static as its target is
[18Nov2024 19:13:40.766] [Render thread/WARN] [mixin/]: Static binding violation: PRIVATE @Overwrite method m_166786_ in embeddium.mixins.json:features.render.immediate.buffer_builder.sorting.BufferBuilderMixin from mod embeddium cannot reduce visibiliy of PUBLIC target method, visibility will be upgraded.
[18Nov2024 19:13:40.853] [Render thread/WARN] [net.minecraft.server.packs.VanillaPackResourcesBuilder/]: Assets URL 'union:/C:/Users/Ben/AppData/Roaming/PrismLauncher/libraries/net/minecraft/client/1.20.1-20230612.114412/client-1.20.1-20230612.114412-srg.jar%23794!/assets/.mcassetsroot' uses unexpected schema
[18Nov2024 19:13:40.853] [Render thread/WARN] [net.minecraft.server.packs.VanillaPackResourcesBuilder/]: Assets URL 'union:/C:/Users/Ben/AppData/Roaming/PrismLauncher/libraries/net/minecraft/client/1.20.1-20230612.114412/client-1.20.1-20230612.114412-srg.jar%23794!/data/.mcassetsroot' uses unexpected schema
[18Nov2024 19:13:40.865] [Render thread/INFO] [com.mojang.authlib.yggdrasil.YggdrasilAuthenticationService/]: Environment: authHost='https://authserver.mojang.com', accountsHost='https://api.mojang.com', sessionHost='https://sessionserver.mojang.com', servicesHost='https://api.minecraftservices.com', name='PROD'
[18Nov2024 19:13:41.343] [Render thread/INFO] [net.minecraft.client.Minecraft/]: Setting user: dot_dash
[18Nov2024 19:13:41.398] [Render thread/INFO] [ModernFix/]: Bypassed Mojang DFU
[18Nov2024 19:13:41.612] [Render thread/INFO] [net.minecraftforge.coremod.CoreMod.apotheosis/COREMODLOG]: Replaced 1 calls to Enchantment#getMaxLevel() in net/minecraft/world/entity/npc/VillagerTrades$EnchantBookForEmeralds
[18Nov2024 19:13:41.612] [Render thread/INFO] [net.minecraftforge.coremod.CoreMod.apotheosis/COREMODLOG]: Replaced 1 calls to Enchantment#isTreasureOnly() in net/minecraft/world/entity/npc/VillagerTrades$EnchantBookForEmeralds
[18Nov2024 19:13:41.612] [Render thread/INFO] [net.minecraftforge.coremod.CoreMod.apotheosis/COREMODLOG]: Replaced 1 calls to Enchantment#isTradeable() in net/minecraft/world/entity/npc/VillagerTrades$EnchantBookForEmeralds
[18Nov2024 19:13:41.708] [Render thread/INFO] [techreborn/]: TechReborn setup done!
[18Nov2024 19:13:41.717] [Render thread/INFO] [revelationary/]: [Revelationary] Starting Common Startup
[18Nov2024 19:13:41.732] [Render thread/INFO] [revelationary/]: [Revelationary] Common startup completed!
[18Nov2024 19:13:41.792] [Render thread/WARN] [mixin/]: @Inject(@At("INVOKE")) Shift.BY=5 on attributeslib.mixins.json:client.ClientPacketListenerMixin from mod attributeslib::handler$bgp000$attributeslib$apoth_postAttrChangedEvent exceeds the maximum allowed value: 0. Increase the value of maxShiftBy to suppress this warning.
[18Nov2024 19:13:41.817] [Render thread/INFO] [wardentools/]: Registering Warden Items for wardentools
[18Nov2024 19:13:41.820] [Render thread/INFO] [wardentools/]: Registering Warden Blocks for wardentools
[18Nov2024 19:13:41.821] [Render thread/INFO] [wardentools/]: Warden Tools works properly! NECO, ANNENE SELAMLAR KARDESIM! <3
[18Nov2024 19:13:41.826] [Render thread/INFO] [triqueapi/]: TriQue API works properly! YUSUF REIS ANNENE SELAMLAR KAR??M <3!
[18Nov2024 19:13:41.826] [Render thread/INFO] [org.betterx.worlds.together.util.Logger/]: [betternether] =^..^=    BetterNether for 1.20    =^..^=
[18Nov2024 19:13:41.834] [Render thread/INFO] [org.betterx.worlds.together.util.Logger/]: [bclib] Added Config betternether.main to auto sync (file hash)
[18Nov2024 19:13:41.834] [Render thread/INFO] [org.betterx.worlds.together.util.Logger/]: [bclib] Added Config betternether.generator to auto sync (file hash)
[18Nov2024 19:13:41.835] [Render thread/INFO] [org.betterx.worlds.together.util.Logger/]: [bclib] Added Config betternether.blocks to auto sync (file hash)
[18Nov2024 19:13:41.835] [Render thread/INFO] [org.betterx.worlds.together.util.Logger/]: [bclib] Added Config betternether.items to auto sync (file hash)
[18Nov2024 19:13:41.835] [Render thread/INFO] [org.betterx.worlds.together.util.Logger/]: [bclib] Added Config betternether.biomes to auto sync (file hash)
[18Nov2024 19:13:41.835] [Render thread/INFO] [org.betterx.worlds.together.util.Logger/]: [bclib] Added Config betternether.mobs to auto sync (file hash)
[18Nov2024 19:13:41.836] [Render thread/INFO] [org.betterx.worlds.together.util.Logger/]: [bclib] Added Config betternether.recipes to auto sync (file hash)
[18Nov2024 19:13:41.904] [Render thread/WARN] [mixin/]: Static binding violation: PRIVATE @Overwrite method m_215924_ in modernfix-forge.mixins.json:perf.tag_id_caching.TagEntryMixin from mod modernfix cannot reduce visibiliy of PUBLIC target method, visibility will be upgraded.
[18Nov2024 19:13:42.007] [Render thread/WARN] [org.betterx.worlds.together.util.Logger/]: [bclib] Recipe betternether:bone_block_bone_button only takes in a single item and should be shapeless
[18Nov2024 19:13:42.124] [Render thread/INFO] [Spectrum/]: [Spectrum] Loading config file...
[18Nov2024 19:13:42.169] [Render thread/INFO] [Spectrum/]: [Spectrum] Finished loading config file.
[18Nov2024 19:13:42.595] [Render thread/INFO] [org.betterx.worlds.together.util.Logger/]: [bclib] Added Config betterend.entities to auto sync (file hash)
[18Nov2024 19:13:42.595] [Render thread/INFO] [org.betterx.worlds.together.util.Logger/]: [bclib] Added Config betterend.blocks to auto sync (file hash)
[18Nov2024 19:13:42.595] [Render thread/INFO] [org.betterx.worlds.together.util.Logger/]: [bclib] Added Config betterend.items to auto sync (file hash)
[18Nov2024 19:13:42.596] [Render thread/INFO] [org.betterx.worlds.together.util.Logger/]: [bclib] Added Config betterend.biomes to auto sync (file hash)
[18Nov2024 19:13:42.596] [Render thread/INFO] [org.betterx.worlds.together.util.Logger/]: [bclib] Added Config betterend.recipes to auto sync (file hash)
[18Nov2024 19:13:42.596] [Render thread/INFO] [org.betterx.worlds.together.util.Logger/]: [bclib] Added Config betterend.enchantments to auto sync (file hash)
[18Nov2024 19:13:42.784] [Render thread/INFO] [Spectrum/]: [Spectrum] Starting Common Startup
[18Nov2024 19:13:42.792] [Render thread/INFO] [Spectrum/]: [Spectrum] Registering Banner Patterns...
[18Nov2024 19:13:42.792] [Render thread/INFO] [Spectrum/]: [Spectrum] Registering Block / Item Color Registries...
[18Nov2024 19:13:42.794] [Render thread/INFO] [Spectrum/]: [Spectrum] Registering Status Effects...
[18Nov2024 19:13:42.796] [Render thread/INFO] [Spectrum/]: [Spectrum] Registering Advancement Criteria...
[18Nov2024 19:13:42.812] [Render thread/INFO] [Spectrum/]: [Spectrum] Registering Particle Types...
[18Nov2024 19:13:42.821] [Render thread/INFO] [Spectrum/]: [Spectrum] Registering Sound Events...
[18Nov2024 19:13:42.822] [Render thread/INFO] [Spectrum/]: [Spectrum] Registering Sound Events...
[18Nov2024 19:13:42.822] [Render thread/INFO] [Spectrum/]: [Spectrum] Registering Music...
[18Nov2024 19:13:42.823] [Render thread/INFO] [Spectrum/]: [Spectrum] Registering BlockSound Groups...
[18Nov2024 19:13:42.823] [Render thread/INFO] [Spectrum/]: [Spectrum] Registering Fluids...
[18Nov2024 19:13:42.828] [Render thread/INFO] [Spectrum/]: [Spectrum] Registering Enchantments...
[18Nov2024 19:13:42.831] [Render thread/INFO] [Spectrum/]: [Spectrum] Registering Blocks...
[18Nov2024 19:13:43.039] [Render thread/INFO] [Spectrum/]: [Spectrum] Registering Items...
[18Nov2024 19:13:43.124] [Render thread/INFO] [Spectrum/]: [Spectrum] Registering Block Entities...
[18Nov2024 19:13:43.139] [Render thread/INFO] [Spectrum/]: [Spectrum] Registering Pastel Upgrades...
[18Nov2024 19:13:43.141] [Render thread/INFO] [Spectrum/]: [Spectrum] Registering Stamp Categories...
[18Nov2024 19:13:43.141] [Render thread/INFO] [Spectrum/]: [Spectrum] Registering Features...
[18Nov2024 19:13:43.153] [Render thread/INFO] [Spectrum/]: [Spectrum] Registering Biome Modifications...
[18Nov2024 19:13:43.154] [Render thread/INFO] [Spectrum/]: [Spectrum] Registering Structure Types...
[18Nov2024 19:13:43.156] [Render thread/INFO] [Spectrum/]: [Spectrum] Registering Dimension...
[18Nov2024 19:13:43.156] [Render thread/INFO] [Spectrum/]: [Spectrum] Registering Dimension Sound Effects...
[18Nov2024 19:13:43.157] [Render thread/INFO] [Spectrum/]: [Spectrum] Registering Recipe Types...
[18Nov2024 19:13:43.174] [Render thread/INFO] [Spectrum/]: [Spectrum] Registering Loot Conditions & Functions...
[18Nov2024 19:13:43.176] [Render thread/INFO] [Spectrum/]: [Spectrum] Setting up server side Mod Compat...
[18Nov2024 19:13:43.193] [Render thread/INFO] [Spectrum/]: [Spectrum] Registering Screen Handler Types...
[18Nov2024 19:13:43.198] [Render thread/INFO] [Spectrum/]: [Spectrum] Registering Default Item Stack Damage Immunities...
[18Nov2024 19:13:43.198] [Render thread/INFO] [Spectrum/]: [Spectrum] Registering Enchantment Drops...
[18Nov2024 19:13:43.200] [Render thread/INFO] [Spectrum/]: [Spectrum] Registering Type Specific Predicates...
[18Nov2024 19:13:43.214] [Render thread/INFO] [Spectrum/]: [Spectrum] Registering Items to Fuel Registry...
[18Nov2024 19:13:43.214] [Render thread/INFO] [Spectrum/]: [Spectrum] Registering Entities...
[18Nov2024 19:13:43.214] [Render thread/INFO] [Spectrum/]: [Spectrum] Registering Omni Accelerator Projectiles & Behaviors...
[18Nov2024 19:13:43.220] [Render thread/INFO] [Spectrum/]: [Spectrum] Registering Commands...
[18Nov2024 19:13:43.220] [Render thread/INFO] [Spectrum/]: [Spectrum] Registering Client To ServerPackage Receivers...
[18Nov2024 19:13:43.221] [Render thread/INFO] [Spectrum/]: [Spectrum] Registering Data Loaders...
[18Nov2024 19:13:43.222] [Render thread/INFO] [Spectrum/]: [Spectrum] Adding to Fabric's Registries...
[18Nov2024 19:13:43.225] [Render thread/INFO] [Spectrum/]: [Spectrum] Registering Game Events...
[18Nov2024 19:13:43.227] [Render thread/INFO] [Spectrum/]: [Spectrum] Registering Spell Effects...
[18Nov2024 19:13:43.227] [Render thread/INFO] [Spectrum/]: [Spectrum] Registering Explosion Effects & Providers...
[18Nov2024 19:13:43.230] [Render thread/INFO] [Spectrum/]: [Spectrum] Registering Special Recipes...
[18Nov2024 19:13:43.241] [Render thread/INFO] [Spectrum/]: [Spectrum] Registering Dispenser, Resonance & Present Unwrap Behaviors...
[18Nov2024 19:13:43.244] [Render thread/INFO] [Spectrum/]: [Spectrum] Registering Resource Conditions...
[18Nov2024 19:13:43.244] [Render thread/INFO] [Spectrum/]: [Spectrum] Registering Structure WeightedPool Element Types...
[18Nov2024 19:13:43.246] [Render thread/INFO] [Spectrum/]: [Spectrum] Registering Event Listeners...
[18Nov2024 19:13:43.254] [Render thread/INFO] [Spectrum/]: [Spectrum] Registering Path Node Types...
[18Nov2024 19:13:43.256] [Render thread/INFO] [Spectrum/]: [Spectrum] Registering Tree Decorator Types...
[18Nov2024 19:13:43.257] [Render thread/INFO] [Spectrum/]: [Spectrum] Registering Builtin Resource Packs...
[18Nov2024 19:13:43.268] [Render thread/INFO] [Spectrum/]: [Spectrum] Common startup completed!
[18Nov2024 19:13:43.278] [Render thread/INFO] [org.betterx.worlds.together.util.Logger/]: [bclib] Added Config bclib.generator to auto sync (file hash)
[18Nov2024 19:13:43.279] [Render thread/INFO] [org.betterx.worlds.together.util.Logger/]: [bclib] Added Config bclib.main to auto sync (content diff)
[18Nov2024 19:13:43.280] [Render thread/INFO] [org.betterx.worlds.together.util.Logger/]: [bclib] Added Config bclib.biomes to auto sync (file hash)
[18Nov2024 19:13:43.317] [Render thread/INFO] [de.dafuqs.matchbooks.Matchbooks/]: Initialized Matchbooks
[18Nov2024 19:13:43.379] [Render thread/INFO] [Extra Alchemy/]: Registering pehkui effects
[18Nov2024 19:13:43.379] [Render thread/INFO] [Extra Alchemy/]: Registered 16 status effects
[18Nov2024 19:13:43.379] [Render thread/INFO] [Extra Alchemy/]: Registered dummy effects
[18Nov2024 19:13:43.380] [Render thread/INFO] [Extra Alchemy/]: Registering pehkui potions
[18Nov2024 19:13:43.380] [Render thread/INFO] [Extra Alchemy/]: Registered 39 potions
[18Nov2024 19:13:43.380] [Render thread/INFO] [Extra Alchemy/]: Registering pehkui recipes
[18Nov2024 19:13:43.385] [Render thread/INFO] [owo/]: I think that's not the only reason Spectrum isn't compatible with Quilt
[18Nov2024 19:13:43.501] [Render thread/WARN] [mixin/]: @Inject(@At("INVOKE")) Shift.BY=2 on accessories-tclayer.mixins.json:client.LivingEntityRendererMixin from mod tclayer::handler$fpp000$tclayer$toggleOnEntityAccessoriesToCosmeticLookup exceeds the maximum allowed value: 0. Increase the value of maxShiftBy to suppress this warning.
[18Nov2024 19:13:43.516] [Render thread/INFO] [mixin/]: amecsapi.mixins.json:KeyMappingLookupAccessor from mod amecsapi->@Accessor[FIELD_GETTER]::getMap()Ljava/util/EnumMap; should be static as its target is
[18Nov2024 19:13:43.582] [Render thread/INFO] [Spectrum/]: [Spectrum] Starting Client Startup
[18Nov2024 19:13:43.582] [Render thread/INFO] [Spectrum/]: [Spectrum] Registering Model Layers...
[18Nov2024 19:13:43.598] [Render thread/INFO] [Spectrum/]: [Spectrum] Setting up Block Rendering...
[18Nov2024 19:13:43.599] [Render thread/INFO] [Spectrum/]: [Spectrum] Setting up client side Mod Compat...
[18Nov2024 19:13:43.603] [Render thread/INFO] [Spectrum/]: [Spectrum] Setting up Fluid Rendering...
[18Nov2024 19:13:43.604] [Render thread/INFO] [Spectrum/]: [Spectrum] Setting up GUIs...
[18Nov2024 19:13:43.611] [Render thread/INFO] [Spectrum/]: [Spectrum] Setting up ItemPredicates...
[18Nov2024 19:13:43.613] [Render thread/INFO] [Spectrum/]: [Spectrum] Setting up Block Entity Renderers...
[18Nov2024 19:13:43.620] [Render thread/INFO] [Spectrum/]: [Spectrum] Setting up Entity Renderers...
[18Nov2024 19:13:43.635] [Render thread/INFO] [Spectrum/]: [Spectrum] Registering Server to Client Package Receivers...
[18Nov2024 19:13:43.640] [Render thread/INFO] [Spectrum/]: [Spectrum] Registering Particle Factories...
[18Nov2024 19:13:43.657] [Render thread/INFO] [Spectrum/]: [Spectrum] Registering Overlays...
[18Nov2024 19:13:43.657] [Render thread/INFO] [Spectrum/]: [Spectrum] Registering Item Tooltips...
[18Nov2024 19:13:43.658] [Render thread/INFO] [Spectrum/]: [Spectrum] Registering Dimension Effects...
[18Nov2024 19:13:43.661] [Render thread/INFO] [Spectrum/]: [Spectrum] Registering Event Listeners...
[18Nov2024 19:13:43.665] [Render thread/INFO] [Spectrum/]: [Spectrum] Registering Armor Renderers...
[18Nov2024 19:13:43.667] [Render thread/INFO] [Spectrum/]: [Spectrum] Client startup completed!
[18Nov2024 19:13:43.701] [Render thread/INFO] [Extra Alchemy/]: Registering client proxy
[18Nov2024 19:13:43.739] [Render thread/INFO] [mixin/]: BeforeConstant is searching for constants in method with descriptor (Lnet/minecraft/network/chat/Component;Lnet/minecraft/client/GuiMessageTag;)V
[18Nov2024 19:13:43.739] [Render thread/INFO] [mixin/]:   BeforeConstant found STRING constant: value = , stringValue = null
[18Nov2024 19:13:43.739] [Render thread/INFO] [mixin/]:     BeforeConstant found a matching constant TYPE at ordinal 0
[18Nov2024 19:13:43.739] [Render thread/INFO] [mixin/]:       BeforeConstant found LdcInsn 
[18Nov2024 19:13:43.739] [Render thread/INFO] [mixin/]:   BeforeConstant found STRING constant: value = \\r, stringValue = null
[18Nov2024 19:13:43.739] [Render thread/INFO] [mixin/]:     BeforeConstant found a matching constant TYPE at ordinal 1
[18Nov2024 19:13:43.739] [Render thread/INFO] [mixin/]:       BeforeConstant found LdcInsn \\r
[18Nov2024 19:13:43.739] [Render thread/INFO] [mixin/]:   BeforeConstant found STRING constant: value = 
, stringValue = null
[18Nov2024 19:13:43.739] [Render thread/INFO] [mixin/]:     BeforeConstant found a matching constant TYPE at ordinal 2
[18Nov2024 19:13:43.739] [Render thread/INFO] [mixin/]:       BeforeConstant found LdcInsn 

[18Nov2024 19:13:43.739] [Render thread/INFO] [mixin/]:   BeforeConstant found STRING constant: value = \\n, stringValue = null
[18Nov2024 19:13:43.739] [Render thread/INFO] [mixin/]:     BeforeConstant found a matching constant TYPE at ordinal 3
[18Nov2024 19:13:43.739] [Render thread/INFO] [mixin/]:       BeforeConstant found LdcInsn \\n
[18Nov2024 19:13:43.739] [Render thread/INFO] [mixin/]:   BeforeConstant found CLASS constant: value = Ljava/lang/String;, typeValue = null
[18Nov2024 19:13:43.739] [Render thread/INFO] [mixin/]:   BeforeConstant found STRING constant: value = [{}] [CHAT] {}, stringValue = null
[18Nov2024 19:13:43.739] [Render thread/INFO] [mixin/]:     BeforeConstant found a matching constant TYPE at ordinal 4
[18Nov2024 19:13:43.739] [Render thread/INFO] [mixin/]:       BeforeConstant found LdcInsn [{}] [CHAT] {}
[18Nov2024 19:13:43.739] [Render thread/INFO] [mixin/]:   BeforeConstant found STRING constant: value = [CHAT] {}, stringValue = null
[18Nov2024 19:13:43.739] [Render thread/INFO] [mixin/]:     BeforeConstant found a matching constant TYPE at ordinal 5
[18Nov2024 19:13:43.739] [Render thread/INFO] [mixin/]:       BeforeConstant found LdcInsn [CHAT] {}
[18Nov2024 19:13:43.764] [Render thread/INFO] [defaultoptions/]: Loaded default options for extra-folder
[18Nov2024 19:13:43.797] [Render thread/INFO] [net.minecraft.client.Options/]: Added resource packs: [vanilla, mod_resources, jaopca:inmemory, fabric]
[18Nov2024 19:13:43.800] [Render thread/INFO] [net.minecraft.client.Minecraft/]: Backend library: LWJGL version 3.3.1 build 7
[18Nov2024 19:13:43.817] [Render thread/WARN] [Embeddium-NvidiaWorkarounds/]: Applying workaround: Prevent the NVIDIA OpenGL driver from using broken optimizations (NVIDIA_THREADED_OPTIMIZATIONS)
[18Nov2024 19:13:43.820] [Render thread/ERROR] [Embeddium-MixinTaintDetector/]: Mod mixin into Embeddium internals detected. This instance is now tainted. The Embeddium team does not provide any guarantee of support for issues encountered while such mods are installed.
[18Nov2024 19:13:43.820] [Render thread/WARN] [Embeddium-MixinTaintDetector/]: Mod(s) [oculus] are modifying Embeddium class me.jellysquid.mods.sodium.client.gui.SodiumGameOptions, which may cause instability.
[18Nov2024 19:13:43.852] [Render thread/INFO] [Embeddium-PostlaunchChecks/]: OpenGL Vendor: NVIDIA Corporation
[18Nov2024 19:13:43.852] [Render thread/INFO] [Embeddium-PostlaunchChecks/]: OpenGL Renderer: NVIDIA GeForce RTX 4090/PCIe/SSE2
[18Nov2024 19:13:43.852] [Render thread/INFO] [Embeddium-PostlaunchChecks/]: OpenGL Version: 4.6.0 NVIDIA 566.03
[18Nov2024 19:13:43.852] [Render thread/WARN] [Embeddium-PostlaunchChecks/]: Enabling secondary workaround for NVIDIA threaded optimizations
[18Nov2024 19:13:43.877] [Render thread/INFO] [ImmediatelyFast/]: Initializing ImmediatelyFast 1.3.2+1.20.4 on NVIDIA GeForce RTX 4090/PCIe/SSE2 (NVIDIA Corporation) with OpenGL 4.6.0 NVIDIA 566.03
[18Nov2024 19:13:43.877] [Render thread/INFO] [ImmediatelyFast/]: Found Iris/Oculus 1.7.0. Enabling compatibility.
[18Nov2024 19:13:43.960] [Render thread/INFO] [Oculus/]: Debug functionality is disabled.
[18Nov2024 19:13:43.961] [Render thread/INFO] [Oculus/]: OpenGL 4.5 detected, enabling DSA.
[18Nov2024 19:13:44.085] [Render thread/WARN] [Oculus/]: Found flag CUSTOM_IMAGES
[18Nov2024 19:13:44.087] [Render thread/WARN] [Oculus/]: Tried to get boolean value for unknown option: 1, defaulting to true!
[18Nov2024 19:13:44.087] [Render thread/WARN] [Oculus/]: Tried to get boolean value for unknown option: 1, defaulting to true!
[18Nov2024 19:13:44.087] [Render thread/WARN] [Oculus/]: Tried to get boolean value for unknown option: 1, defaulting to true!
[18Nov2024 19:13:44.090] [Render thread/INFO] [Oculus/]: Profile: HIGH (+0 options changed by user)
[18Nov2024 19:13:44.491] [Render thread/INFO] [Oculus/]: Using shaderpack: ComplementaryReimagined_r5.3.zip
[18Nov2024 19:13:44.735] [modloading-worker-0/INFO] [noisium/]: Loading Noisium.
[18Nov2024 19:13:44.735] [modloading-worker-0/INFO] [de.nekeras.borderless.BorderlessWindow/]: Creating mod instance
[18Nov2024 19:13:44.735] [modloading-worker-0/INFO] [de.nekeras.borderless.BorderlessWindow/]: Enable server compatibility
[18Nov2024 19:13:44.736] [modloading-worker-0/INFO] [de.nekeras.borderless.BorderlessWindow/]: Register client configuration
[18Nov2024 19:13:44.772] [modloading-worker-0/INFO] [PluginManager/]: Scanning classes for industrialforegoing
[18Nov2024 19:13:44.778] [modloading-worker-0/WARN] [Embeddium-MixinTaintDetector/]: Mod(s) [oculus] are modifying Embeddium class me.jellysquid.mods.sodium.client.gui.SodiumOptionsGUI, which may cause instability.
[18Nov2024 19:13:44.787] [modloading-worker-0/INFO] [PluginManager/]: Found FeaturePluginInstance for class PatchouliPlugin for plugin patchouli
[18Nov2024 19:13:44.787] [modloading-worker-0/INFO] [PluginManager/]: Found FeaturePluginInstance for class CuriosPlugin for plugin curios
[18Nov2024 19:13:44.788] [modloading-worker-0/INFO] [Botany Pots Tiers/]: Loading config: C:\Users\Ben\AppData\Roaming\PrismLauncher\instances\1.20.1 Pack (Modified)\.minecraft\config\botanypotstiers-common.toml
[18Nov2024 19:13:44.788] [modloading-worker-0/INFO] [Botany Pots Tiers/]: Built config: C:\Users\Ben\AppData\Roaming\PrismLauncher\instances\1.20.1 Pack (Modified)\.minecraft\config\botanypotstiers-common.toml
[18Nov2024 19:13:44.790] [modloading-worker-0/INFO] [Botany Pots Tiers/]: Loaded config: C:\Users\Ben\AppData\Roaming\PrismLauncher\instances\1.20.1 Pack (Modified)\.minecraft\config\botanypotstiers-common.toml
[18Nov2024 19:13:44.790] [modloading-worker-0/INFO] [PluginManager/]: Constructed class PatchouliPlugin for plugin patchouli for mod industrialforegoing
[18Nov2024 19:13:44.790] [modloading-worker-0/INFO] [PluginManager/]: Constructed class CuriosPlugin for plugin curios for mod industrialforegoing
[18Nov2024 19:13:44.792] [modloading-worker-0/INFO] [PluginManager/]: Executing phase CONSTRUCTION for plugin class PatchouliPlugin
[18Nov2024 19:13:44.836] [modloading-worker-0/INFO] [PluginManager/]: Executing phase CONSTRUCTION for plugin class CuriosPlugin
[18Nov2024 19:13:44.864] [modloading-worker-0/INFO] [PluginManager/]: Executing phase PRE_INIT for plugin class PatchouliPlugin
[18Nov2024 19:13:44.864] [modloading-worker-0/INFO] [PluginManager/]: Executing phase PRE_INIT for plugin class CuriosPlugin
[18Nov2024 19:13:44.869] [modloading-worker-0/INFO] [com.jozufozu.flywheel.backend.Backend/]: Oculus detected.
[18Nov2024 19:13:44.874] [modloading-worker-0/INFO] [HammerLib/]: Detected Rubidium from Embeddium. Disabling safeguard.
[18Nov2024 19:13:44.886] [modloading-worker-0/INFO] [dev.architectury.networking.forge.NetworkManagerImpl/]: Registering S2C receiver with id architectury:sync_ids
[18Nov2024 19:13:44.890] [modloading-worker-0/INFO] [dev.architectury.networking.forge.NetworkManagerImpl/]: Registering C2S receiver with id architectury:sync_ids
[18Nov2024 19:13:44.890] [modloading-worker-0/INFO] [dev.architectury.networking.forge.NetworkManagerImpl/]: Registering S2C receiver with id ftbessentials:update_tab_name
[18Nov2024 19:13:44.918] [modloading-worker-0/INFO] [Puzzles Lib/]: Constructing common components for enchantinginfuser:main
[18Nov2024 19:13:44.951] [modloading-worker-0/INFO] [BowInfinityFix/]: Fix Registered!
[18Nov2024 19:13:45.010] [modloading-worker-0/INFO] [Bookshelf/]: Fixing MC-151457. Crafting remainder for minecraft:pufferfish_bucket is now minecraft:bucket.
[18Nov2024 19:13:45.010] [modloading-worker-0/INFO] [Bookshelf/]: Fixing MC-151457. Crafting remainder for minecraft:salmon_bucket is now minecraft:bucket.
[18Nov2024 19:13:45.010] [modloading-worker-0/INFO] [Bookshelf/]: Fixing MC-151457. Crafting remainder for minecraft:cod_bucket is now minecraft:bucket.
[18Nov2024 19:13:45.010] [modloading-worker-0/INFO] [Bookshelf/]: Fixing MC-151457. Crafting remainder for minecraft:tropical_fish_bucket is now minecraft:bucket.
[18Nov2024 19:13:45.010] [modloading-worker-0/INFO] [Bookshelf/]: Fixing MC-151457. Crafting remainder for minecraft:axolotl_bucket is now minecraft:bucket.
[18Nov2024 19:13:45.010] [modloading-worker-0/INFO] [Bookshelf/]: Fixing MC-151457. Crafting remainder for minecraft:powder_snow_bucket is now minecraft:bucket.
[18Nov2024 19:13:45.010] [modloading-worker-0/INFO] [Bookshelf/]: Fixing MC-151457. Crafting remainder for minecraft:tadpole_bucket is now minecraft:bucket.
[18Nov2024 19:13:45.024] [modloading-worker-0/INFO] [Puzzles Lib/]: Constructing client components for enchantinginfuser:main
[18Nov2024 19:13:45.202] [modloading-worker-0/INFO] [dev.architectury.networking.forge.NetworkManagerImpl/]: Registering C2S receiver with id artifacts:networking_channel/42a7ad70b1cc371599a0eff744096b8a
[18Nov2024 19:13:45.202] [modloading-worker-0/INFO] [dev.architectury.networking.forge.NetworkManagerImpl/]: Registering S2C receiver with id artifacts:networking_channel/42a7ad70b1cc371599a0eff744096b8a
[18Nov2024 19:13:45.278] [modloading-worker-0/INFO] [dev.architectury.networking.forge.NetworkManagerImpl/]: Registering C2S receiver with id artifacts:networking_channel/74a5e841822a3a87854ae896a33430d6
[18Nov2024 19:13:45.278] [modloading-worker-0/INFO] [dev.architectury.networking.forge.NetworkManagerImpl/]: Registering S2C receiver with id artifacts:networking_channel/74a5e841822a3a87854ae896a33430d6
[18Nov2024 19:13:45.285] [modloading-worker-0/INFO] [dev.architectury.networking.forge.NetworkManagerImpl/]: Registering C2S receiver with id artifacts:networking_channel/eb3d1e2748533430848cadf0f37c7e9c
[18Nov2024 19:13:45.285] [modloading-worker-0/INFO] [dev.architectury.networking.forge.NetworkManagerImpl/]: Registering S2C receiver with id artifacts:networking_channel/eb3d1e2748533430848cadf0f37c7e9c
[18Nov2024 19:13:45.293] [modloading-worker-0/INFO] [dev.architectury.networking.forge.NetworkManagerImpl/]: Registering C2S receiver with id artifacts:networking_channel/91c8520f19f93b3e8b6a727568e194ab
[18Nov2024 19:13:45.293] [modloading-worker-0/INFO] [dev.architectury.networking.forge.NetworkManagerImpl/]: Registering S2C receiver with id artifacts:networking_channel/91c8520f19f93b3e8b6a727568e194ab
[18Nov2024 19:13:45.298] [modloading-worker-0/INFO] [dev.architectury.networking.forge.NetworkManagerImpl/]: Registering C2S receiver with id artifacts:networking_channel/8c2784d778293fd482ed84b8aa5fedb9
[18Nov2024 19:13:45.298] [modloading-worker-0/INFO] [dev.architectury.networking.forge.NetworkManagerImpl/]: Registering S2C receiver with id artifacts:networking_channel/8c2784d778293fd482ed84b8aa5fedb9
[18Nov2024 19:13:45.303] [modloading-worker-0/INFO] [dev.architectury.networking.forge.NetworkManagerImpl/]: Registering C2S receiver with id artifacts:networking_channel/ea038224ea783d40b2863f52239e2604
[18Nov2024 19:13:45.303] [modloading-worker-0/INFO] [dev.architectury.networking.forge.NetworkManagerImpl/]: Registering S2C receiver with id artifacts:networking_channel/ea038224ea783d40b2863f52239e2604
[18Nov2024 19:13:45.318] [modloading-worker-0/INFO] [dev.architectury.networking.forge.NetworkManagerImpl/]: Registering C2S receiver with id artifacts:networking_channel/97ad64b7ecaf33209991c4f031501a58
[18Nov2024 19:13:45.318] [modloading-worker-0/INFO] [dev.architectury.networking.forge.NetworkManagerImpl/]: Registering S2C receiver with id artifacts:networking_channel/97ad64b7ecaf33209991c4f031501a58
[18Nov2024 19:13:45.374] [modloading-worker-0/INFO] [com.shiftedlib.ShiftedLib/]: Loading Shifted Lib...
[18Nov2024 19:13:45.383] [modloading-worker-0/INFO] [voidscape/]: Starting Donator Handler
[18Nov2024 19:13:45.387] [Voidscape Donator Loader/INFO] [voidscape/]: Loading donor data
[18Nov2024 19:13:45.395] [modloading-worker-0/INFO] [Spartan Shields/]: Constructing Mod: Spartan Shields
[18Nov2024 19:13:45.462] [modloading-worker-0/INFO] [net.permutated.pylons.Pylons/]: Registering mod: pylons
[18Nov2024 19:13:45.522] [modloading-worker-0/INFO] [me.treyruffy.betterf3.BetterF3Forge/]: [BetterF3] Starting...
[18Nov2024 19:13:45.545] [modloading-worker-0/INFO] [me.treyruffy.betterf3.BetterF3Forge/]: [BetterF3] Loading...
[18Nov2024 19:13:45.600] [modloading-worker-0/INFO] [PluginManager/]: Scanning classes for functionalstorage
[18Nov2024 19:13:45.659] [modloading-worker-0/INFO] [net.permutated.pylons.Pylons/]: Registered 1 network packets
[18Nov2024 19:13:45.669] [modloading-worker-0/INFO] [HammerLib/]: Registered charge handler for type org.zeith.hammerlib.util.charging.fluid.FluidCharge - org.zeith.hammerlib.util.charging.impl.FluidChargeHandler@60c948bc
[18Nov2024 19:13:45.679] [modloading-worker-0/INFO] [HammerLib/]: Registered charge handler for type org.zeith.hammerlib.util.charging.fe.FECharge - org.zeith.hammerlib.util.charging.impl.FEChargeHandler@6430105
[18Nov2024 19:13:45.730] [modloading-worker-0/INFO] [me.treyruffy.betterf3.BetterF3Forge/]: [BetterF3] All done!
[18Nov2024 19:13:45.742] [modloading-worker-0/INFO] [HammerLib/]: Registered inventory lister org.zeith.hammerlib.util.charging.impl.VanillaPlayerInvLister
[18Nov2024 19:13:45.805] [modloading-worker-0/INFO] [PluginManager/]: Executing phase INIT for plugin class PatchouliPlugin
[18Nov2024 19:13:45.805] [modloading-worker-0/INFO] [PluginManager/]: Executing phase INIT for plugin class CuriosPlugin
[18Nov2024 19:13:45.809] [modloading-worker-0/INFO] [MaxHealthFix/]: Loaded maxhealthfix for Forge.
[18Nov2024 19:13:45.822] [Voidscape Donator Loader/INFO] [voidscape/]: Donor data loaded
[18Nov2024 19:13:45.839] [modloading-worker-0/INFO] [net.bdew.generators.integration.ic2c.IC2CIntegration$/]: IC2 Not loaded, skipping integration
[18Nov2024 19:13:45.908] [modloading-worker-0/INFO] [thelm.jaopca.data.DataCollector/]: Pack supplier thelm.jaopca.compat.openloader.OpenLoaderPackSupplier has missing mod dependencies, skipping
[18Nov2024 19:13:45.908] [modloading-worker-0/INFO] [thelm.jaopca.data.DataCollector/]: Pack supplier thelm.jaopca.compat.kubejs.KubeJSPackSupplier has missing mod dependencies, skipping
[18Nov2024 19:13:45.911] [modloading-worker-0/INFO] [thelm.jaopca.data.DataCollector/]: Pack supplier thelm.jaopca.compat.jsonthings.JsonThingsPackSupplier has missing mod dependencies, skipping
[18Nov2024 19:13:45.985] [modloading-worker-0/INFO] [HammerLib/]: Hooked Lorg/zeith/hammerlib/core/test/machine/TileTestMachine; from hammerlib to register it's stuff.
[18Nov2024 19:13:45.986] [modloading-worker-0/INFO] [HammerLib/]: Hooked Lorg/zeith/hammerlib/core/test/machine/RecipeTestMachine; from hammerlib to register it's stuff.
[18Nov2024 19:13:45.988] [modloading-worker-0/INFO] [HammerLib/]: Hooked Lorg/zeith/hammerlib/core/test/machine/BlockTestMachine; from hammerlib to register it's stuff.
[18Nov2024 19:13:45.988] [modloading-worker-0/INFO] [HammerLib/]: Hooked Lorg/zeith/hammerlib/core/recipes/replacers/WaterBottleReplacer; from hammerlib to register it's stuff.
[18Nov2024 19:13:45.988] [modloading-worker-0/INFO] [HammerLib/]: Hooked Lorg/zeith/hammerlib/core/recipes/replacers/RemainingReplacerRegistrar; from hammerlib to register it's stuff.
[18Nov2024 19:13:45.989] [modloading-worker-0/INFO] [HammerLib/]: Hooked Lorg/zeith/hammerlib/core/init/SourceTypesHL; from hammerlib to register it's stuff.
[18Nov2024 19:13:45.989] [modloading-worker-0/INFO] [dev.su5ed.sinytra.connectorextras.terrablenderbridge.TerraBlenderBridge/]: Injecting TerraBlender API classes
[18Nov2024 19:13:45.989] [modloading-worker-0/INFO] [HammerLib/]: Hooked Lorg/zeith/hammerlib/core/init/RecipesHL; from hammerlib to register it's stuff.
[18Nov2024 19:13:45.989] [modloading-worker-0/INFO] [HammerLib/]: Hooked Lorg/zeith/hammerlib/core/init/LevelActionTypesHL; from hammerlib to register it's stuff.
[18Nov2024 19:13:45.989] [modloading-worker-0/INFO] [HammerLib/]: Hooked Lorg/zeith/hammerlib/core/init/ItemsHL; from hammerlib to register it's stuff.
[18Nov2024 19:13:45.989] [modloading-worker-0/INFO] [HammerLib/]: Hooked Lorg/zeith/hammerlib/core/init/GearsHL; from hammerlib to register it's stuff.
[18Nov2024 19:13:45.989] [modloading-worker-0/INFO] [HammerLib/]: Hooked Lorg/zeith/hammerlib/api/forge/ContainerAPI; from hammerlib to register it's stuff.
[18Nov2024 19:13:45.990] [modloading-worker-0/INFO] [HammerLib/]: Hooked Lorg/zeith/solarflux/init/TilesSF; from solarflux to register it's stuff.
[18Nov2024 19:13:45.990] [modloading-worker-0/INFO] [HammerLib/]: Hooked Lorg/zeith/solarflux/init/SolarPanelsSF; from solarflux to register it's stuff.
[18Nov2024 19:13:45.990] [modloading-worker-0/INFO] [HammerLib/]: Hooked Lorg/zeith/solarflux/init/ItemsSF; from solarflux to register it's stuff.
[18Nov2024 19:13:46.060] [modloading-worker-0/INFO] [Tool Stats/]: Saving config to C:\Users\Ben\AppData\Roaming\PrismLauncher\instances\1.20.1 Pack (Modified)\.minecraft\config\toolstats.json.
[18Nov2024 19:13:46.138] [modloading-worker-0/INFO] [PluginManager/]: Executing phase POST_INIT for plugin class PatchouliPlugin
[18Nov2024 19:13:46.138] [modloading-worker-0/INFO] [PluginManager/]: Executing phase POST_INIT for plugin class CuriosPlugin
[18Nov2024 19:13:46.323] [modloading-worker-0/WARN] [supermartijn642corelib/]: Mod 'Chipped' is requesting registration helper for different modid 'rechiseled_chipped'!
[18Nov2024 19:13:46.329] [modloading-worker-0/INFO] [HammerLib/]: Injecting setup into org.zeith.hammerlib.net.Network
[18Nov2024 19:13:46.338] [modloading-worker-0/INFO] [HammerLib/]: Injecting setup into org.zeith.hammerlib.client.pipelines.shaders.VariableShaderProgram
[18Nov2024 19:13:46.407] [modloading-worker-0/INFO] [net.fabricmc.fabric.impl.client.indigo.Indigo/]: [Indigo] Registering Indigo renderer!
[18Nov2024 19:13:46.437] [modloading-worker-0/INFO] [net.bdew.lib.network.NetChannel/]: Initialized network channel 'multiblock' for mod 'bdlib'
[18Nov2024 19:13:46.455] [modloading-worker-0/INFO] [net.bdew.lib.network.NetChannel/]: Initialized network channel 'misc' for mod 'bdlib'
[18Nov2024 19:13:46.465] [modloading-worker-0/INFO] [net.minecraftforge.common.ForgeMod/FORGEMOD]: Forge mod loading, version 47.2.0, for MC 1.20.1 with MCP 20230612.114412
[18Nov2024 19:13:46.465] [modloading-worker-0/INFO] [net.minecraftforge.common.MinecraftForge/FORGE]: MinecraftForge v47.2.0 Initialized
[18Nov2024 19:13:46.518] [modloading-worker-0/INFO] [dev.architectury.networking.forge.NetworkManagerImpl/]: Registering C2S receiver with id powah:packet
[18Nov2024 19:13:46.636] [modloading-worker-0/INFO] [thedarkcolour.kotlinforforge.test.KotlinForForge/]: Kotlin For Forge Enabled!
[18Nov2024 19:13:46.679] [modloading-worker-0/INFO] [net.bdew.generators.integration.mekanism.MekanismIntegration$/]: Mekanism loaded, activating integration
[18Nov2024 19:13:46.727] [modloading-worker-0/INFO] [com.mna.ManaAndArtifice/]: M&A -> Configs Registered
[18Nov2024 19:13:46.776] [modloading-worker-0/INFO] [net.minecraftforge.coremod.CoreMod.voidscape/COREMODLOG]: org.objectweb.asm.tree.MethodInsnNode@1d335817
[18Nov2024 19:13:46.787] [modloading-worker-0/INFO] [net.bdew.lib.BdLib$/]: Initialized multiblock manager for advgenerators
[18Nov2024 19:13:46.823] [modloading-worker-0/INFO] [Puzzles Lib/]: Constructing common components for puzzleslib:main
[18Nov2024 19:13:46.997] [modloading-worker-0/INFO] [net.bdew.lib.network.NetChannel/]: Initialized network channel 'generators' for mod 'advgenerators'
[18Nov2024 19:13:47.000] [modloading-worker-0/INFO] [Colorful Hearts/]: Loading compat for mod eidolon
[18Nov2024 19:13:47.019] [modloading-worker-0/INFO] [Colorful Hearts/]: Loading compat for mod appleskin
[18Nov2024 19:13:47.021] [modloading-worker-0/INFO] [Collective/]: Loading Collective version 7.87.
[18Nov2024 19:13:47.036] [modloading-worker-0/INFO] [Colorful Hearts/]: Loading compat for mod farmersdelight
[18Nov2024 19:13:47.088] [modloading-worker-0/INFO] [Puzzles Lib/]: Constructing client components for puzzleslib:main
[18Nov2024 19:13:47.155] [modloading-worker-0/INFO] [graveyard/]: Registered JSON trade offer adapter.
[18Nov2024 19:13:47.157] [modloading-worker-0/INFO] [dev.architectury.networking.forge.NetworkManagerImpl/]: Registering S2C receiver with id ftblibrary:edit_nbt
[18Nov2024 19:13:47.161] [modloading-worker-0/INFO] [ObservableNet/]: Registering class observable.net.BetterChannel$PartialPacketBegin
[18Nov2024 19:13:47.165] [modloading-worker-0/INFO] [dev.architectury.networking.forge.NetworkManagerImpl/]: Registering C2S receiver with id ftblibrary:edit_nbt_response
[18Nov2024 19:13:47.171] [modloading-worker-0/INFO] [dev.architectury.networking.forge.NetworkManagerImpl/]: Registering S2C receiver with id ftblibrary:sync_known_server_registries
[18Nov2024 19:13:47.176] [modloading-worker-0/INFO] [dev.architectury.networking.forge.NetworkManagerImpl/]: Registering S2C receiver with id ftblibrary:edit_config
[18Nov2024 19:13:47.324] [modloading-worker-0/INFO] [dev.architectury.networking.forge.NetworkManagerImpl/]: Registering C2S receiver with id minecraft:channel/observable/61a49a35c5283c0aaa7b0dfea5b7a53a
[18Nov2024 19:13:47.324] [modloading-worker-0/INFO] [dev.architectury.networking.forge.NetworkManagerImpl/]: Registering S2C receiver with id minecraft:channel/observable/61a49a35c5283c0aaa7b0dfea5b7a53a
[18Nov2024 19:13:47.324] [modloading-worker-0/INFO] [ObservableNet/]: Registered class observable.net.BetterChannel$PartialPacketBegin
[18Nov2024 19:13:47.329] [modloading-worker-0/INFO] [ObservableNet/]: Registering class observable.net.BetterChannel$PartialPacketData
[18Nov2024 19:13:47.338] [modloading-worker-0/INFO] [dev.architectury.networking.forge.NetworkManagerImpl/]: Registering C2S receiver with id minecraft:channel/observable/3dd73fd88be832559bc3a3c4a2e63b4a
[18Nov2024 19:13:47.338] [modloading-worker-0/INFO] [dev.architectury.networking.forge.NetworkManagerImpl/]: Registering S2C receiver with id minecraft:channel/observable/3dd73fd88be832559bc3a3c4a2e63b4a
[18Nov2024 19:13:47.338] [modloading-worker-0/INFO] [ObservableNet/]: Registered class observable.net.BetterChannel$PartialPacketData
[18Nov2024 19:13:47.350] [modloading-worker-0/INFO] [ObservableNet/]: Registering class observable.net.C2SPacket$InitTPSProfile
[18Nov2024 19:13:47.361] [modloading-worker-0/INFO] [dev.architectury.networking.forge.NetworkManagerImpl/]: Registering C2S receiver with id minecraft:channel/observable/b453c08f23b83b82b690c31bf8b2a45a
[18Nov2024 19:13:47.361] [modloading-worker-0/INFO] [dev.architectury.networking.forge.NetworkManagerImpl/]: Registering S2C receiver with id minecraft:channel/observable/b453c08f23b83b82b690c31bf8b2a45a
[18Nov2024 19:13:47.361] [modloading-worker-0/INFO] [ObservableNet/]: Registered class observable.net.C2SPacket$InitTPSProfile
[18Nov2024 19:13:47.364] [modloading-worker-0/INFO] [ObservableNet/]: Registering class observable.net.C2SPacket$RequestAvailability
[18Nov2024 19:13:47.373] [modloading-worker-0/INFO] [dev.architectury.networking.forge.NetworkManagerImpl/]: Registering C2S receiver with id minecraft:channel/observable/0c662822629034678f5a8f0e70375315
[18Nov2024 19:13:47.373] [modloading-worker-0/INFO] [dev.architectury.networking.forge.NetworkManagerImpl/]: Registering S2C receiver with id minecraft:channel/observable/0c662822629034678f5a8f0e70375315
[18Nov2024 19:13:47.373] [modloading-worker-0/INFO] [ObservableNet/]: Registered class observable.net.C2SPacket$RequestAvailability
[18Nov2024 19:13:47.379] [modloading-worker-0/INFO] [ObservableNet/]: Registering class observable.net.S2CPacket$ProfilingStarted
[18Nov2024 19:13:47.392] [modloading-worker-0/INFO] [dev.architectury.networking.forge.NetworkManagerImpl/]: Registering C2S receiver with id minecraft:channel/observable/2e815604a29b3a5cbfe0208e619d86c4
[18Nov2024 19:13:47.392] [modloading-worker-0/INFO] [dev.architectury.networking.forge.NetworkManagerImpl/]: Registering S2C receiver with id minecraft:channel/observable/2e815604a29b3a5cbfe0208e619d86c4
[18Nov2024 19:13:47.392] [modloading-worker-0/INFO] [ObservableNet/]: Registered class observable.net.S2CPacket$ProfilingStarted
[18Nov2024 19:13:47.400] [modloading-worker-0/INFO] [ObservableNet/]: Registering class observable.net.S2CPacket$ProfilingCompleted
[18Nov2024 19:13:47.417] [modloading-worker-0/INFO] [dev.architectury.networking.forge.NetworkManagerImpl/]: Registering C2S receiver with id minecraft:channel/observable/9ae83199b65a3768862799cc5e461a02
[18Nov2024 19:13:47.417] [modloading-worker-0/INFO] [dev.architectury.networking.forge.NetworkManagerImpl/]: Registering S2C receiver with id minecraft:channel/observable/9ae83199b65a3768862799cc5e461a02
[18Nov2024 19:13:47.417] [modloading-worker-0/INFO] [ObservableNet/]: Registered class observable.net.S2CPacket$ProfilingCompleted
[18Nov2024 19:13:47.421] [modloading-worker-0/INFO] [ObservableNet/]: Registering class observable.net.S2CPacket$ProfilerInactive
[18Nov2024 19:13:47.430] [modloading-worker-0/INFO] [dev.architectury.networking.forge.NetworkManagerImpl/]: Registering C2S receiver with id minecraft:channel/observable/ae8dfae1238e312397aa53e9d14c45ca
[18Nov2024 19:13:47.430] [modloading-worker-0/INFO] [dev.architectury.networking.forge.NetworkManagerImpl/]: Registering S2C receiver with id minecraft:channel/observable/ae8dfae1238e312397aa53e9d14c45ca
[18Nov2024 19:13:47.430] [modloading-worker-0/INFO] [ObservableNet/]: Registered class observable.net.S2CPacket$ProfilerInactive
[18Nov2024 19:13:47.436] [modloading-worker-0/INFO] [ObservableNet/]: Registering class observable.net.S2CPacket$ProfilingResult
[18Nov2024 19:13:47.447] [modloading-worker-0/INFO] [dev.architectury.networking.forge.NetworkManagerImpl/]: Registering C2S receiver with id minecraft:channel/observable/3a94cae7336038df9152bcb7b4b94825
[18Nov2024 19:13:47.447] [modloading-worker-0/INFO] [dev.architectury.networking.forge.NetworkManagerImpl/]: Registering S2C receiver with id minecraft:channel/observable/3a94cae7336038df9152bcb7b4b94825
[18Nov2024 19:13:47.447] [modloading-worker-0/INFO] [ObservableNet/]: Registered class observable.net.S2CPacket$ProfilingResult
[18Nov2024 19:13:47.450] [modloading-worker-0/INFO] [ObservableNet/]: Registering class observable.net.S2CPacket$Availability
[18Nov2024 19:13:47.471] [modloading-worker-0/INFO] [dev.architectury.networking.forge.NetworkManagerImpl/]: Registering C2S receiver with id minecraft:channel/observable/c86a824e756d312396d1ba30e943e6aa
[18Nov2024 19:13:47.471] [modloading-worker-0/INFO] [dev.architectury.networking.forge.NetworkManagerImpl/]: Registering S2C receiver with id minecraft:channel/observable/c86a824e756d312396d1ba30e943e6aa
[18Nov2024 19:13:47.471] [modloading-worker-0/INFO] [ObservableNet/]: Registered class observable.net.S2CPacket$Availability
[18Nov2024 19:13:47.504] [modloading-worker-0/INFO] [PluginManager/]: Scanning classes for titanium
[18Nov2024 19:13:47.504] [modloading-worker-0/INFO] [Enchantment Descriptions/]: Loaded config file.
[18Nov2024 19:13:47.528] [modloading-worker-0/INFO] [Enchantment Descriptions/]: Saved config file.
[18Nov2024 19:13:47.717] [modloading-worker-0/INFO] [mezz.jei.library.load.PluginCaller/]: Sending ConfigManager...
[18Nov2024 19:13:47.732] [modloading-worker-0/INFO] [mezz.jei.library.load.PluginCaller/]: Sending ConfigManager took 15.38 ms
[18Nov2024 19:13:47.777] [modloading-worker-0/INFO] [be.florens.expandability.ExpandAbility/]: ExpandAbility here, who dis?
[18Nov2024 19:13:47.814] [modloading-worker-0/INFO] [MEGA Cells/]: Initialised items.
[18Nov2024 19:13:47.850] [modloading-worker-0/INFO] [MEGA Cells/]: Initialised blocks.
[18Nov2024 19:13:47.888] [modloading-worker-0/INFO] [Eidolon Repraised/]: Loaded [apotheosis] compatibility
[18Nov2024 19:13:47.892] [modloading-worker-0/INFO] [MEGA Cells/]: Initialised block entities.
[18Nov2024 19:13:48.066] [modloading-worker-0/ERROR] [thelm.jaopca.data.DataCollector/]: Tag recycling in namespace oooh_pinky has no type
[18Nov2024 19:13:48.068] [modloading-worker-0/INFO] [thelm.jaopca.data.DataCollector/]: Found 5692 unique defined tags
[18Nov2024 19:13:48.159] [modloading-worker-0/INFO] [thelm.jaopca.data.DataCollector/]: Found 36858 unique defined recipes
[18Nov2024 19:13:48.183] [modloading-worker-0/INFO] [thelm.jaopca.data.DataCollector/]: Found 3 unique defined loot tables
[18Nov2024 19:13:48.205] [modloading-worker-0/INFO] [thelm.jaopca.data.DataCollector/]: Found 0 unique defined advancements
[18Nov2024 19:13:48.387] [modloading-worker-0/INFO] [thelm.jaopca.modules.ModuleHandler/]: Module thelm.jaopca.compat.voluminousenergy.VoluminousEnergyModule has missing mod dependencies, skipping
[18Nov2024 19:13:48.387] [modloading-worker-0/INFO] [thelm.jaopca.modules.ModuleHandler/]: Module thelm.jaopca.compat.voluminousenergy.VoluminousEnergyDustModule has missing mod dependencies, skipping
[18Nov2024 19:13:48.387] [modloading-worker-0/INFO] [thelm.jaopca.modules.ModuleHandler/]: Module thelm.jaopca.compat.voluminousenergy.VoluminousEnergyCrystalModule has missing mod dependencies, skipping
[18Nov2024 19:13:48.387] [modloading-worker-0/INFO] [thelm.jaopca.modules.ModuleHandler/]: Module thelm.jaopca.compat.voluminousenergy.VoluminousEnergyCompatModule has missing mod dependencies, skipping
[18Nov2024 19:13:48.387] [modloading-worker-0/INFO] [thelm.jaopca.modules.ModuleHandler/]: Module thelm.jaopca.compat.usefulmachinery.UsefulMachineryModule has missing mod dependencies, skipping
[18Nov2024 19:13:48.387] [modloading-worker-0/INFO] [thelm.jaopca.modules.ModuleHandler/]: Module thelm.jaopca.compat.usefulmachinery.UsefulMachineryLegacyModule has missing mod dependencies, skipping
[18Nov2024 19:13:48.387] [modloading-worker-0/INFO] [thelm.jaopca.modules.ModuleHandler/]: Module thelm.jaopca.compat.usefulmachinery.UsefulMachineryCompatModule has missing mod dependencies, skipping
[18Nov2024 19:13:48.398] [modloading-worker-0/INFO] [thelm.jaopca.modules.ModuleHandler/]: Module thelm.jaopca.compat.railcraft.RailcraftNonIngotModule has missing mod dependencies, skipping
[18Nov2024 19:13:48.398] [modloading-worker-0/INFO] [thelm.jaopca.modules.ModuleHandler/]: Module thelm.jaopca.compat.railcraft.RailcraftModule has missing mod dependencies, skipping
[18Nov2024 19:13:48.398] [modloading-worker-0/INFO] [thelm.jaopca.modules.ModuleHandler/]: Module thelm.jaopca.compat.railcraft.RailcraftCompatModule has missing mod dependencies, skipping
[18Nov2024 19:13:48.416] [modloading-worker-0/INFO] [thelm.jaopca.modules.ModuleHandler/]: Module thelm.jaopca.compat.integrateddynamics.IntegratedDynamicsNonIngotModule has missing mod dependencies, skipping
[18Nov2024 19:13:48.416] [modloading-worker-0/INFO] [thelm.jaopca.modules.ModuleHandler/]: Module thelm.jaopca.compat.integrateddynamics.IntegratedDynamicsModule has missing mod dependencies, skipping
[18Nov2024 19:13:48.416] [modloading-worker-0/INFO] [thelm.jaopca.modules.ModuleHandler/]: Module thelm.jaopca.compat.integrateddynamics.IntegratedDynamicsLegacyModule has missing mod dependencies, skipping
[18Nov2024 19:13:48.416] [modloading-worker-0/INFO] [thelm.jaopca.modules.ModuleHandler/]: Module thelm.jaopca.compat.indreb.IndRebModule has missing mod dependencies, skipping
[18Nov2024 19:13:48.416] [modloading-worker-0/INFO] [thelm.jaopca.modules.ModuleHandler/]: Module thelm.jaopca.compat.indreb.IndRebCompatModule has missing mod dependencies, skipping
[18Nov2024 19:13:48.416] [modloading-worker-0/INFO] [thelm.jaopca.modules.ModuleHandler/]: Module thelm.jaopca.compat.immersiveengineering.ImmersiveEngineeringNonIngotModule has missing mod dependencies, skipping
[18Nov2024 19:13:48.416] [modloading-worker-0/INFO] [thelm.jaopca.modules.ModuleHandler/]: Module thelm.jaopca.compat.immersiveengineering.ImmersiveEngineeringModule has missing mod dependencies, skipping
[18Nov2024 19:13:48.416] [modloading-worker-0/INFO] [thelm.jaopca.modules.ModuleHandler/]: Module thelm.jaopca.compat.immersiveengineering.ImmersiveEngineeringCompatModule has missing mod dependencies, skipping
[18Nov2024 19:13:48.416] [modloading-worker-0/INFO] [thelm.jaopca.modules.ModuleHandler/]: Module thelm.jaopca.compat.factorium.FactoriumModule has missing mod dependencies, skipping
[18Nov2024 19:13:48.416] [modloading-worker-0/INFO] [thelm.jaopca.modules.ModuleHandler/]: Module thelm.jaopca.compat.factorium.FactoriumCompatModule has missing mod dependencies, skipping
[18Nov2024 19:13:48.417] [modloading-worker-0/INFO] [thelm.jaopca.modules.ModuleHandler/]: Module thelm.jaopca.compat.energizedpower.EnergizedPowerNonIngotModule has missing mod dependencies, skipping
[18Nov2024 19:13:48.417] [modloading-worker-0/INFO] [thelm.jaopca.modules.ModuleHandler/]: Module thelm.jaopca.compat.energizedpower.EnergizedPowerModule has missing mod dependencies, skipping
[18Nov2024 19:13:48.417] [modloading-worker-0/INFO] [thelm.jaopca.modules.ModuleHandler/]: Module thelm.jaopca.compat.energizedpower.EnergizedPowerCompatModule has missing mod dependencies, skipping
[18Nov2024 19:13:48.417] [modloading-worker-0/INFO] [thelm.jaopca.modules.ModuleHandler/]: Module thelm.jaopca.compat.embers.EmbersModule has missing mod dependencies, skipping
[18Nov2024 19:13:48.417] [modloading-worker-0/INFO] [thelm.jaopca.modules.ModuleHandler/]: Module thelm.jaopca.compat.embers.EmbersCompatModule has missing mod dependencies, skipping
[18Nov2024 19:13:48.417] [modloading-worker-0/INFO] [thelm.jaopca.modules.ModuleHandler/]: Module thelm.jaopca.compat.electrodynamics.ElectrodynamicsNonIngotModule has missing mod dependencies, skipping
[18Nov2024 19:13:48.417] [modloading-worker-0/INFO] [thelm.jaopca.modules.ModuleHandler/]: Module thelm.jaopca.compat.electrodynamics.ElectrodynamicsModule has missing mod dependencies, skipping
[18Nov2024 19:13:48.417] [modloading-worker-0/INFO] [thelm.jaopca.modules.ModuleHandler/]: Module thelm.jaopca.compat.electrodynamics.ElectrodynamicsCompatModule has missing mod dependencies, skipping
[18Nov2024 19:13:48.417] [modloading-worker-0/INFO] [thelm.jaopca.modules.ModuleHandler/]: Module thelm.jaopca.compat.cyclic.CyclicNonIngotModule has missing mod dependencies, skipping
[18Nov2024 19:13:48.417] [modloading-worker-0/INFO] [thelm.jaopca.modules.ModuleHandler/]: Module thelm.jaopca.compat.cyclic.CyclicModule has missing mod dependencies, skipping
[18Nov2024 19:13:48.417] [modloading-worker-0/INFO] [thelm.jaopca.modules.ModuleHandler/]: Module thelm.jaopca.compat.crossroads.CrossroadsNonIngotModule has missing mod dependencies, skipping
[18Nov2024 19:13:48.417] [modloading-worker-0/INFO] [thelm.jaopca.modules.ModuleHandler/]: Module thelm.jaopca.compat.crossroads.CrossroadsModule has missing mod dependencies, skipping
[18Nov2024 19:13:48.417] [modloading-worker-0/INFO] [thelm.jaopca.modules.ModuleHandler/]: Module thelm.jaopca.compat.crossroads.CrossroadsCompatModule has missing mod dependencies, skipping
[18Nov2024 19:13:48.417] [modloading-worker-0/INFO] [thelm.jaopca.modules.ModuleHandler/]: Module thelm.jaopca.compat.createmetallurgy.CreateMetallurgyModule has missing mod dependencies, skipping
[18Nov2024 19:13:48.417] [modloading-worker-0/INFO] [thelm.jaopca.modules.ModuleHandler/]: Module thelm.jaopca.compat.createmetallurgy.CreateMetallurgyCompatModule has missing mod dependencies, skipping
[18Nov2024 19:13:48.417] [modloading-worker-0/INFO] [thelm.jaopca.modules.ModuleHandler/]: Module thelm.jaopca.compat.createdd.CreateDDModule has missing mod dependencies, skipping
[18Nov2024 19:13:48.500] [modloading-worker-0/INFO] [thelm.jaopca.materials.MaterialHandler/]: Added 107 materials
[18Nov2024 19:13:48.920] [modloading-worker-0/INFO] [com.mna.ManaAndArtifice/]: M&A -> Retrieved 41 auras from the server
[18Nov2024 19:13:48.920] [modloading-worker-0/INFO] [com.mna.ManaAndArtifice/]: M&A -> Mod Event Bus Handlers Registered
[18Nov2024 19:13:48.944] [modloading-worker-0/INFO] [pneumaticcraft/]: Thirdparty integration activated for [cofh_core,jei,botania,mekanism,curios,patchouli,create]
[18Nov2024 19:13:49.586] [Render thread/INFO] [com.mna.ManaAndArtifice/]: Finished registering registries!
[18Nov2024 19:13:49.613] [Render thread/INFO] [net.minecraft.resources.RegistryDataLoader/]: Capturing existing worldgen registries
[18Nov2024 19:13:49.613] [Render thread/INFO] [net.minecraft.resources.RegistryDataLoader/]: Found 2 injected RegistryDataLoader worldgen registries
[18Nov2024 19:13:50.510] [Render thread/INFO] [HammerLib/]: Register AP class org.zeith.hammerlib.annotations.client.TileRenderer$AP for interface org.zeith.hammerlib.annotations.client.TileRenderer.
[18Nov2024 19:13:50.510] [Render thread/INFO] [HammerLib/]: Register AP class org.zeith.hammerlib.annotations.client.Particles$AP for interface org.zeith.hammerlib.annotations.client.Particles.
[18Nov2024 19:13:50.694] [Render thread/INFO] [com.mna.ManaAndArtifice/]: M&A -> Ritual Effects Registered
[18Nov2024 19:13:50.694] [Render thread/INFO] [com.mna.ManaAndArtifice/]: Mana and Artifice >> Registered Construct Tasks
[18Nov2024 19:13:50.695] [Render thread/INFO] [com.mna.ManaAndArtifice/]: M&A -> Block Items Registered
[18Nov2024 19:13:50.700] [Render thread/INFO] [uk.co.hexeption.aeinfinitybooster.AEInfinityBooster/]: Creating Creative Mode Tab
[18Nov2024 19:13:50.722] [Render thread/INFO] [com.mna.ManaAndArtifice/]: M&A -> Ritual Effects Registered
[18Nov2024 19:13:50.722] [Render thread/INFO] [com.mna.ManaAndArtifice/]: Mana and Artifice >> Registered Construct Tasks
[18Nov2024 19:13:50.722] [Render thread/INFO] [com.mna.ManaAndArtifice/]: M&A -> Block Items Registered
[18Nov2024 19:13:50.723] [Render thread/INFO] [uk.co.hexeption.aeinfinitybooster.AEInfinityBooster/]: Creating Creative Mode Tab
[18Nov2024 19:13:52.118] [Render thread/INFO] [com.mna.ManaAndArtifice/]: M&A -> Ritual Effects Registered
[18Nov2024 19:13:52.118] [Render thread/INFO] [com.mna.ManaAndArtifice/]: Mana and Artifice >> Registered Construct Tasks
[18Nov2024 19:13:52.118] [Render thread/INFO] [com.mna.ManaAndArtifice/]: M&A -> Block Items Registered
[18Nov2024 19:13:52.612] [Render thread/INFO] [uk.co.hexeption.aeinfinitybooster.AEInfinityBooster/]: Creating Creative Mode Tab
[18Nov2024 19:13:52.749] [Render thread/INFO] [com.mna.ManaAndArtifice/]: M&A -> Ritual Effects Registered
[18Nov2024 19:13:52.749] [Render thread/INFO] [com.mna.ManaAndArtifice/]: Mana and Artifice >> Registered Construct Tasks
[18Nov2024 19:13:52.749] [Render thread/INFO] [com.mna.ManaAndArtifice/]: M&A -> Block Items Registered
[18Nov2024 19:13:52.749] [Render thread/INFO] [uk.co.hexeption.aeinfinitybooster.AEInfinityBooster/]: Creating Creative Mode Tab
[18Nov2024 19:13:52.767] [Render thread/INFO] [com.mna.ManaAndArtifice/]: M&A -> Ritual Effects Registered
[18Nov2024 19:13:52.767] [Render thread/INFO] [com.mna.ManaAndArtifice/]: Mana and Artifice >> Registered Construct Tasks
[18Nov2024 19:13:52.767] [Render thread/INFO] [com.mna.ManaAndArtifice/]: M&A -> Block Items Registered
[18Nov2024 19:13:52.779] [Render thread/INFO] [uk.co.hexeption.aeinfinitybooster.AEInfinityBooster/]: Creating Creative Mode Tab
[18Nov2024 19:13:52.818] [Render thread/INFO] [com.mna.ManaAndArtifice/]: M&A -> Ritual Effects Registered
[18Nov2024 19:13:52.818] [Render thread/INFO] [com.mna.ManaAndArtifice/]: Mana and Artifice >> Registered Construct Tasks
[18Nov2024 19:13:52.818] [Render thread/INFO] [com.mna.ManaAndArtifice/]: M&A -> Block Items Registered
[18Nov2024 19:13:52.831] [Render thread/INFO] [uk.co.hexeption.aeinfinitybooster.AEInfinityBooster/]: Creating Creative Mode Tab
[18Nov2024 19:13:53.473] [Render thread/INFO] [com.mna.ManaAndArtifice/]: M&A -> Ritual Effects Registered
[18Nov2024 19:13:53.473] [Render thread/INFO] [com.mna.ManaAndArtifice/]: Mana and Artifice >> Registered Construct Tasks
[18Nov2024 19:13:53.477] [Render thread/INFO] [com.mna.ManaAndArtifice/]: M&A -> Block Items Registered
[18Nov2024 19:13:53.701] [Render thread/INFO] [uk.co.hexeption.aeinfinitybooster.AEInfinityBooster/]: Creating Creative Mode Tab
[18Nov2024 19:13:53.710] [Render thread/INFO] [dev.architectury.networking.forge.NetworkManagerImpl/]: Registering C2S receiver with id ae2wtlib:cycle_terminal
[18Nov2024 19:13:54.291] [Render thread/INFO] [com.mna.ManaAndArtifice/]: M&A -> Ritual Effects Registered
[18Nov2024 19:13:54.292] [Render thread/INFO] [com.mna.ManaAndArtifice/]: Mana and Artifice >> Registered Construct Tasks
[18Nov2024 19:13:54.292] [Render thread/INFO] [com.mna.ManaAndArtifice/]: M&A -> Block Items Registered
[18Nov2024 19:13:54.438] [Render thread/INFO] [uk.co.hexeption.aeinfinitybooster.AEInfinityBooster/]: Creating Creative Mode Tab
[18Nov2024 19:13:54.451] [Render thread/INFO] [com.mna.ManaAndArtifice/]: M&A -> Ritual Effects Registered
[18Nov2024 19:13:54.451] [Render thread/INFO] [com.mna.ManaAndArtifice/]: Mana and Artifice >> Registered Construct Tasks
[18Nov2024 19:13:54.451] [Render thread/INFO] [com.mna.ManaAndArtifice/]: M&A -> Block Items Registered
[18Nov2024 19:13:54.452] [Render thread/INFO] [uk.co.hexeption.aeinfinitybooster.AEInfinityBooster/]: Creating Creative Mode Tab
[18Nov2024 19:13:54.458] [Render thread/INFO] [com.mna.ManaAndArtifice/]: M&A -> Ritual Effects Registered
[18Nov2024 19:13:54.458] [Render thread/INFO] [com.mna.ManaAndArtifice/]: Mana and Artifice >> Registered Construct Tasks
[18Nov2024 19:13:54.458] [Render thread/INFO] [com.mna.ManaAndArtifice/]: M&A -> Block Items Registered
[18Nov2024 19:13:54.458] [Render thread/INFO] [uk.co.hexeption.aeinfinitybooster.AEInfinityBooster/]: Creating Creative Mode Tab
[18Nov2024 19:13:54.464] [Render thread/INFO] [com.mna.ManaAndArtifice/]: M&A -> Ritual Effects Registered
[18Nov2024 19:13:54.464] [Render thread/INFO] [com.mna.ManaAndArtifice/]: Mana and Artifice >> Registered Construct Tasks
[18Nov2024 19:13:54.464] [Render thread/INFO] [com.mna.ManaAndArtifice/]: M&A -> Block Items Registered
[18Nov2024 19:13:54.465] [Render thread/INFO] [uk.co.hexeption.aeinfinitybooster.AEInfinityBooster/]: Creating Creative Mode Tab
[18Nov2024 19:13:54.468] [Render thread/INFO] [com.mna.ManaAndArtifice/]: M&A -> Ritual Effects Registered
[18Nov2024 19:13:54.468] [Render thread/INFO] [com.mna.ManaAndArtifice/]: Mana and Artifice >> Registered Construct Tasks
[18Nov2024 19:13:54.468] [Render thread/INFO] [com.mna.ManaAndArtifice/]: M&A -> Block Items Registered
[18Nov2024 19:13:54.468] [Render thread/INFO] [uk.co.hexeption.aeinfinitybooster.AEInfinityBooster/]: Creating Creative Mode Tab
[18Nov2024 19:13:54.478] [Render thread/INFO] [com.mna.ManaAndArtifice/]: M&A -> Ritual Effects Registered
[18Nov2024 19:13:54.478] [Render thread/INFO] [com.mna.ManaAndArtifice/]: Mana and Artifice >> Registered Construct Tasks
[18Nov2024 19:13:54.478] [Render thread/INFO] [com.mna.ManaAndArtifice/]: M&A -> Block Items Registered
[18Nov2024 19:13:54.479] [Render thread/INFO] [uk.co.hexeption.aeinfinitybooster.AEInfinityBooster/]: Creating Creative Mode Tab
[18Nov2024 19:13:54.618] [Render thread/INFO] [com.mna.ManaAndArtifice/]: M&A -> Ritual Effects Registered
[18Nov2024 19:13:54.618] [Render thread/INFO] [com.mna.ManaAndArtifice/]: Mana and Artifice >> Registered Construct Tasks
[18Nov2024 19:13:54.618] [Render thread/INFO] [com.mna.ManaAndArtifice/]: M&A -> Block Items Registered
[18Nov2024 19:13:54.657] [Render thread/INFO] [uk.co.hexeption.aeinfinitybooster.AEInfinityBooster/]: Creating Creative Mode Tab
[18Nov2024 19:13:54.700] [Render thread/INFO] [com.mna.ManaAndArtifice/]: M&A -> Ritual Effects Registered
[18Nov2024 19:13:54.700] [Render thread/INFO] [com.mna.ManaAndArtifice/]: Mana and Artifice >> Registered Construct Tasks
[18Nov2024 19:13:54.700] [Render thread/INFO] [com.mna.ManaAndArtifice/]: M&A -> Block Items Registered
[18Nov2024 19:13:54.701] [Render thread/INFO] [uk.co.hexeption.aeinfinitybooster.AEInfinityBooster/]: Creating Creative Mode Tab
[18Nov2024 19:13:54.707] [Render thread/INFO] [com.mna.ManaAndArtifice/]: M&A -> Ritual Effects Registered
[18Nov2024 19:13:54.707] [Render thread/INFO] [com.mna.ManaAndArtifice/]: Mana and Artifice >> Registered Construct Tasks
[18Nov2024 19:13:54.707] [Render thread/INFO] [com.mna.ManaAndArtifice/]: M&A -> Block Items Registered
[18Nov2024 19:13:54.707] [Render thread/INFO] [uk.co.hexeption.aeinfinitybooster.AEInfinityBooster/]: Creating Creative Mode Tab
[18Nov2024 19:13:54.714] [Render thread/INFO] [com.mna.ManaAndArtifice/]: M&A -> Ritual Effects Registered
[18Nov2024 19:13:54.714] [Render thread/INFO] [com.mna.ManaAndArtifice/]: Mana and Artifice >> Registered Construct Tasks
[18Nov2024 19:13:54.714] [Render thread/INFO] [com.mna.ManaAndArtifice/]: M&A -> Block Items Registered
[18Nov2024 19:13:54.714] [Render thread/INFO] [uk.co.hexeption.aeinfinitybooster.AEInfinityBooster/]: Creating Creative Mode Tab
[18Nov2024 19:13:54.720] [Render thread/INFO] [com.mna.ManaAndArtifice/]: M&A -> Ritual Effects Registered
[18Nov2024 19:13:54.720] [Render thread/INFO] [com.mna.ManaAndArtifice/]: Mana and Artifice >> Registered Construct Tasks
[18Nov2024 19:13:54.720] [Render thread/INFO] [com.mna.ManaAndArtifice/]: M&A -> Block Items Registered
[18Nov2024 19:13:54.720] [Render thread/INFO] [uk.co.hexeption.aeinfinitybooster.AEInfinityBooster/]: Creating Creative Mode Tab
[18Nov2024 19:13:54.726] [Render thread/INFO] [com.mna.ManaAndArtifice/]: M&A -> Ritual Effects Registered
[18Nov2024 19:13:54.726] [Render thread/INFO] [com.mna.ManaAndArtifice/]: Mana and Artifice >> Registered Construct Tasks
[18Nov2024 19:13:54.726] [Render thread/INFO] [com.mna.ManaAndArtifice/]: M&A -> Block Items Registered
[18Nov2024 19:13:54.726] [Render thread/INFO] [uk.co.hexeption.aeinfinitybooster.AEInfinityBooster/]: Creating Creative Mode Tab
[18Nov2024 19:13:54.729] [Render thread/INFO] [com.mna.ManaAndArtifice/]: M&A -> Ritual Effects Registered
[18Nov2024 19:13:54.729] [Render thread/INFO] [com.mna.ManaAndArtifice/]: Mana and Artifice >> Registered Construct Tasks
[18Nov2024 19:13:54.729] [Render thread/INFO] [com.mna.ManaAndArtifice/]: M&A -> Block Items Registered
[18Nov2024 19:13:54.729] [Render thread/INFO] [uk.co.hexeption.aeinfinitybooster.AEInfinityBooster/]: Creating Creative Mode Tab
[18Nov2024 19:13:54.731] [Render thread/INFO] [com.mna.ManaAndArtifice/]: M&A -> Ritual Effects Registered
[18Nov2024 19:13:54.732] [Render thread/INFO] [com.mna.ManaAndArtifice/]: Mana and Artifice >> Registered Construct Tasks
[18Nov2024 19:13:54.732] [Render thread/INFO] [com.mna.ManaAndArtifice/]: M&A -> Block Items Registered
[18Nov2024 19:13:54.732] [Render thread/INFO] [uk.co.hexeption.aeinfinitybooster.AEInfinityBooster/]: Creating Creative Mode Tab
[18Nov2024 19:13:54.929] [Render thread/INFO] [com.mna.ManaAndArtifice/]: M&A -> Ritual Effects Registered
[18Nov2024 19:13:54.929] [Render thread/INFO] [com.mna.ManaAndArtifice/]: Mana and Artifice >> Registered Construct Tasks
[18Nov2024 19:13:54.929] [Render thread/INFO] [com.mna.ManaAndArtifice/]: M&A -> Block Items Registered
[18Nov2024 19:13:54.954] [Render thread/INFO] [uk.co.hexeption.aeinfinitybooster.AEInfinityBooster/]: Creating Creative Mode Tab
[18Nov2024 19:13:54.981] [Render thread/INFO] [com.mna.ManaAndArtifice/]: M&A -> Ritual Effects Registered
[18Nov2024 19:13:54.982] [Render thread/INFO] [com.mna.ManaAndArtifice/]: Mana and Artifice >> Registered Construct Tasks
[18Nov2024 19:13:54.982] [Render thread/INFO] [com.mna.ManaAndArtifice/]: M&A -> Block Items Registered
[18Nov2024 19:13:54.984] [Render thread/INFO] [uk.co.hexeption.aeinfinitybooster.AEInfinityBooster/]: Creating Creative Mode Tab
[18Nov2024 19:13:55.097] [Render thread/INFO] [com.mna.ManaAndArtifice/]: M&A -> Ritual Effects Registered
[18Nov2024 19:13:55.097] [Render thread/INFO] [com.mna.ManaAndArtifice/]: Mana and Artifice >> Registered Construct Tasks
[18Nov2024 19:13:55.097] [Render thread/INFO] [com.mna.ManaAndArtifice/]: M&A -> Block Items Registered
[18Nov2024 19:13:55.127] [Render thread/INFO] [uk.co.hexeption.aeinfinitybooster.AEInfinityBooster/]: Creating Creative Mode Tab
[18Nov2024 19:13:55.136] [Render thread/INFO] [com.mna.ManaAndArtifice/]: M&A -> Ritual Effects Registered
[18Nov2024 19:13:55.136] [Render thread/INFO] [com.mna.ManaAndArtifice/]: Mana and Artifice >> Registered Construct Tasks
[18Nov2024 19:13:55.136] [Render thread/INFO] [com.mna.ManaAndArtifice/]: M&A -> Block Items Registered
[18Nov2024 19:13:55.136] [Render thread/INFO] [uk.co.hexeption.aeinfinitybooster.AEInfinityBooster/]: Creating Creative Mode Tab
[18Nov2024 19:13:55.154] [Render thread/INFO] [com.mna.ManaAndArtifice/]: M&A -> Ritual Effects Registered
[18Nov2024 19:13:55.154] [Render thread/INFO] [com.mna.ManaAndArtifice/]: Mana and Artifice >> Registered Construct Tasks
[18Nov2024 19:13:55.154] [Render thread/INFO] [com.mna.ManaAndArtifice/]: M&A -> Block Items Registered
[18Nov2024 19:13:55.155] [Render thread/INFO] [uk.co.hexeption.aeinfinitybooster.AEInfinityBooster/]: Creating Creative Mode Tab
[18Nov2024 19:13:55.160] [Render thread/INFO] [com.mna.ManaAndArtifice/]: M&A -> Ritual Effects Registered
[18Nov2024 19:13:55.160] [Render thread/INFO] [com.mna.ManaAndArtifice/]: Mana and Artifice >> Registered Construct Tasks
[18Nov2024 19:13:55.160] [Render thread/INFO] [com.mna.ManaAndArtifice/]: M&A -> Block Items Registered
[18Nov2024 19:13:55.161] [Render thread/INFO] [uk.co.hexeption.aeinfinitybooster.AEInfinityBooster/]: Creating Creative Mode Tab
[18Nov2024 19:13:55.165] [Render thread/INFO] [com.mna.ManaAndArtifice/]: M&A -> Ritual Effects Registered
[18Nov2024 19:13:55.165] [Render thread/INFO] [com.mna.ManaAndArtifice/]: Mana and Artifice >> Registered Construct Tasks
[18Nov2024 19:13:55.165] [Render thread/INFO] [com.mna.ManaAndArtifice/]: M&A -> Block Items Registered
[18Nov2024 19:13:55.165] [Render thread/INFO] [uk.co.hexeption.aeinfinitybooster.AEInfinityBooster/]: Creating Creative Mode Tab
[18Nov2024 19:13:55.168] [Render thread/INFO] [com.mna.ManaAndArtifice/]: M&A -> Ritual Effects Registered
[18Nov2024 19:13:55.168] [Render thread/INFO] [com.mna.ManaAndArtifice/]: Mana and Artifice >> Registered Construct Tasks
[18Nov2024 19:13:55.168] [Render thread/INFO] [com.mna.ManaAndArtifice/]: M&A -> Block Items Registered
[18Nov2024 19:13:55.168] [Render thread/INFO] [uk.co.hexeption.aeinfinitybooster.AEInfinityBooster/]: Creating Creative Mode Tab
[18Nov2024 19:13:55.172] [Render thread/INFO] [com.mna.ManaAndArtifice/]: M&A -> Ritual Effects Registered
[18Nov2024 19:13:55.172] [Render thread/INFO] [com.mna.ManaAndArtifice/]: Mana and Artifice >> Registered Construct Tasks
[18Nov2024 19:13:55.172] [Render thread/INFO] [com.mna.ManaAndArtifice/]: M&A -> Block Items Registered
[18Nov2024 19:13:55.172] [Render thread/INFO] [uk.co.hexeption.aeinfinitybooster.AEInfinityBooster/]: Creating Creative Mode Tab
[18Nov2024 19:13:55.174] [Render thread/INFO] [com.mna.ManaAndArtifice/]: M&A -> Ritual Effects Registered
[18Nov2024 19:13:55.174] [Render thread/INFO] [com.mna.ManaAndArtifice/]: Mana and Artifice >> Registered Construct Tasks
[18Nov2024 19:13:55.174] [Render thread/INFO] [com.mna.ManaAndArtifice/]: M&A -> Block Items Registered
[18Nov2024 19:13:55.174] [Render thread/INFO] [uk.co.hexeption.aeinfinitybooster.AEInfinityBooster/]: Creating Creative Mode Tab
[18Nov2024 19:13:55.177] [Render thread/INFO] [com.mna.ManaAndArtifice/]: M&A -> Ritual Effects Registered
[18Nov2024 19:13:55.177] [Render thread/INFO] [com.mna.ManaAndArtifice/]: Mana and Artifice >> Registered Construct Tasks
[18Nov2024 19:13:55.177] [Render thread/INFO] [com.mna.ManaAndArtifice/]: M&A -> Block Items Registered
[18Nov2024 19:13:55.177] [Render thread/INFO] [uk.co.hexeption.aeinfinitybooster.AEInfinityBooster/]: Creating Creative Mode Tab
[18Nov2024 19:13:55.184] [Render thread/INFO] [com.mna.ManaAndArtifice/]: M&A -> Ritual Effects Registered
[18Nov2024 19:13:55.184] [Render thread/INFO] [com.mna.ManaAndArtifice/]: Mana and Artifice >> Registered Construct Tasks
[18Nov2024 19:13:55.184] [Render thread/INFO] [com.mna.ManaAndArtifice/]: M&A -> Block Items Registered
[18Nov2024 19:13:55.187] [Render thread/INFO] [uk.co.hexeption.aeinfinitybooster.AEInfinityBooster/]: Creating Creative Mode Tab
[18Nov2024 19:13:55.194] [Render thread/INFO] [com.mna.ManaAndArtifice/]: M&A -> Ritual Effects Registered
[18Nov2024 19:13:55.195] [Render thread/INFO] [com.mna.ManaAndArtifice/]: Mana and Artifice >> Registered Construct Tasks
[18Nov2024 19:13:55.195] [Render thread/INFO] [com.mna.ManaAndArtifice/]: M&A -> Block Items Registered
[18Nov2024 19:13:55.195] [Render thread/INFO] [uk.co.hexeption.aeinfinitybooster.AEInfinityBooster/]: Creating Creative Mode Tab
[18Nov2024 19:13:55.198] [Render thread/INFO] [com.mna.ManaAndArtifice/]: M&A -> Ritual Effects Registered
[18Nov2024 19:13:55.198] [Render thread/INFO] [com.mna.ManaAndArtifice/]: Mana and Artifice >> Registered Construct Tasks
[18Nov2024 19:13:55.199] [Render thread/INFO] [com.mna.ManaAndArtifice/]: M&A -> Block Items Registered
[18Nov2024 19:13:55.199] [Render thread/INFO] [uk.co.hexeption.aeinfinitybooster.AEInfinityBooster/]: Creating Creative Mode Tab
[18Nov2024 19:13:55.201] [Render thread/INFO] [com.mna.ManaAndArtifice/]: M&A -> Ritual Effects Registered
[18Nov2024 19:13:55.201] [Render thread/INFO] [com.mna.ManaAndArtifice/]: Mana and Artifice >> Registered Construct Tasks
[18Nov2024 19:13:55.201] [Render thread/INFO] [com.mna.ManaAndArtifice/]: M&A -> Block Items Registered
[18Nov2024 19:13:55.202] [Render thread/INFO] [uk.co.hexeption.aeinfinitybooster.AEInfinityBooster/]: Creating Creative Mode Tab
[18Nov2024 19:13:55.204] [Render thread/INFO] [com.mna.ManaAndArtifice/]: M&A -> Ritual Effects Registered
[18Nov2024 19:13:55.204] [Render thread/INFO] [com.mna.ManaAndArtifice/]: Mana and Artifice >> Registered Construct Tasks
[18Nov2024 19:13:55.204] [Render thread/INFO] [com.mna.ManaAndArtifice/]: M&A -> Block Items Registered
[18Nov2024 19:13:55.204] [Render thread/INFO] [uk.co.hexeption.aeinfinitybooster.AEInfinityBooster/]: Creating Creative Mode Tab
[18Nov2024 19:13:55.207] [Render thread/INFO] [com.mna.ManaAndArtifice/]: M&A -> Ritual Effects Registered
[18Nov2024 19:13:55.207] [Render thread/INFO] [com.mna.ManaAndArtifice/]: Mana and Artifice >> Registered Construct Tasks
[18Nov2024 19:13:55.207] [Render thread/INFO] [com.mna.ManaAndArtifice/]: M&A -> Block Items Registered
[18Nov2024 19:13:55.207] [Render thread/INFO] [uk.co.hexeption.aeinfinitybooster.AEInfinityBooster/]: Creating Creative Mode Tab
[18Nov2024 19:13:55.210] [Render thread/INFO] [com.mna.ManaAndArtifice/]: M&A -> Ritual Effects Registered
[18Nov2024 19:13:55.210] [Render thread/INFO] [com.mna.ManaAndArtifice/]: Mana and Artifice >> Registered Construct Tasks
[18Nov2024 19:13:55.210] [Render thread/INFO] [com.mna.ManaAndArtifice/]: M&A -> Block Items Registered
[18Nov2024 19:13:55.210] [Render thread/INFO] [uk.co.hexeption.aeinfinitybooster.AEInfinityBooster/]: Creating Creative Mode Tab
[18Nov2024 19:13:55.213] [Render thread/INFO] [com.mna.ManaAndArtifice/]: M&A -> Ritual Effects Registered
[18Nov2024 19:13:55.213] [Render thread/INFO] [com.mna.ManaAndArtifice/]: Mana and Artifice >> Registered Construct Tasks
[18Nov2024 19:13:55.213] [Render thread/INFO] [com.mna.ManaAndArtifice/]: M&A -> Block Items Registered
[18Nov2024 19:13:55.213] [Render thread/INFO] [uk.co.hexeption.aeinfinitybooster.AEInfinityBooster/]: Creating Creative Mode Tab
[18Nov2024 19:13:55.215] [Render thread/INFO] [com.mna.ManaAndArtifice/]: M&A -> Ritual Effects Registered
[18Nov2024 19:13:55.215] [Render thread/INFO] [com.mna.ManaAndArtifice/]: Mana and Artifice >> Registered Construct Tasks
[18Nov2024 19:13:55.215] [Render thread/INFO] [com.mna.ManaAndArtifice/]: M&A -> Block Items Registered
[18Nov2024 19:13:55.215] [Render thread/INFO] [uk.co.hexeption.aeinfinitybooster.AEInfinityBooster/]: Creating Creative Mode Tab
[18Nov2024 19:13:55.218] [Render thread/INFO] [com.mna.ManaAndArtifice/]: M&A -> Ritual Effects Registered
[18Nov2024 19:13:55.218] [Render thread/INFO] [com.mna.ManaAndArtifice/]: Mana and Artifice >> Registered Construct Tasks
[18Nov2024 19:13:55.218] [Render thread/INFO] [com.mna.ManaAndArtifice/]: M&A -> Block Items Registered
[18Nov2024 19:13:55.219] [Render thread/INFO] [uk.co.hexeption.aeinfinitybooster.AEInfinityBooster/]: Creating Creative Mode Tab
[18Nov2024 19:13:55.233] [Render thread/INFO] [com.mna.ManaAndArtifice/]: M&A -> Ritual Effects Registered
[18Nov2024 19:13:55.233] [Render thread/INFO] [com.mna.ManaAndArtifice/]: Mana and Artifice >> Registered Construct Tasks
[18Nov2024 19:13:55.233] [Render thread/INFO] [com.mna.ManaAndArtifice/]: M&A -> Block Items Registered
[18Nov2024 19:13:55.258] [Render thread/INFO] [uk.co.hexeption.aeinfinitybooster.AEInfinityBooster/]: Creating Creative Mode Tab
[18Nov2024 19:13:55.266] [Render thread/INFO] [com.mna.ManaAndArtifice/]: M&A -> Ritual Effects Registered
[18Nov2024 19:13:55.266] [Render thread/INFO] [com.mna.ManaAndArtifice/]: Mana and Artifice >> Registered Construct Tasks
[18Nov2024 19:13:55.266] [Render thread/INFO] [com.mna.ManaAndArtifice/]: M&A -> Block Items Registered
[18Nov2024 19:13:55.266] [Render thread/INFO] [uk.co.hexeption.aeinfinitybooster.AEInfinityBooster/]: Creating Creative Mode Tab
[18Nov2024 19:13:55.272] [Render thread/INFO] [com.mna.ManaAndArtifice/]: M&A -> Ritual Effects Registered
[18Nov2024 19:13:55.272] [Render thread/INFO] [com.mna.ManaAndArtifice/]: Mana and Artifice >> Registered Construct Tasks
[18Nov2024 19:13:55.272] [Render thread/INFO] [com.mna.ManaAndArtifice/]: M&A -> Block Items Registered
[18Nov2024 19:13:55.272] [Render thread/INFO] [uk.co.hexeption.aeinfinitybooster.AEInfinityBooster/]: Creating Creative Mode Tab
[18Nov2024 19:13:55.281] [Render thread/INFO] [com.mna.ManaAndArtifice/]: M&A -> Ritual Effects Registered
[18Nov2024 19:13:55.281] [Render thread/INFO] [com.mna.ManaAndArtifice/]: Mana and Artifice >> Registered Construct Tasks
[18Nov2024 19:13:55.281] [Render thread/INFO] [com.mna.ManaAndArtifice/]: M&A -> Block Items Registered
[18Nov2024 19:13:55.287] [Render thread/INFO] [uk.co.hexeption.aeinfinitybooster.AEInfinityBooster/]: Creating Creative Mode Tab
[18Nov2024 19:13:55.293] [Render thread/INFO] [com.mna.ManaAndArtifice/]: M&A -> Ritual Effects Registered
[18Nov2024 19:13:55.293] [Render thread/INFO] [com.mna.ManaAndArtifice/]: Mana and Artifice >> Registered Construct Tasks
[18Nov2024 19:13:55.293] [Render thread/INFO] [com.mna.ManaAndArtifice/]: M&A -> Block Items Registered
[18Nov2024 19:13:55.294] [Render thread/INFO] [uk.co.hexeption.aeinfinitybooster.AEInfinityBooster/]: Creating Creative Mode Tab
[18Nov2024 19:13:55.300] [Render thread/INFO] [com.mna.ManaAndArtifice/]: M&A -> Ritual Effects Registered
[18Nov2024 19:13:55.300] [Render thread/INFO] [com.mna.ManaAndArtifice/]: Mana and Artifice >> Registered Construct Tasks
[18Nov2024 19:13:55.300] [Render thread/INFO] [com.mna.ManaAndArtifice/]: M&A -> Block Items Registered
[18Nov2024 19:13:55.300] [Render thread/INFO] [uk.co.hexeption.aeinfinitybooster.AEInfinityBooster/]: Creating Creative Mode Tab
[18Nov2024 19:13:55.303] [Render thread/INFO] [com.mna.ManaAndArtifice/]: M&A -> Ritual Effects Registered
[18Nov2024 19:13:55.303] [Render thread/INFO] [com.mna.ManaAndArtifice/]: Mana and Artifice >> Registered Construct Tasks
[18Nov2024 19:13:55.303] [Render thread/INFO] [com.mna.ManaAndArtifice/]: M&A -> Block Items Registered
[18Nov2024 19:13:55.304] [Render thread/INFO] [uk.co.hexeption.aeinfinitybooster.AEInfinityBooster/]: Creating Creative Mode Tab
[18Nov2024 19:13:55.306] [Render thread/INFO] [com.mna.ManaAndArtifice/]: M&A -> Ritual Effects Registered
[18Nov2024 19:13:55.307] [Render thread/INFO] [com.mna.ManaAndArtifice/]: Mana and Artifice >> Registered Construct Tasks
[18Nov2024 19:13:55.307] [Render thread/INFO] [com.mna.ManaAndArtifice/]: M&A -> Block Items Registered
[18Nov2024 19:13:55.307] [Render thread/INFO] [uk.co.hexeption.aeinfinitybooster.AEInfinityBooster/]: Creating Creative Mode Tab
[18Nov2024 19:13:55.309] [Render thread/INFO] [com.mna.ManaAndArtifice/]: M&A -> Ritual Effects Registered
[18Nov2024 19:13:55.309] [Render thread/INFO] [com.mna.ManaAndArtifice/]: Mana and Artifice >> Registered Construct Tasks
[18Nov2024 19:13:55.309] [Render thread/INFO] [com.mna.ManaAndArtifice/]: M&A -> Block Items Registered
[18Nov2024 19:13:55.310] [Render thread/INFO] [uk.co.hexeption.aeinfinitybooster.AEInfinityBooster/]: Creating Creative Mode Tab
[18Nov2024 19:13:55.312] [Render thread/INFO] [com.mna.ManaAndArtifice/]: M&A -> Ritual Effects Registered
[18Nov2024 19:13:55.312] [Render thread/INFO] [com.mna.ManaAndArtifice/]: Mana and Artifice >> Registered Construct Tasks
[18Nov2024 19:13:55.312] [Render thread/INFO] [com.mna.ManaAndArtifice/]: M&A -> Block Items Registered
[18Nov2024 19:13:55.312] [Render thread/INFO] [uk.co.hexeption.aeinfinitybooster.AEInfinityBooster/]: Creating Creative Mode Tab
[18Nov2024 19:13:55.315] [Render thread/INFO] [com.mna.ManaAndArtifice/]: M&A -> Ritual Effects Registered
[18Nov2024 19:13:55.315] [Render thread/INFO] [com.mna.ManaAndArtifice/]: Mana and Artifice >> Registered Construct Tasks
[18Nov2024 19:13:55.315] [Render thread/INFO] [com.mna.ManaAndArtifice/]: M&A -> Block Items Registered
[18Nov2024 19:13:55.315] [Render thread/INFO] [uk.co.hexeption.aeinfinitybooster.AEInfinityBooster/]: Creating Creative Mode Tab
[18Nov2024 19:13:55.317] [Render thread/INFO] [com.mna.ManaAndArtifice/]: M&A -> Ritual Effects Registered
[18Nov2024 19:13:55.317] [Render thread/INFO] [com.mna.ManaAndArtifice/]: Mana and Artifice >> Registered Construct Tasks
[18Nov2024 19:13:55.317] [Render thread/INFO] [com.mna.ManaAndArtifice/]: M&A -> Block Items Registered
[18Nov2024 19:13:55.317] [Render thread/INFO] [uk.co.hexeption.aeinfinitybooster.AEInfinityBooster/]: Creating Creative Mode Tab
[18Nov2024 19:13:55.320] [Render thread/INFO] [com.mna.ManaAndArtifice/]: M&A -> Ritual Effects Registered
[18Nov2024 19:13:55.320] [Render thread/INFO] [com.mna.ManaAndArtifice/]: Mana and Artifice >> Registered Construct Tasks
[18Nov2024 19:13:55.320] [Render thread/INFO] [com.mna.ManaAndArtifice/]: M&A -> Block Items Registered
[18Nov2024 19:13:55.321] [Render thread/INFO] [uk.co.hexeption.aeinfinitybooster.AEInfinityBooster/]: Creating Creative Mode Tab
[18Nov2024 19:13:55.326] [Render thread/INFO] [com.mna.ManaAndArtifice/]: M&A -> Ritual Effects Registered
[18Nov2024 19:13:55.326] [Render thread/INFO] [com.mna.ManaAndArtifice/]: Mana and Artifice >> Registered Construct Tasks
[18Nov2024 19:13:55.326] [Render thread/INFO] [com.mna.ManaAndArtifice/]: M&A -> Block Items Registered
[18Nov2024 19:13:55.326] [Render thread/INFO] [uk.co.hexeption.aeinfinitybooster.AEInfinityBooster/]: Creating Creative Mode Tab
[18Nov2024 19:13:55.328] [Render thread/INFO] [com.mna.ManaAndArtifice/]: M&A -> Ritual Effects Registered
[18Nov2024 19:13:55.328] [Render thread/INFO] [com.mna.ManaAndArtifice/]: Mana and Artifice >> Registered Construct Tasks
[18Nov2024 19:13:55.328] [Render thread/INFO] [com.mna.ManaAndArtifice/]: M&A -> Block Items Registered
[18Nov2024 19:13:55.329] [Render thread/INFO] [uk.co.hexeption.aeinfinitybooster.AEInfinityBooster/]: Creating Creative Mode Tab
[18Nov2024 19:13:55.332] [Render thread/INFO] [com.mna.ManaAndArtifice/]: M&A -> Ritual Effects Registered
[18Nov2024 19:13:55.332] [Render thread/INFO] [com.mna.ManaAndArtifice/]: Mana and Artifice >> Registered Construct Tasks
[18Nov2024 19:13:55.332] [Render thread/INFO] [com.mna.ManaAndArtifice/]: M&A -> Block Items Registered
[18Nov2024 19:13:55.332] [Render thread/INFO] [uk.co.hexeption.aeinfinitybooster.AEInfinityBooster/]: Creating Creative Mode Tab
[18Nov2024 19:13:55.335] [Render thread/INFO] [com.mna.ManaAndArtifice/]: M&A -> Ritual Effects Registered
[18Nov2024 19:13:55.335] [Render thread/INFO] [com.mna.ManaAndArtifice/]: Mana and Artifice >> Registered Construct Tasks
[18Nov2024 19:13:55.335] [Render thread/INFO] [com.mna.ManaAndArtifice/]: M&A -> Block Items Registered
[18Nov2024 19:13:55.335] [Render thread/INFO] [uk.co.hexeption.aeinfinitybooster.AEInfinityBooster/]: Creating Creative Mode Tab
[18Nov2024 19:13:55.337] [Render thread/INFO] [com.mna.ManaAndArtifice/]: M&A -> Ritual Effects Registered
[18Nov2024 19:13:55.337] [Render thread/INFO] [com.mna.ManaAndArtifice/]: Mana and Artifice >> Registered Construct Tasks
[18Nov2024 19:13:55.337] [Render thread/INFO] [com.mna.ManaAndArtifice/]: M&A -> Block Items Registered
[18Nov2024 19:13:55.337] [Render thread/INFO] [uk.co.hexeption.aeinfinitybooster.AEInfinityBooster/]: Creating Creative Mode Tab
[18Nov2024 19:13:55.340] [Render thread/INFO] [com.mna.ManaAndArtifice/]: M&A -> Ritual Effects Registered
[18Nov2024 19:13:55.340] [Render thread/INFO] [com.mna.ManaAndArtifice/]: Mana and Artifice >> Registered Construct Tasks
[18Nov2024 19:13:55.340] [Render thread/INFO] [com.mna.ManaAndArtifice/]: M&A -> Block Items Registered
[18Nov2024 19:13:55.340] [Render thread/INFO] [uk.co.hexeption.aeinfinitybooster.AEInfinityBooster/]: Creating Creative Mode Tab
[18Nov2024 19:13:55.342] [Render thread/INFO] [com.mna.ManaAndArtifice/]: M&A -> Ritual Effects Registered
[18Nov2024 19:13:55.342] [Render thread/INFO] [com.mna.ManaAndArtifice/]: Mana and Artifice >> Registered Construct Tasks
[18Nov2024 19:13:55.342] [Render thread/INFO] [com.mna.ManaAndArtifice/]: M&A -> Block Items Registered
[18Nov2024 19:13:55.342] [Render thread/INFO] [uk.co.hexeption.aeinfinitybooster.AEInfinityBooster/]: Creating Creative Mode Tab
[18Nov2024 19:13:55.345] [Render thread/INFO] [com.mna.ManaAndArtifice/]: M&A -> Ritual Effects Registered
[18Nov2024 19:13:55.345] [Render thread/INFO] [com.mna.ManaAndArtifice/]: Mana and Artifice >> Registered Construct Tasks
[18Nov2024 19:13:55.345] [Render thread/INFO] [com.mna.ManaAndArtifice/]: M&A -> Block Items Registered
[18Nov2024 19:13:55.345] [Render thread/INFO] [uk.co.hexeption.aeinfinitybooster.AEInfinityBooster/]: Creating Creative Mode Tab
[18Nov2024 19:13:55.347] [Render thread/INFO] [com.mna.ManaAndArtifice/]: M&A -> Ritual Effects Registered
[18Nov2024 19:13:55.347] [Render thread/INFO] [com.mna.ManaAndArtifice/]: Mana and Artifice >> Registered Construct Tasks
[18Nov2024 19:13:55.347] [Render thread/INFO] [com.mna.ManaAndArtifice/]: M&A -> Block Items Registered
[18Nov2024 19:13:55.347] [Render thread/INFO] [uk.co.hexeption.aeinfinitybooster.AEInfinityBooster/]: Creating Creative Mode Tab
[18Nov2024 19:13:55.350] [Render thread/INFO] [com.mna.ManaAndArtifice/]: M&A -> Ritual Effects Registered
[18Nov2024 19:13:55.350] [Render thread/INFO] [com.mna.ManaAndArtifice/]: Mana and Artifice >> Registered Construct Tasks
[18Nov2024 19:13:55.350] [Render thread/INFO] [com.mna.ManaAndArtifice/]: M&A -> Block Items Registered
[18Nov2024 19:13:55.350] [Render thread/INFO] [uk.co.hexeption.aeinfinitybooster.AEInfinityBooster/]: Creating Creative Mode Tab
[18Nov2024 19:13:55.394] [Render thread/INFO] [com.mna.ManaAndArtifice/]: M&A -> Ritual Effects Registered
[18Nov2024 19:13:55.394] [Render thread/INFO] [com.mna.ManaAndArtifice/]: Mana and Artifice >> Registered Construct Tasks
[18Nov2024 19:13:55.394] [Render thread/INFO] [com.mna.ManaAndArtifice/]: M&A -> Block Items Registered
[18Nov2024 19:13:55.402] [Render thread/INFO] [uk.co.hexeption.aeinfinitybooster.AEInfinityBooster/]: Creating Creative Mode Tab
[18Nov2024 19:13:55.411] [Render thread/INFO] [com.mna.ManaAndArtifice/]: M&A -> Ritual Effects Registered
[18Nov2024 19:13:55.411] [Render thread/INFO] [com.mna.ManaAndArtifice/]: Mana and Artifice >> Registered Construct Tasks
[18Nov2024 19:13:55.411] [Render thread/INFO] [com.mna.ManaAndArtifice/]: M&A -> Block Items Registered
[18Nov2024 19:13:55.411] [Render thread/INFO] [uk.co.hexeption.aeinfinitybooster.AEInfinityBooster/]: Creating Creative Mode Tab
[18Nov2024 19:13:55.414] [Render thread/INFO] [com.mna.ManaAndArtifice/]: M&A -> Ritual Effects Registered
[18Nov2024 19:13:55.414] [Render thread/INFO] [com.mna.ManaAndArtifice/]: Mana and Artifice >> Registered Construct Tasks
[18Nov2024 19:13:55.414] [Render thread/INFO] [com.mna.ManaAndArtifice/]: M&A -> Block Items Registered
[18Nov2024 19:13:55.414] [Render thread/INFO] [uk.co.hexeption.aeinfinitybooster.AEInfinityBooster/]: Creating Creative Mode Tab
[18Nov2024 19:13:55.417] [Render thread/INFO] [com.mna.ManaAndArtifice/]: M&A -> Ritual Effects Registered
[18Nov2024 19:13:55.417] [Render thread/INFO] [com.mna.ManaAndArtifice/]: Mana and Artifice >> Registered Construct Tasks
[18Nov2024 19:13:55.417] [Render thread/INFO] [com.mna.ManaAndArtifice/]: M&A -> Block Items Registered
[18Nov2024 19:13:55.417] [Render thread/INFO] [uk.co.hexeption.aeinfinitybooster.AEInfinityBooster/]: Creating Creative Mode Tab
[18Nov2024 19:13:55.419] [Render thread/INFO] [com.mna.ManaAndArtifice/]: M&A -> Ritual Effects Registered
[18Nov2024 19:13:55.419] [Render thread/INFO] [com.mna.ManaAndArtifice/]: Mana and Artifice >> Registered Construct Tasks
[18Nov2024 19:13:55.419] [Render thread/INFO] [com.mna.ManaAndArtifice/]: M&A -> Block Items Registered
[18Nov2024 19:13:55.419] [Render thread/INFO] [uk.co.hexeption.aeinfinitybooster.AEInfinityBooster/]: Creating Creative Mode Tab
[18Nov2024 19:13:55.421] [Render thread/INFO] [com.mna.ManaAndArtifice/]: M&A -> Ritual Effects Registered
[18Nov2024 19:13:55.421] [Render thread/INFO] [com.mna.ManaAndArtifice/]: Mana and Artifice >> Registered Construct Tasks
[18Nov2024 19:13:55.421] [Render thread/INFO] [com.mna.ManaAndArtifice/]: M&A -> Block Items Registered
[18Nov2024 19:13:55.421] [Render thread/INFO] [uk.co.hexeption.aeinfinitybooster.AEInfinityBooster/]: Creating Creative Mode Tab
[18Nov2024 19:13:55.424] [Render thread/INFO] [com.mna.ManaAndArtifice/]: M&A -> Ritual Effects Registered
[18Nov2024 19:13:55.424] [Render thread/INFO] [com.mna.ManaAndArtifice/]: Mana and Artifice >> Registered Construct Tasks
[18Nov2024 19:13:55.424] [Render thread/INFO] [com.mna.ManaAndArtifice/]: M&A -> Block Items Registered
[18Nov2024 19:13:55.424] [Render thread/INFO] [uk.co.hexeption.aeinfinitybooster.AEInfinityBooster/]: Creating Creative Mode Tab
[18Nov2024 19:13:55.426] [Render thread/INFO] [com.mna.ManaAndArtifice/]: M&A -> Ritual Effects Registered
[18Nov2024 19:13:55.426] [Render thread/INFO] [com.mna.ManaAndArtifice/]: Mana and Artifice >> Registered Construct Tasks
[18Nov2024 19:13:55.426] [Render thread/INFO] [com.mna.ManaAndArtifice/]: M&A -> Block Items Registered
[18Nov2024 19:13:55.426] [Render thread/INFO] [uk.co.hexeption.aeinfinitybooster.AEInfinityBooster/]: Creating Creative Mode Tab
[18Nov2024 19:13:55.429] [Render thread/INFO] [com.mna.ManaAndArtifice/]: M&A -> Ritual Effects Registered
[18Nov2024 19:13:55.429] [Render thread/INFO] [com.mna.ManaAndArtifice/]: Mana and Artifice >> Registered Construct Tasks
[18Nov2024 19:13:55.429] [Render thread/INFO] [com.mna.ManaAndArtifice/]: M&A -> Block Items Registered
[18Nov2024 19:13:55.429] [Render thread/INFO] [uk.co.hexeption.aeinfinitybooster.AEInfinityBooster/]: Creating Creative Mode Tab
[18Nov2024 19:13:55.431] [Render thread/INFO] [com.mna.ManaAndArtifice/]: M&A -> Ritual Effects Registered
[18Nov2024 19:13:55.431] [Render thread/INFO] [com.mna.ManaAndArtifice/]: Mana and Artifice >> Registered Construct Tasks
[18Nov2024 19:13:55.431] [Render thread/INFO] [com.mna.ManaAndArtifice/]: M&A -> Block Items Registered
[18Nov2024 19:13:55.431] [Render thread/INFO] [uk.co.hexeption.aeinfinitybooster.AEInfinityBooster/]: Creating Creative Mode Tab
[18Nov2024 19:13:55.434] [Render thread/INFO] [com.mna.ManaAndArtifice/]: M&A -> Ritual Effects Registered
[18Nov2024 19:13:55.434] [Render thread/INFO] [com.mna.ManaAndArtifice/]: Mana and Artifice >> Registered Construct Tasks
[18Nov2024 19:13:55.434] [Render thread/INFO] [com.mna.ManaAndArtifice/]: M&A -> Block Items Registered
[18Nov2024 19:13:55.434] [Render thread/INFO] [uk.co.hexeption.aeinfinitybooster.AEInfinityBooster/]: Creating Creative Mode Tab
[18Nov2024 19:13:55.436] [Render thread/INFO] [com.mna.ManaAndArtifice/]: M&A -> Ritual Effects Registered
[18Nov2024 19:13:55.436] [Render thread/INFO] [com.mna.ManaAndArtifice/]: Mana and Artifice >> Registered Construct Tasks
[18Nov2024 19:13:55.436] [Render thread/INFO] [com.mna.ManaAndArtifice/]: M&A -> Block Items Registered
[18Nov2024 19:13:55.436] [Render thread/INFO] [uk.co.hexeption.aeinfinitybooster.AEInfinityBooster/]: Creating Creative Mode Tab
[18Nov2024 19:13:55.438] [Render thread/INFO] [com.mna.ManaAndArtifice/]: M&A -> Ritual Effects Registered
[18Nov2024 19:13:55.438] [Render thread/INFO] [com.mna.ManaAndArtifice/]: Mana and Artifice >> Registered Construct Tasks
[18Nov2024 19:13:55.438] [Render thread/INFO] [com.mna.ManaAndArtifice/]: M&A -> Block Items Registered
[18Nov2024 19:13:55.438] [Render thread/INFO] [uk.co.hexeption.aeinfinitybooster.AEInfinityBooster/]: Creating Creative Mode Tab
[18Nov2024 19:13:55.441] [Render thread/INFO] [com.mna.ManaAndArtifice/]: M&A -> Ritual Effects Registered
[18Nov2024 19:13:55.441] [Render thread/INFO] [com.mna.ManaAndArtifice/]: Mana and Artifice >> Registered Construct Tasks
[18Nov2024 19:13:55.441] [Render thread/INFO] [com.mna.ManaAndArtifice/]: M&A -> Block Items Registered
[18Nov2024 19:13:55.441] [Render thread/INFO] [uk.co.hexeption.aeinfinitybooster.AEInfinityBooster/]: Creating Creative Mode Tab
[18Nov2024 19:13:55.443] [Render thread/INFO] [com.mna.ManaAndArtifice/]: M&A -> Ritual Effects Registered
[18Nov2024 19:13:55.443] [Render thread/INFO] [com.mna.ManaAndArtifice/]: Mana and Artifice >> Registered Construct Tasks
[18Nov2024 19:13:55.443] [Render thread/INFO] [com.mna.ManaAndArtifice/]: M&A -> Block Items Registered
[18Nov2024 19:13:55.443] [Render thread/INFO] [uk.co.hexeption.aeinfinitybooster.AEInfinityBooster/]: Creating Creative Mode Tab
[18Nov2024 19:13:55.446] [Render thread/INFO] [com.mna.ManaAndArtifice/]: M&A -> Ritual Effects Registered
[18Nov2024 19:13:55.446] [Render thread/INFO] [com.mna.ManaAndArtifice/]: Mana and Artifice >> Registered Construct Tasks
[18Nov2024 19:13:55.446] [Render thread/INFO] [com.mna.ManaAndArtifice/]: M&A -> Block Items Registered
[18Nov2024 19:13:55.446] [Render thread/INFO] [uk.co.hexeption.aeinfinitybooster.AEInfinityBooster/]: Creating Creative Mode Tab
[18Nov2024 19:13:55.448] [Render thread/INFO] [com.mna.ManaAndArtifice/]: M&A -> Ritual Effects Registered
[18Nov2024 19:13:55.448] [Render thread/INFO] [com.mna.ManaAndArtifice/]: Mana and Artifice >> Registered Construct Tasks
[18Nov2024 19:13:55.448] [Render thread/INFO] [com.mna.ManaAndArtifice/]: M&A -> Block Items Registered
[18Nov2024 19:13:55.448] [Render thread/INFO] [uk.co.hexeption.aeinfinitybooster.AEInfinityBooster/]: Creating Creative Mode Tab
[18Nov2024 19:13:55.451] [Render thread/INFO] [com.mna.ManaAndArtifice/]: M&A -> Ritual Effects Registered
[18Nov2024 19:13:55.451] [Render thread/INFO] [com.mna.ManaAndArtifice/]: Mana and Artifice >> Registered Construct Tasks
[18Nov2024 19:13:55.451] [Render thread/INFO] [com.mna.ManaAndArtifice/]: M&A -> Block Items Registered
[18Nov2024 19:13:55.451] [Render thread/INFO] [uk.co.hexeption.aeinfinitybooster.AEInfinityBooster/]: Creating Creative Mode Tab
[18Nov2024 19:13:55.453] [Render thread/INFO] [com.mna.ManaAndArtifice/]: M&A -> Ritual Effects Registered
[18Nov2024 19:13:55.453] [Render thread/INFO] [com.mna.ManaAndArtifice/]: Mana and Artifice >> Registered Construct Tasks
[18Nov2024 19:13:55.453] [Render thread/INFO] [com.mna.ManaAndArtifice/]: M&A -> Block Items Registered
[18Nov2024 19:13:55.458] [Render thread/INFO] [uk.co.hexeption.aeinfinitybooster.AEInfinityBooster/]: Creating Creative Mode Tab
[18Nov2024 19:13:55.461] [Render thread/INFO] [com.mna.ManaAndArtifice/]: M&A -> Ritual Effects Registered
[18Nov2024 19:13:55.461] [Render thread/INFO] [com.mna.ManaAndArtifice/]: Mana and Artifice >> Registered Construct Tasks
[18Nov2024 19:13:55.461] [Render thread/INFO] [com.mna.ManaAndArtifice/]: M&A -> Block Items Registered
[18Nov2024 19:13:55.461] [Render thread/INFO] [uk.co.hexeption.aeinfinitybooster.AEInfinityBooster/]: Creating Creative Mode Tab
[18Nov2024 19:13:55.464] [Render thread/INFO] [com.mna.ManaAndArtifice/]: M&A -> Ritual Effects Registered
[18Nov2024 19:13:55.464] [Render thread/INFO] [com.mna.ManaAndArtifice/]: Mana and Artifice >> Registered Construct Tasks
[18Nov2024 19:13:55.464] [Render thread/INFO] [com.mna.ManaAndArtifice/]: M&A -> Block Items Registered
[18Nov2024 19:13:55.471] [Render thread/INFO] [uk.co.hexeption.aeinfinitybooster.AEInfinityBooster/]: Creating Creative Mode Tab
[18Nov2024 19:13:55.476] [Render thread/INFO] [com.mna.ManaAndArtifice/]: M&A -> Ritual Effects Registered
[18Nov2024 19:13:55.476] [Render thread/INFO] [com.mna.ManaAndArtifice/]: Mana and Artifice >> Registered Construct Tasks
[18Nov2024 19:13:55.476] [Render thread/INFO] [com.mna.ManaAndArtifice/]: M&A -> Block Items Registered
[18Nov2024 19:13:55.476] [Render thread/INFO] [uk.co.hexeption.aeinfinitybooster.AEInfinityBooster/]: Creating Creative Mode Tab
[18Nov2024 19:13:55.480] [Render thread/INFO] [com.mna.ManaAndArtifice/]: M&A -> Ritual Effects Registered
[18Nov2024 19:13:55.480] [Render thread/INFO] [com.mna.ManaAndArtifice/]: Mana and Artifice >> Registered Construct Tasks
[18Nov2024 19:13:55.480] [Render thread/INFO] [com.mna.ManaAndArtifice/]: M&A -> Block Items Registered
[18Nov2024 19:13:55.480] [Render thread/INFO] [uk.co.hexeption.aeinfinitybooster.AEInfinityBooster/]: Creating Creative Mode Tab
[18Nov2024 19:13:55.483] [Render thread/INFO] [com.mna.ManaAndArtifice/]: M&A -> Ritual Effects Registered
[18Nov2024 19:13:55.483] [Render thread/INFO] [com.mna.ManaAndArtifice/]: Mana and Artifice >> Registered Construct Tasks
[18Nov2024 19:13:55.483] [Render thread/INFO] [com.mna.ManaAndArtifice/]: M&A -> Block Items Registered
[18Nov2024 19:13:55.483] [Render thread/INFO] [uk.co.hexeption.aeinfinitybooster.AEInfinityBooster/]: Creating Creative Mode Tab
[18Nov2024 19:13:55.487] [Render thread/INFO] [com.mna.ManaAndArtifice/]: M&A -> Ritual Effects Registered
[18Nov2024 19:13:55.487] [Render thread/INFO] [com.mna.ManaAndArtifice/]: Mana and Artifice >> Registered Construct Tasks
[18Nov2024 19:13:55.487] [Render thread/INFO] [com.mna.ManaAndArtifice/]: M&A -> Block Items Registered
[18Nov2024 19:13:55.487] [Render thread/INFO] [uk.co.hexeption.aeinfinitybooster.AEInfinityBooster/]: Creating Creative Mode Tab
[18Nov2024 19:13:55.497] [Render thread/INFO] [com.mna.ManaAndArtifice/]: M&A -> Ritual Effects Registered
[18Nov2024 19:13:55.498] [Render thread/INFO] [com.mna.ManaAndArtifice/]: Mana and Artifice >> Registered Construct Tasks
[18Nov2024 19:13:55.498] [Render thread/INFO] [com.mna.ManaAndArtifice/]: M&A -> Block Items Registered
[18Nov2024 19:13:55.498] [Render thread/INFO] [uk.co.hexeption.aeinfinitybooster.AEInfinityBooster/]: Creating Creative Mode Tab
[18Nov2024 19:13:55.501] [Render thread/INFO] [com.mna.ManaAndArtifice/]: M&A -> Ritual Effects Registered
[18Nov2024 19:13:55.501] [Render thread/INFO] [com.mna.ManaAndArtifice/]: Mana and Artifice >> Registered Construct Tasks
[18Nov2024 19:13:55.501] [Render thread/INFO] [com.mna.ManaAndArtifice/]: M&A -> Block Items Registered
[18Nov2024 19:13:55.501] [Render thread/INFO] [uk.co.hexeption.aeinfinitybooster.AEInfinityBooster/]: Creating Creative Mode Tab
[18Nov2024 19:13:55.506] [Render thread/INFO] [com.mna.ManaAndArtifice/]: M&A -> Ritual Effects Registered
[18Nov2024 19:13:55.506] [Render thread/INFO] [com.mna.ManaAndArtifice/]: Mana and Artifice >> Registered Construct Tasks
[18Nov2024 19:13:55.506] [Render thread/INFO] [com.mna.ManaAndArtifice/]: M&A -> Block Items Registered
[18Nov2024 19:13:55.506] [Render thread/INFO] [uk.co.hexeption.aeinfinitybooster.AEInfinityBooster/]: Creating Creative Mode Tab
[18Nov2024 19:13:55.511] [Render thread/INFO] [com.mna.ManaAndArtifice/]: M&A -> Ritual Effects Registered
[18Nov2024 19:13:55.511] [Render thread/INFO] [com.mna.ManaAndArtifice/]: Mana and Artifice >> Registered Construct Tasks
[18Nov2024 19:13:55.511] [Render thread/INFO] [com.mna.ManaAndArtifice/]: M&A -> Block Items Registered
[18Nov2024 19:13:55.511] [Render thread/INFO] [uk.co.hexeption.aeinfinitybooster.AEInfinityBooster/]: Creating Creative Mode Tab
[18Nov2024 19:13:55.517] [Render thread/INFO] [com.mna.ManaAndArtifice/]: M&A -> Ritual Effects Registered
[18Nov2024 19:13:55.517] [Render thread/INFO] [com.mna.ManaAndArtifice/]: Mana and Artifice >> Registered Construct Tasks
[18Nov2024 19:13:55.517] [Render thread/INFO] [com.mna.ManaAndArtifice/]: M&A -> Block Items Registered
[18Nov2024 19:13:55.517] [Render thread/INFO] [uk.co.hexeption.aeinfinitybooster.AEInfinityBooster/]: Creating Creative Mode Tab
[18Nov2024 19:13:55.522] [Render thread/INFO] [com.mna.ManaAndArtifice/]: M&A -> Ritual Effects Registered
[18Nov2024 19:13:55.522] [Render thread/INFO] [com.mna.ManaAndArtifice/]: Mana and Artifice >> Registered Construct Tasks
[18Nov2024 19:13:55.522] [Render thread/INFO] [com.mna.ManaAndArtifice/]: M&A -> Block Items Registered
[18Nov2024 19:13:55.522] [Render thread/INFO] [uk.co.hexeption.aeinfinitybooster.AEInfinityBooster/]: Creating Creative Mode Tab
[18Nov2024 19:13:55.529] [Render thread/INFO] [com.mna.ManaAndArtifice/]: M&A -> Ritual Effects Registered
[18Nov2024 19:13:55.529] [Render thread/INFO] [com.mna.ManaAndArtifice/]: Mana and Artifice >> Registered Construct Tasks
[18Nov2024 19:13:55.529] [Render thread/INFO] [com.mna.ManaAndArtifice/]: M&A -> Block Items Registered
[18Nov2024 19:13:55.529] [Render thread/INFO] [uk.co.hexeption.aeinfinitybooster.AEInfinityBooster/]: Creating Creative Mode Tab
[18Nov2024 19:13:55.539] [Render thread/INFO] [com.mna.ManaAndArtifice/]: M&A -> Ritual Effects Registered
[18Nov2024 19:13:55.539] [Render thread/INFO] [com.mna.ManaAndArtifice/]: Mana and Artifice >> Registered Construct Tasks
[18Nov2024 19:13:55.539] [Render thread/INFO] [com.mna.ManaAndArtifice/]: M&A -> Block Items Registered
[18Nov2024 19:13:55.541] [Render thread/INFO] [uk.co.hexeption.aeinfinitybooster.AEInfinityBooster/]: Creating Creative Mode Tab
[18Nov2024 19:13:55.545] [Render thread/INFO] [com.mna.ManaAndArtifice/]: M&A -> Ritual Effects Registered
[18Nov2024 19:13:55.545] [Render thread/INFO] [com.mna.ManaAndArtifice/]: Mana and Artifice >> Registered Construct Tasks
[18Nov2024 19:13:55.545] [Render thread/INFO] [com.mna.ManaAndArtifice/]: M&A -> Block Items Registered
[18Nov2024 19:13:55.545] [Render thread/INFO] [uk.co.hexeption.aeinfinitybooster.AEInfinityBooster/]: Creating Creative Mode Tab
[18Nov2024 19:13:55.548] [Render thread/INFO] [com.mna.ManaAndArtifice/]: M&A -> Ritual Effects Registered
[18Nov2024 19:13:55.548] [Render thread/INFO] [com.mna.ManaAndArtifice/]: Mana and Artifice >> Registered Construct Tasks
[18Nov2024 19:13:55.548] [Render thread/INFO] [com.mna.ManaAndArtifice/]: M&A -> Block Items Registered
[18Nov2024 19:13:55.549] [Render thread/INFO] [uk.co.hexeption.aeinfinitybooster.AEInfinityBooster/]: Creating Creative Mode Tab
[18Nov2024 19:13:55.558] [Render thread/INFO] [com.mna.ManaAndArtifice/]: M&A -> Ritual Effects Registered
[18Nov2024 19:13:55.559] [Render thread/INFO] [com.mna.ManaAndArtifice/]: Mana and Artifice >> Registered Construct Tasks
[18Nov2024 19:13:55.559] [Render thread/INFO] [com.mna.ManaAndArtifice/]: M&A -> Block Items Registered
[18Nov2024 19:13:55.560] [Render thread/INFO] [uk.co.hexeption.aeinfinitybooster.AEInfinityBooster/]: Creating Creative Mode Tab
[18Nov2024 19:13:55.578] [Render thread/INFO] [com.mna.ManaAndArtifice/]: M&A -> Ritual Effects Registered
[18Nov2024 19:13:55.578] [Render thread/INFO] [com.mna.ManaAndArtifice/]: Mana and Artifice >> Registered Construct Tasks
[18Nov2024 19:13:55.578] [Render thread/INFO] [com.mna.ManaAndArtifice/]: M&A -> Block Items Registered
[18Nov2024 19:13:55.583] [Render thread/INFO] [uk.co.hexeption.aeinfinitybooster.AEInfinityBooster/]: Creating Creative Mode Tab
[18Nov2024 19:13:55.590] [Render thread/INFO] [com.mna.ManaAndArtifice/]: M&A -> Ritual Effects Registered
[18Nov2024 19:13:55.590] [Render thread/INFO] [com.mna.ManaAndArtifice/]: Mana and Artifice >> Registered Construct Tasks
[18Nov2024 19:13:55.590] [Render thread/INFO] [com.mna.ManaAndArtifice/]: M&A -> Block Items Registered
[18Nov2024 19:13:55.590] [Render thread/INFO] [uk.co.hexeption.aeinfinitybooster.AEInfinityBooster/]: Creating Creative Mode Tab
[18Nov2024 19:13:55.595] [Render thread/INFO] [com.mna.ManaAndArtifice/]: M&A -> Ritual Effects Registered
[18Nov2024 19:13:55.595] [Render thread/INFO] [com.mna.ManaAndArtifice/]: Mana and Artifice >> Registered Construct Tasks
[18Nov2024 19:13:55.595] [Render thread/INFO] [com.mna.ManaAndArtifice/]: M&A -> Block Items Registered
[18Nov2024 19:13:55.595] [Render thread/INFO] [uk.co.hexeption.aeinfinitybooster.AEInfinityBooster/]: Creating Creative Mode Tab
[18Nov2024 19:13:55.600] [Render thread/INFO] [com.mna.ManaAndArtifice/]: M&A -> Ritual Effects Registered
[18Nov2024 19:13:55.600] [Render thread/INFO] [com.mna.ManaAndArtifice/]: Mana and Artifice >> Registered Construct Tasks
[18Nov2024 19:13:55.600] [Render thread/INFO] [com.mna.ManaAndArtifice/]: M&A -> Block Items Registered
[18Nov2024 19:13:55.600] [Render thread/INFO] [uk.co.hexeption.aeinfinitybooster.AEInfinityBooster/]: Creating Creative Mode Tab
[18Nov2024 19:13:55.603] [Render thread/INFO] [com.mna.ManaAndArtifice/]: M&A -> Ritual Effects Registered
[18Nov2024 19:13:55.603] [Render thread/INFO] [com.mna.ManaAndArtifice/]: Mana and Artifice >> Registered Construct Tasks
[18Nov2024 19:13:55.603] [Render thread/INFO] [com.mna.ManaAndArtifice/]: M&A -> Block Items Registered
[18Nov2024 19:13:55.603] [Render thread/INFO] [uk.co.hexeption.aeinfinitybooster.AEInfinityBooster/]: Creating Creative Mode Tab
[18Nov2024 19:13:55.606] [Render thread/INFO] [com.mna.ManaAndArtifice/]: M&A -> Ritual Effects Registered
[18Nov2024 19:13:55.606] [Render thread/INFO] [com.mna.ManaAndArtifice/]: Mana and Artifice >> Registered Construct Tasks
[18Nov2024 19:13:55.606] [Render thread/INFO] [com.mna.ManaAndArtifice/]: M&A -> Block Items Registered
[18Nov2024 19:13:55.606] [Render thread/INFO] [uk.co.hexeption.aeinfinitybooster.AEInfinityBooster/]: Creating Creative Mode Tab
[18Nov2024 19:13:55.609] [Render thread/INFO] [com.mna.ManaAndArtifice/]: M&A -> Ritual Effects Registered
[18Nov2024 19:13:55.609] [Render thread/INFO] [com.mna.ManaAndArtifice/]: Mana and Artifice >> Registered Construct Tasks
[18Nov2024 19:13:55.609] [Render thread/INFO] [com.mna.ManaAndArtifice/]: M&A -> Block Items Registered
[18Nov2024 19:13:55.609] [Render thread/INFO] [uk.co.hexeption.aeinfinitybooster.AEInfinityBooster/]: Creating Creative Mode Tab
[18Nov2024 19:13:55.611] [Render thread/INFO] [com.mna.ManaAndArtifice/]: M&A -> Ritual Effects Registered
[18Nov2024 19:13:55.611] [Render thread/INFO] [com.mna.ManaAndArtifice/]: Mana and Artifice >> Registered Construct Tasks
[18Nov2024 19:13:55.611] [Render thread/INFO] [com.mna.ManaAndArtifice/]: M&A -> Block Items Registered
[18Nov2024 19:13:55.612] [Render thread/INFO] [uk.co.hexeption.aeinfinitybooster.AEInfinityBooster/]: Creating Creative Mode Tab
[18Nov2024 19:13:55.614] [Render thread/INFO] [com.mna.ManaAndArtifice/]: M&A -> Ritual Effects Registered
[18Nov2024 19:13:55.615] [Render thread/INFO] [com.mna.ManaAndArtifice/]: Mana and Artifice >> Registered Construct Tasks
[18Nov2024 19:13:55.615] [Render thread/INFO] [com.mna.ManaAndArtifice/]: M&A -> Block Items Registered
[18Nov2024 19:13:55.615] [Render thread/INFO] [uk.co.hexeption.aeinfinitybooster.AEInfinityBooster/]: Creating Creative Mode Tab
[18Nov2024 19:13:55.617] [Render thread/INFO] [com.mna.ManaAndArtifice/]: M&A -> Ritual Effects Registered
[18Nov2024 19:13:55.617] [Render thread/INFO] [com.mna.ManaAndArtifice/]: Mana and Artifice >> Registered Construct Tasks
[18Nov2024 19:13:55.617] [Render thread/INFO] [com.mna.ManaAndArtifice/]: M&A -> Block Items Registered
[18Nov2024 19:13:55.617] [Render thread/INFO] [uk.co.hexeption.aeinfinitybooster.AEInfinityBooster/]: Creating Creative Mode Tab
[18Nov2024 19:13:55.620] [Render thread/INFO] [com.mna.ManaAndArtifice/]: M&A -> Ritual Effects Registered
[18Nov2024 19:13:55.620] [Render thread/INFO] [com.mna.ManaAndArtifice/]: Mana and Artifice >> Registered Construct Tasks
[18Nov2024 19:13:55.620] [Render thread/INFO] [com.mna.ManaAndArtifice/]: M&A -> Block Items Registered
[18Nov2024 19:13:55.620] [Render thread/INFO] [uk.co.hexeption.aeinfinitybooster.AEInfinityBooster/]: Creating Creative Mode Tab
[18Nov2024 19:13:55.622] [Render thread/INFO] [com.mna.ManaAndArtifice/]: M&A -> Ritual Effects Registered
[18Nov2024 19:13:55.622] [Render thread/INFO] [com.mna.ManaAndArtifice/]: Mana and Artifice >> Registered Construct Tasks
[18Nov2024 19:13:55.622] [Render thread/INFO] [com.mna.ManaAndArtifice/]: M&A -> Block Items Registered
[18Nov2024 19:13:55.622] [Render thread/INFO] [uk.co.hexeption.aeinfinitybooster.AEInfinityBooster/]: Creating Creative Mode Tab
[18Nov2024 19:13:55.627] [Render thread/INFO] [com.mna.ManaAndArtifice/]: M&A -> Ritual Effects Registered
[18Nov2024 19:13:55.627] [Render thread/INFO] [com.mna.ManaAndArtifice/]: Mana and Artifice >> Registered Construct Tasks
[18Nov2024 19:13:55.627] [Render thread/INFO] [com.mna.ManaAndArtifice/]: M&A -> Block Items Registered
[18Nov2024 19:13:55.627] [Render thread/INFO] [uk.co.hexeption.aeinfinitybooster.AEInfinityBooster/]: Creating Creative Mode Tab
[18Nov2024 19:13:55.630] [Render thread/INFO] [com.mna.ManaAndArtifice/]: M&A -> Ritual Effects Registered
[18Nov2024 19:13:55.630] [Render thread/INFO] [com.mna.ManaAndArtifice/]: Mana and Artifice >> Registered Construct Tasks
[18Nov2024 19:13:55.630] [Render thread/INFO] [com.mna.ManaAndArtifice/]: M&A -> Block Items Registered
[18Nov2024 19:13:55.630] [Render thread/INFO] [uk.co.hexeption.aeinfinitybooster.AEInfinityBooster/]: Creating Creative Mode Tab
[18Nov2024 19:13:55.633] [Render thread/INFO] [com.mna.ManaAndArtifice/]: M&A -> Ritual Effects Registered
[18Nov2024 19:13:55.633] [Render thread/INFO] [com.mna.ManaAndArtifice/]: Mana and Artifice >> Registered Construct Tasks
[18Nov2024 19:13:55.633] [Render thread/INFO] [com.mna.ManaAndArtifice/]: M&A -> Block Items Registered
[18Nov2024 19:13:55.633] [Render thread/INFO] [uk.co.hexeption.aeinfinitybooster.AEInfinityBooster/]: Creating Creative Mode Tab
[18Nov2024 19:13:55.635] [Render thread/INFO] [com.mna.ManaAndArtifice/]: M&A -> Ritual Effects Registered
[18Nov2024 19:13:55.635] [Render thread/INFO] [com.mna.ManaAndArtifice/]: Mana and Artifice >> Registered Construct Tasks
[18Nov2024 19:13:55.635] [Render thread/INFO] [com.mna.ManaAndArtifice/]: M&A -> Block Items Registered
[18Nov2024 19:13:55.635] [Render thread/INFO] [uk.co.hexeption.aeinfinitybooster.AEInfinityBooster/]: Creating Creative Mode Tab
[18Nov2024 19:13:55.639] [Render thread/INFO] [com.mna.ManaAndArtifice/]: M&A -> Ritual Effects Registered
[18Nov2024 19:13:55.639] [Render thread/INFO] [com.mna.ManaAndArtifice/]: Mana and Artifice >> Registered Construct Tasks
[18Nov2024 19:13:55.639] [Render thread/INFO] [com.mna.ManaAndArtifice/]: M&A -> Block Items Registered
[18Nov2024 19:13:55.639] [Render thread/INFO] [uk.co.hexeption.aeinfinitybooster.AEInfinityBooster/]: Creating Creative Mode Tab
[18Nov2024 19:13:55.645] [Render thread/INFO] [com.mna.ManaAndArtifice/]: M&A -> Ritual Effects Registered
[18Nov2024 19:13:55.645] [Render thread/INFO] [com.mna.ManaAndArtifice/]: Mana and Artifice >> Registered Construct Tasks
[18Nov2024 19:13:55.645] [Render thread/INFO] [com.mna.ManaAndArtifice/]: M&A -> Block Items Registered
[18Nov2024 19:13:55.645] [Render thread/INFO] [uk.co.hexeption.aeinfinitybooster.AEInfinityBooster/]: Creating Creative Mode Tab
[18Nov2024 19:13:55.685] [Render thread/INFO] [com.mna.ManaAndArtifice/]: M&A -> Ritual Effects Registered
[18Nov2024 19:13:55.685] [Render thread/INFO] [com.mna.ManaAndArtifice/]: Mana and Artifice >> Registered Construct Tasks
[18Nov2024 19:13:55.685] [Render thread/INFO] [com.mna.ManaAndArtifice/]: M&A -> Block Items Registered
[18Nov2024 19:13:55.685] [Render thread/INFO] [uk.co.hexeption.aeinfinitybooster.AEInfinityBooster/]: Creating Creative Mode Tab
[18Nov2024 19:13:55.689] [Render thread/INFO] [com.mna.ManaAndArtifice/]: M&A -> Ritual Effects Registered
[18Nov2024 19:13:55.693] [Render thread/INFO] [com.mna.ManaAndArtifice/]: Mana and Artifice >> Registered Construct Tasks
[18Nov2024 19:13:55.693] [Render thread/INFO] [com.mna.ManaAndArtifice/]: M&A -> Block Items Registered
[18Nov2024 19:13:55.693] [Render thread/INFO] [uk.co.hexeption.aeinfinitybooster.AEInfinityBooster/]: Creating Creative Mode Tab
[18Nov2024 19:13:55.695] [Render thread/INFO] [com.mna.ManaAndArtifice/]: M&A -> Ritual Effects Registered
[18Nov2024 19:13:55.696] [Render thread/INFO] [com.mna.ManaAndArtifice/]: Mana and Artifice >> Registered Construct Tasks
[18Nov2024 19:13:55.696] [Render thread/INFO] [com.mna.ManaAndArtifice/]: M&A -> Block Items Registered
[18Nov2024 19:13:55.696] [Render thread/INFO] [uk.co.hexeption.aeinfinitybooster.AEInfinityBooster/]: Creating Creative Mode Tab
[18Nov2024 19:13:55.698] [Render thread/INFO] [com.mna.ManaAndArtifice/]: M&A -> Ritual Effects Registered
[18Nov2024 19:13:55.698] [Render thread/INFO] [com.mna.ManaAndArtifice/]: Mana and Artifice >> Registered Construct Tasks
[18Nov2024 19:13:55.698] [Render thread/INFO] [com.mna.ManaAndArtifice/]: M&A -> Block Items Registered
[18Nov2024 19:13:55.698] [Render thread/INFO] [uk.co.hexeption.aeinfinitybooster.AEInfinityBooster/]: Creating Creative Mode Tab
[18Nov2024 19:13:55.715] [Render thread/INFO] [com.mna.ManaAndArtifice/]: M&A -> Ritual Effects Registered
[18Nov2024 19:13:55.715] [Render thread/INFO] [com.mna.ManaAndArtifice/]: Mana and Artifice >> Registered Construct Tasks
[18Nov2024 19:13:55.715] [Render thread/INFO] [com.mna.ManaAndArtifice/]: M&A -> Block Items Registered
[18Nov2024 19:13:55.715] [Render thread/INFO] [uk.co.hexeption.aeinfinitybooster.AEInfinityBooster/]: Creating Creative Mode Tab
[18Nov2024 19:13:55.724] [Render thread/INFO] [com.mna.ManaAndArtifice/]: M&A -> Ritual Effects Registered
[18Nov2024 19:13:55.724] [Render thread/INFO] [com.mna.ManaAndArtifice/]: Mana and Artifice >> Registered Construct Tasks
[18Nov2024 19:13:55.724] [Render thread/INFO] [com.mna.ManaAndArtifice/]: M&A -> Block Items Registered
[18Nov2024 19:13:55.724] [Render thread/INFO] [uk.co.hexeption.aeinfinitybooster.AEInfinityBooster/]: Creating Creative Mode Tab
[18Nov2024 19:13:55.730] [Render thread/INFO] [com.mna.ManaAndArtifice/]: M&A -> Ritual Effects Registered
[18Nov2024 19:13:55.730] [Render thread/INFO] [com.mna.ManaAndArtifice/]: Mana and Artifice >> Registered Construct Tasks
[18Nov2024 19:13:55.730] [Render thread/INFO] [com.mna.ManaAndArtifice/]: M&A -> Block Items Registered
[18Nov2024 19:13:55.730] [Render thread/INFO] [uk.co.hexeption.aeinfinitybooster.AEInfinityBooster/]: Creating Creative Mode Tab
[18Nov2024 19:13:55.737] [Render thread/INFO] [com.mna.ManaAndArtifice/]: M&A -> Ritual Effects Registered
[18Nov2024 19:13:55.737] [Render thread/INFO] [com.mna.ManaAndArtifice/]: Mana and Artifice >> Registered Construct Tasks
[18Nov2024 19:13:55.737] [Render thread/INFO] [com.mna.ManaAndArtifice/]: M&A -> Block Items Registered
[18Nov2024 19:13:55.737] [Render thread/INFO] [uk.co.hexeption.aeinfinitybooster.AEInfinityBooster/]: Creating Creative Mode Tab
[18Nov2024 19:13:55.742] [Render thread/INFO] [com.mna.ManaAndArtifice/]: M&A -> Ritual Effects Registered
[18Nov2024 19:13:55.742] [Render thread/INFO] [com.mna.ManaAndArtifice/]: Mana and Artifice >> Registered Construct Tasks
[18Nov2024 19:13:55.742] [Render thread/INFO] [com.mna.ManaAndArtifice/]: M&A -> Block Items Registered
[18Nov2024 19:13:55.742] [Render thread/INFO] [uk.co.hexeption.aeinfinitybooster.AEInfinityBooster/]: Creating Creative Mode Tab
[18Nov2024 19:13:55.745] [Render thread/INFO] [com.mna.ManaAndArtifice/]: M&A -> Ritual Effects Registered
[18Nov2024 19:13:55.745] [Render thread/INFO] [com.mna.ManaAndArtifice/]: Mana and Artifice >> Registered Construct Tasks
[18Nov2024 19:13:55.745] [Render thread/INFO] [com.mna.ManaAndArtifice/]: M&A -> Block Items Registered
[18Nov2024 19:13:55.745] [Render thread/INFO] [uk.co.hexeption.aeinfinitybooster.AEInfinityBooster/]: Creating Creative Mode Tab
[18Nov2024 19:13:55.747] [Render thread/INFO] [com.mna.ManaAndArtifice/]: M&A -> Ritual Effects Registered
[18Nov2024 19:13:55.747] [Render thread/INFO] [com.mna.ManaAndArtifice/]: Mana and Artifice >> Registered Construct Tasks
[18Nov2024 19:13:55.747] [Render thread/INFO] [com.mna.ManaAndArtifice/]: M&A -> Block Items Registered
[18Nov2024 19:13:55.747] [Render thread/INFO] [uk.co.hexeption.aeinfinitybooster.AEInfinityBooster/]: Creating Creative Mode Tab
[18Nov2024 19:13:55.753] [Render thread/INFO] [com.mna.ManaAndArtifice/]: M&A -> Ritual Effects Registered
[18Nov2024 19:13:55.753] [Render thread/INFO] [com.mna.ManaAndArtifice/]: Mana and Artifice >> Registered Construct Tasks
[18Nov2024 19:13:55.753] [Render thread/INFO] [com.mna.ManaAndArtifice/]: M&A -> Block Items Registered
[18Nov2024 19:13:55.754] [Render thread/INFO] [uk.co.hexeption.aeinfinitybooster.AEInfinityBooster/]: Creating Creative Mode Tab
[18Nov2024 19:13:55.769] [Render thread/WARN] [net.minecraft.network.syncher.SynchedEntityData/]: defineId called for: class com.klikli_dev.occultism.common.entity.spirit.DjinniEntity from class com.klikli_dev.occultism.common.entity.spirit.FoliotEntity
[18Nov2024 19:13:55.805] [Render thread/WARN] [net.minecraft.network.syncher.SynchedEntityData/]: defineId called for: class com.mna.entities.boss.BossMonster from class com.mna.entities.boss.Odin
[18Nov2024 19:13:55.805] [Render thread/WARN] [net.minecraft.network.syncher.SynchedEntityData/]: defineId called for: class com.mna.entities.boss.BossMonster from class com.mna.entities.boss.Odin
[18Nov2024 19:13:55.847] [Render thread/INFO] [ModernFix/]: Replacing search trees with 'JEI' provider
[18Nov2024 19:13:56.166] [Render thread/INFO] [com.klikli_dev.occultism.Occultism/]: Block color registration complete.
[18Nov2024 19:13:56.178] [Render thread/INFO] [com.klikli_dev.occultism.Occultism/]: Item color registration complete.
[18Nov2024 19:13:56.191] [Render thread/INFO] [com.github.alexmodguy.alexscaves.AlexsCaves/]: loaded in item colorizer
[18Nov2024 19:13:56.278] [Render thread/INFO] [HammerLib/]: Registered custom glint render buffers.
[18Nov2024 19:13:56.342] [Render thread/INFO] [Oculus/]: Hardware information:
[18Nov2024 19:13:56.342] [Render thread/INFO] [Oculus/]: CPU: 32x AMD Ryzen 9 7950X3D 16-Core Processor 
[18Nov2024 19:13:56.342] [Render thread/INFO] [Oculus/]: GPU: NVIDIA GeForce RTX 4090/PCIe/SSE2 (Supports OpenGL 4.6.0 NVIDIA 566.03)
[18Nov2024 19:13:56.342] [Render thread/INFO] [Oculus/]: OS: Windows 11 (10.0)
[18Nov2024 19:13:56.356] [Render thread/WARN] [Embeddium-MixinTaintDetector/]: Mod(s) [oculus] are modifying Embeddium class me.jellysquid.mods.sodium.client.render.vertex.VertexFormatDescriptionImpl, which may cause instability.
[18Nov2024 19:13:56.358] [Render thread/WARN] [Embeddium-MixinTaintDetector/]: Mod(s) [oculus] are modifying Embeddium class me.jellysquid.mods.sodium.client.render.vertex.buffer.SodiumBufferBuilder, which may cause instability.
[18Nov2024 19:13:56.371] [Render thread/WARN] [Embeddium-MixinTaintDetector/]: Mod(s) [chunksfadein, oculus] are modifying Embeddium class me.jellysquid.mods.sodium.client.render.SodiumWorldRenderer, which may cause instability.
[18Nov2024 19:13:56.448] [Render thread/INFO] [com.klikli_dev.occultism.Occultism/]: Registered Particle Factories
[18Nov2024 19:13:56.541] [Render thread/INFO] [com.mna.ManaAndArtifice/]: M&A -> Particle Factories Registered
[18Nov2024 19:13:56.758] [Render thread/INFO] [Spartan Shields/]: Registering Model Layers!
[18Nov2024 19:13:56.759] [Render thread/INFO] [Spartan Shields/]: Model Layer registration complete!
[18Nov2024 19:13:57.355] [Render thread/INFO] [com.mna.ManaAndArtifice/]: M&A -> Keybindings Registered
[18Nov2024 19:13:57.356] [Render thread/INFO] [journeymap/]: Registering Keybinds
[18Nov2024 19:13:57.487] [Render thread/INFO] [ModernFix/]: Invalidating pack caches
[18Nov2024 19:13:57.487] [Render thread/INFO] [net.minecraft.server.packs.resources.ReloadableResourceManager/]: Reloading ResourceManager: vanilla, mod_resources, jaopca:inmemory, fabric, SolarFlux
[18Nov2024 19:13:57.551] [Finalizer/WARN] [ModernFix/]: One or more BufferBuilders have been leaked, ModernFix will attempt to correct this.
[18Nov2024 19:13:57.621] [modloading-worker-0/INFO] [Colorful Hearts/]: Loading colorfulhearts.toml config file
[18Nov2024 19:13:57.626] [modloading-worker-0/INFO] [Colorful Hearts/]: Registering custom hearts for chilled from mod eidolon
[18Nov2024 19:13:57.745] [modloading-worker-0/WARN] [net.minecraftforge.common.ForgeConfigSpec/CORE]: Configuration file C:\Users\Ben\AppData\Roaming\PrismLauncher\instances\1.20.1 Pack (Modified)\.minecraft\config\defaultoptions-common.toml is not correct. Correcting
[18Nov2024 19:13:57.745] [modloading-worker-0/WARN] [net.minecraftforge.common.ForgeConfigSpec/CORE]: Incorrect key defaultDifficulty was corrected from null to its default, NORMAL. 
[18Nov2024 19:13:57.746] [modloading-worker-0/WARN] [net.minecraftforge.common.ForgeConfigSpec/CORE]: Incorrect key lockDifficulty was corrected from null to its default, false. 
[18Nov2024 19:13:57.747] [modloading-worker-0/INFO] [Spartan Shields/]: Loading config spartanshields-common.toml
[18Nov2024 19:13:57.772] [modloading-worker-0/INFO] [PluginManager/]: Executing phase CONFIG_LOAD for plugin class PatchouliPlugin
[18Nov2024 19:13:57.772] [modloading-worker-0/INFO] [PluginManager/]: Executing phase CONFIG_LOAD for plugin class CuriosPlugin
[18Nov2024 19:13:57.780] [modloading-worker-0/INFO] [PluginManager/]: Executing phase CONFIG_LOAD for plugin class PatchouliPlugin
[18Nov2024 19:13:57.780] [modloading-worker-0/INFO] [PluginManager/]: Executing phase CONFIG_LOAD for plugin class CuriosPlugin
[18Nov2024 19:13:57.781] [modloading-worker-0/INFO] [PluginManager/]: Executing phase CONFIG_LOAD for plugin class PatchouliPlugin
[18Nov2024 19:13:57.781] [modloading-worker-0/INFO] [PluginManager/]: Executing phase CONFIG_LOAD for plugin class CuriosPlugin
[18Nov2024 19:13:57.783] [modloading-worker-0/INFO] [PluginManager/]: Executing phase CONFIG_LOAD for plugin class PatchouliPlugin
[18Nov2024 19:13:57.783] [modloading-worker-0/INFO] [PluginManager/]: Executing phase CONFIG_LOAD for plugin class CuriosPlugin
[18Nov2024 19:13:57.784] [modloading-worker-0/INFO] [PluginManager/]: Executing phase CONFIG_LOAD for plugin class PatchouliPlugin
[18Nov2024 19:13:57.784] [modloading-worker-0/INFO] [PluginManager/]: Executing phase CONFIG_LOAD for plugin class CuriosPlugin
[18Nov2024 19:13:57.862] [modloading-worker-0/INFO] [zeta/]: 'zeta' is enabling Zeta's piston structure resolver.
[18Nov2024 19:13:57.896] [Worker-ResourceReload-11/INFO] [PluginManager/]: Executing phase COMMON_SETUP for plugin class PatchouliPlugin
[18Nov2024 19:13:57.896] [Worker-ResourceReload-11/INFO] [PluginManager/]: Executing phase COMMON_SETUP for plugin class CuriosPlugin
[18Nov2024 19:13:57.901] [Worker-ResourceReload-7/INFO] [xyz.iwolfking.rechiseledchipped.RechiseledChipped/]: HELLO FROM COMMON SETUP
[18Nov2024 19:13:57.901] [Worker-ResourceReload-7/INFO] [xyz.iwolfking.rechiseledchipped.RechiseledChipped/]: DIRT BLOCK >> minecraft:dirt
[18Nov2024 19:13:57.901] [Worker-ResourceReload-7/INFO] [xyz.iwolfking.rechiseledchipped.RechiseledChipped/]: DIRT BLOCK >> minecraft:dirt
[18Nov2024 19:13:57.902] [Worker-ResourceReload-7/INFO] [xyz.iwolfking.rechiseledchipped.RechiseledChipped/]: The magic number is... 42
[18Nov2024 19:13:57.903] [Worker-ResourceReload-7/INFO] [xyz.iwolfking.rechiseledchipped.RechiseledChipped/]: ITEM >> iron_ingot
[18Nov2024 19:13:57.909] [Worker-ResourceReload-23/INFO] [HammerLib/]: Setup HammerLib networking!
[18Nov2024 19:13:57.915] [Worker-ResourceReload-20/INFO] [Spartan Shields/]: Setting up Spartan Shields!
[18Nov2024 19:13:57.942] [Worker-ResourceReload-6/INFO] [mekanism.common.Mekanism/]: Version 10.4.9 initializing...
[18Nov2024 19:13:57.942] [Worker-ResourceReload-27/INFO] [giselle.gmut.GravitationalModulatingUnitTweaks/]: Version 3.2.0 initializing...
[18Nov2024 19:13:57.951] [Worker-ResourceReload-27/INFO] [pneumaticcraft/]: PneumaticCraft: Repressurized is loading!
[18Nov2024 19:13:57.957] [Worker-ResourceReload-15/INFO] [mekanism.common.Mekanism/]: Loaded 'Mekanism: Generators' module.
[18Nov2024 19:13:57.959] [Worker-ResourceReload-27/INFO] [pneumaticcraft/]: Making item: air_canister compatible with Holding enchantment.
[18Nov2024 19:13:57.960] [Worker-ResourceReload-4/INFO] [mythicbotany/]: Loading MythicBotany
[18Nov2024 19:13:57.960] [Worker-ResourceReload-27/INFO] [pneumaticcraft/]: Making item: reinforced_air_canister compatible with Holding enchantment.
[18Nov2024 19:13:57.960] [Worker-ResourceReload-27/INFO] [pneumaticcraft/]: Making item: vortex_cannon compatible with Holding enchantment.
[18Nov2024 19:13:57.960] [Worker-ResourceReload-27/INFO] [pneumaticcraft/]: Making item: pneumatic_wrench compatible with Holding enchantment.
[18Nov2024 19:13:57.960] [Worker-ResourceReload-27/INFO] [pneumaticcraft/]: Making item: manometer compatible with Holding enchantment.
[18Nov2024 19:13:57.960] [Worker-ResourceReload-27/INFO] [pneumaticcraft/]: Making item: logistics_configurator compatible with Holding enchantment.
[18Nov2024 19:13:57.960] [Worker-ResourceReload-27/INFO] [pneumaticcraft/]: Making item: amadron_tablet compatible with Holding enchantment.
[18Nov2024 19:13:57.960] [Worker-ResourceReload-27/INFO] [pneumaticcraft/]: Making item: minigun compatible with Holding enchantment.
[18Nov2024 19:13:57.960] [Worker-ResourceReload-27/INFO] [pneumaticcraft/]: Making item: camo_applicator compatible with Holding enchantment.
[18Nov2024 19:13:57.960] [Worker-ResourceReload-27/INFO] [pneumaticcraft/]: Making item: jackhammer compatible with Holding enchantment.
[18Nov2024 19:13:57.960] [Worker-ResourceReload-27/INFO] [pneumaticcraft/]: Making item: pneumatic_helmet compatible with Holding enchantment.
[18Nov2024 19:13:57.961] [Worker-ResourceReload-27/INFO] [pneumaticcraft/]: Making item: pneumatic_chestplate compatible with Holding enchantment.
[18Nov2024 19:13:57.961] [Worker-ResourceReload-27/INFO] [pneumaticcraft/]: Making item: pneumatic_leggings compatible with Holding enchantment.
[18Nov2024 19:13:57.961] [Worker-ResourceReload-27/INFO] [pneumaticcraft/]: Making item: pneumatic_boots compatible with Holding enchantment.
[18Nov2024 19:13:57.961] [Worker-ResourceReload-27/INFO] [pneumaticcraft/]: Making item: drone compatible with Holding enchantment.
[18Nov2024 19:13:57.961] [Worker-ResourceReload-27/INFO] [pneumaticcraft/]: Making item: logistics_drone compatible with Holding enchantment.
[18Nov2024 19:13:57.961] [Worker-ResourceReload-27/INFO] [pneumaticcraft/]: Making item: harvesting_drone compatible with Holding enchantment.
[18Nov2024 19:13:57.961] [Worker-ResourceReload-27/INFO] [pneumaticcraft/]: Making item: guard_drone compatible with Holding enchantment.
[18Nov2024 19:13:57.961] [Worker-ResourceReload-27/INFO] [pneumaticcraft/]: Making item: collector_drone compatible with Holding enchantment.
[18Nov2024 19:13:57.992] [Worker-ResourceReload-18/INFO] [de.sarenor.arsinstrumentum.network.Networking/]: ArsInstrumentum: Registering Network Packets
[18Nov2024 19:13:58.016] [Worker-ResourceReload-16/INFO] [bagus_lib/]: Load Bagus Lib Supporter
[18Nov2024 19:13:58.017] [Worker-ResourceReload-18/INFO] [mekanism.common.Mekanism/]: Loaded 'Mekanism: Additions' module.
[18Nov2024 19:13:58.028] [Worker-ResourceReload-11/INFO] [mekanism.common.Mekanism/]: Loaded 'Mekanism: Tools' module.
[18Nov2024 19:13:58.082] [Worker-ResourceReload-28/ERROR] [patchouli/]: Failed to load book betternether:betternether_book defined by mod betternether, skipping
java.lang.IllegalArgumentException: Book betternether:betternether_book has use_resource_pack set to false. This behaviour was removed in 1.20. The book author should enable this flag and move all book contents clientside to /assets/, leaving the book.json in /data/. See https://vazkiimods.github.io/Patchouli/docs/upgrading/upgrade-guide-120 for details.
	at vazkii.patchouli.common.book.Book.<init>(Book.java:145) ~[Patchouli-1.20.1-84-FORGE.jar%23688!/:1.20.1-84-FORGE]
	at vazkii.patchouli.common.book.BookRegistry.loadBook(BookRegistry.java:90) ~[Patchouli-1.20.1-84-FORGE.jar%23688!/:1.20.1-84-FORGE]
	at vazkii.patchouli.common.book.BookRegistry.lambda$init$3(BookRegistry.java:75) ~[Patchouli-1.20.1-84-FORGE.jar%23688!/:1.20.1-84-FORGE]
	at java.util.HashMap.forEach(HashMap.java:1421) ~[?:?]
	at vazkii.patchouli.common.book.BookRegistry.init(BookRegistry.java:70) ~[Patchouli-1.20.1-84-FORGE.jar%23688!/:1.20.1-84-FORGE]
	at vazkii.patchouli.forge.common.ForgeModInitializer.onInitialize(ForgeModInitializer.java:76) ~[Patchouli-1.20.1-84-FORGE.jar%23688!/:1.20.1-84-FORGE]
	at vazkii.patchouli.forge.common.__ForgeModInitializer_onInitialize_FMLCommonSetupEvent.invoke(.dynamic) ~[Patchouli-1.20.1-84-FORGE.jar%23688!/:1.20.1-84-FORGE]
	at net.minecraftforge.eventbus.ASMEventHandler.invoke(ASMEventHandler.java:73) ~[eventbus-6.0.5.jar%23137!/:?]
	at net.minecraftforge.eventbus.EventBus.post(EventBus.java:315) ~[eventbus-6.0.5.jar%23137!/:?]
	at net.minecraftforge.eventbus.EventBus.post(EventBus.java:296) ~[eventbus-6.0.5.jar%23137!/:?]
	at net.minecraftforge.fml.javafmlmod.FMLModContainer.acceptEvent(FMLModContainer.java:107) ~[javafmllanguage-1.20.1-47.2.0.jar%23796!/:?]
	at net.minecraftforge.fml.ModContainer.lambda$buildTransitionHandler$10(ModContainer.java:124) ~[fmlcore-1.20.1-47.2.0.jar%23795!/:?]
	at java.util.concurrent.CompletableFuture$AsyncRun.run(CompletableFuture.java:1804) ~[?:?]
	at java.util.concurrent.CompletableFuture$AsyncRun.exec(CompletableFuture.java:1796) ~[?:?]
	at java.util.concurrent.ForkJoinTask.doExec(ForkJoinTask.java:373) ~[?:?]
	at java.util.concurrent.ForkJoinPool$WorkQueue.topLevelExec(ForkJoinPool.java:1182) ~[?:?]
	at java.util.concurrent.ForkJoinPool.scan(ForkJoinPool.java:1655) ~[?:?]
	at java.util.concurrent.ForkJoinPool.runWorker(ForkJoinPool.java:1622) ~[?:?]
	at java.util.concurrent.ForkJoinWorkerThread.run(ForkJoinWorkerThread.java:165) ~[?:?]
[18Nov2024 19:13:58.089] [Worker-ResourceReload-30/INFO] [journeymap/]: Found @Ljourneymap/client/api/ClientPlugin;: net.blay09.mods.waystones.compat.JourneyMapIntegration
[18Nov2024 19:13:58.101] [Worker-ResourceReload-28/ERROR] [patchouli/]: Failed to load book extraalchemy:alchemist_guide defined by mod extraalchemy, skipping
java.lang.IllegalArgumentException: Book extraalchemy:alchemist_guide has use_resource_pack set to false. This behaviour was removed in 1.20. The book author should enable this flag and move all book contents clientside to /assets/, leaving the book.json in /data/. See https://vazkiimods.github.io/Patchouli/docs/upgrading/upgrade-guide-120 for details.
	at vazkii.patchouli.common.book.Book.<init>(Book.java:145) ~[Patchouli-1.20.1-84-FORGE.jar%23688!/:1.20.1-84-FORGE]
	at vazkii.patchouli.common.book.BookRegistry.loadBook(BookRegistry.java:90) ~[Patchouli-1.20.1-84-FORGE.jar%23688!/:1.20.1-84-FORGE]
	at vazkii.patchouli.common.book.BookRegistry.lambda$init$3(BookRegistry.java:75) ~[Patchouli-1.20.1-84-FORGE.jar%23688!/:1.20.1-84-FORGE]
	at java.util.HashMap.forEach(HashMap.java:1421) ~[?:?]
	at vazkii.patchouli.common.book.BookRegistry.init(BookRegistry.java:70) ~[Patchouli-1.20.1-84-FORGE.jar%23688!/:1.20.1-84-FORGE]
	at vazkii.patchouli.forge.common.ForgeModInitializer.onInitialize(ForgeModInitializer.java:76) ~[Patchouli-1.20.1-84-FORGE.jar%23688!/:1.20.1-84-FORGE]
	at vazkii.patchouli.forge.common.__ForgeModInitializer_onInitialize_FMLCommonSetupEvent.invoke(.dynamic) ~[Patchouli-1.20.1-84-FORGE.jar%23688!/:1.20.1-84-FORGE]
	at net.minecraftforge.eventbus.ASMEventHandler.invoke(ASMEventHandler.java:73) ~[eventbus-6.0.5.jar%23137!/:?]
	at net.minecraftforge.eventbus.EventBus.post(EventBus.java:315) ~[eventbus-6.0.5.jar%23137!/:?]
	at net.minecraftforge.eventbus.EventBus.post(EventBus.java:296) ~[eventbus-6.0.5.jar%23137!/:?]
	at net.minecraftforge.fml.javafmlmod.FMLModContainer.acceptEvent(FMLModContainer.java:107) ~[javafmllanguage-1.20.1-47.2.0.jar%23796!/:?]
	at net.minecraftforge.fml.ModContainer.lambda$buildTransitionHandler$10(ModContainer.java:124) ~[fmlcore-1.20.1-47.2.0.jar%23795!/:?]
	at java.util.concurrent.CompletableFuture$AsyncRun.run(CompletableFuture.java:1804) ~[?:?]
	at java.util.concurrent.CompletableFuture$AsyncRun.exec(CompletableFuture.java:1796) ~[?:?]
	at java.util.concurrent.ForkJoinTask.doExec(ForkJoinTask.java:373) ~[?:?]
	at java.util.concurrent.ForkJoinPool$WorkQueue.topLevelExec(ForkJoinPool.java:1182) ~[?:?]
	at java.util.concurrent.ForkJoinPool.scan(ForkJoinPool.java:1655) ~[?:?]
	at java.util.concurrent.ForkJoinPool.runWorker(ForkJoinPool.java:1622) ~[?:?]
	at java.util.concurrent.ForkJoinWorkerThread.run(ForkJoinWorkerThread.java:165) ~[?:?]
[18Nov2024 19:13:58.128] [Worker-ResourceReload-9/INFO] [com.klikli_dev.occultism.Occultism/]: Common setup complete.
[18Nov2024 19:13:58.162] [Forge Version Check/INFO] [net.minecraftforge.fml.VersionChecker/]: [majruszsdifficulty] Starting version check at https://raw.githubusercontent.com/Majrusz/MinecraftCommon/main/ProgressiveDifficulty/update.json
[18Nov2024 19:13:58.176] [Worker-ResourceReload-28/INFO] [com.klikli_dev.theurgy.Theurgy/]: Common setup complete.
[18Nov2024 19:13:58.249] [Worker-ResourceReload-22/INFO] [com.Polarice3.Goety.Goety/]: Loading compat module for mod curios
[18Nov2024 19:13:58.254] [Worker-ResourceReload-22/INFO] [com.Polarice3.Goety.Goety/]: Loading compat module for mod patchouli
[18Nov2024 19:13:58.267] [Worker-ResourceReload-6/INFO] [mekanism.common.Mekanism/]: Fake player readout: UUID = 46e82cd0-d480-3d48-800a-77431ede078e, name = [Mekanism]
[18Nov2024 19:13:58.267] [Worker-ResourceReload-6/INFO] [mekanism.common.Mekanism/]: Mod loaded.
[18Nov2024 19:13:58.343] [Worker-ResourceReload-3/INFO] [com.mna.ManaAndArtifice/]: M&A -> Network Messages Registered
[18Nov2024 19:13:58.353] [Worker-ResourceReload-3/INFO] [com.mna.ManaAndArtifice/]: Mana And Artifice >> Registered loot functions
[18Nov2024 19:13:58.356] [Worker-ResourceReload-3/INFO] [com.mna.ManaAndArtifice/]: M&A -> Flower Pots Registered
[18Nov2024 19:13:58.483] [Worker-ResourceReload-13/WARN] [net.minecraft.client.sounds.SoundManager/]: File cataclysm:sounds/entity/maledictus_leap.ogg does not exist, cannot add it to event cataclysm:maledictus_leap
[18Nov2024 19:13:58.483] [Worker-ResourceReload-13/WARN] [net.minecraft.client.sounds.SoundManager/]: File cataclysm:sounds/entity/maledictus_idle3.ogg does not exist, cannot add it to event cataclysm:maledictus_idle
[18Nov2024 19:13:58.500] [Worker-ResourceReload-13/WARN] [net.minecraft.client.sounds.SoundManager/]: File enchantwithmob:sounds/entities/enchanter/spell2.ogg does not exist, cannot add it to event enchantwithmob:entity.enchanter.spell
[18Nov2024 19:13:58.529] [Worker-ResourceReload-13/WARN] [net.minecraft.client.sounds.SoundManager/]: File alexscaves:sounds/mob/luxtructosaurus/luxtructosaurus_snort_0.ogg does not exist, cannot add it to event alexscaves:luxtructosaurus_snort
[18Nov2024 19:13:58.529] [Worker-ResourceReload-13/WARN] [net.minecraft.client.sounds.SoundManager/]: File alexscaves:sounds/mob/luxtructosaurus/luxtructosaurus_snort_1.ogg does not exist, cannot add it to event alexscaves:luxtructosaurus_snort
[18Nov2024 19:13:58.529] [Worker-ResourceReload-13/WARN] [net.minecraft.client.sounds.SoundManager/]: File alexscaves:sounds/mob/luxtructosaurus/luxtructosaurus_snort_2.ogg does not exist, cannot add it to event alexscaves:luxtructosaurus_snort
[18Nov2024 19:13:58.529] [Worker-ResourceReload-13/WARN] [net.minecraft.client.sounds.SoundManager/]: File alexscaves:sounds/mob/luxtructosaurus/luxtructosaurus_breathe_0.ogg does not exist, cannot add it to event alexscaves:luxtructosaurus_breathe
[18Nov2024 19:13:58.529] [Worker-ResourceReload-13/WARN] [net.minecraft.client.sounds.SoundManager/]: File alexscaves:sounds/mob/luxtructosaurus/luxtructosaurus_breathe_1.ogg does not exist, cannot add it to event alexscaves:luxtructosaurus_breathe
[18Nov2024 19:13:58.529] [Worker-ResourceReload-13/WARN] [net.minecraft.client.sounds.SoundManager/]: File alexscaves:sounds/mob/luxtructosaurus/luxtructosaurus_breathe_2.ogg does not exist, cannot add it to event alexscaves:luxtructosaurus_breathe
[18Nov2024 19:13:58.546] [Worker-ResourceReload-13/WARN] [net.minecraft.client.sounds.SoundManager/]: File malum:sounds/curiosities/weapons/scythe/catch3.ogg does not exist, cannot add it to event malum:scythe_caught
[18Nov2024 19:13:58.546] [Worker-ResourceReload-13/WARN] [net.minecraft.client.sounds.SoundManager/]: File malum:sounds/blocks/runewood/hanging_sign/hit1.ogg does not exist, cannot add it to event malum:runewood_hanging_sign_step
[18Nov2024 19:13:58.546] [Worker-ResourceReload-13/WARN] [net.minecraft.client.sounds.SoundManager/]: File malum:sounds/blocks/runewood/hanging_sign/hit2.ogg does not exist, cannot add it to event malum:runewood_hanging_sign_step
[18Nov2024 19:13:58.546] [Worker-ResourceReload-13/WARN] [net.minecraft.client.sounds.SoundManager/]: File malum:sounds/blocks/runewood/hanging_sign/hit3.ogg does not exist, cannot add it to event malum:runewood_hanging_sign_step
[18Nov2024 19:13:58.546] [Worker-ResourceReload-13/WARN] [net.minecraft.client.sounds.SoundManager/]: File malum:sounds/blocks/runewood/hanging_sign/hit4.ogg does not exist, cannot add it to event malum:runewood_hanging_sign_step
[18Nov2024 19:13:58.547] [Worker-ResourceReload-13/WARN] [net.minecraft.client.sounds.SoundManager/]: File malum:sounds/blocks/runewood/hanging_sign/hit1.ogg does not exist, cannot add it to event malum:runewood_hanging_sign_hit
[18Nov2024 19:13:58.547] [Worker-ResourceReload-13/WARN] [net.minecraft.client.sounds.SoundManager/]: File malum:sounds/blocks/runewood/hanging_sign/hit2.ogg does not exist, cannot add it to event malum:runewood_hanging_sign_hit
[18Nov2024 19:13:58.547] [Worker-ResourceReload-13/WARN] [net.minecraft.client.sounds.SoundManager/]: File malum:sounds/blocks/runewood/hanging_sign/hit3.ogg does not exist, cannot add it to event malum:runewood_hanging_sign_hit
[18Nov2024 19:13:58.547] [Worker-ResourceReload-13/WARN] [net.minecraft.client.sounds.SoundManager/]: File malum:sounds/blocks/runewood/hanging_sign/hit4.ogg does not exist, cannot add it to event malum:runewood_hanging_sign_hit
[18Nov2024 19:13:58.547] [Worker-ResourceReload-13/WARN] [net.minecraft.client.sounds.SoundManager/]: File malum:sounds/blocks/runewood/hanging_sign/hit1.ogg does not exist, cannot add it to event malum:soulwood_hanging_sign_step
[18Nov2024 19:13:58.547] [Worker-ResourceReload-13/WARN] [net.minecraft.client.sounds.SoundManager/]: File malum:sounds/blocks/runewood/hanging_sign/hit2.ogg does not exist, cannot add it to event malum:soulwood_hanging_sign_step
[18Nov2024 19:13:58.547] [Worker-ResourceReload-13/WARN] [net.minecraft.client.sounds.SoundManager/]: File malum:sounds/blocks/runewood/hanging_sign/hit3.ogg does not exist, cannot add it to event malum:soulwood_hanging_sign_step
[18Nov2024 19:13:58.547] [Worker-ResourceReload-13/WARN] [net.minecraft.client.sounds.SoundManager/]: File malum:sounds/blocks/runewood/hanging_sign/hit4.ogg does not exist, cannot add it to event malum:soulwood_hanging_sign_step
[18Nov2024 19:13:58.547] [Worker-ResourceReload-13/WARN] [net.minecraft.client.sounds.SoundManager/]: File malum:sounds/blocks/runewood/hanging_sign/hit1.ogg does not exist, cannot add it to event malum:soulwood_hanging_sign_hit
[18Nov2024 19:13:58.547] [Worker-ResourceReload-13/WARN] [net.minecraft.client.sounds.SoundManager/]: File malum:sounds/blocks/runewood/hanging_sign/hit2.ogg does not exist, cannot add it to event malum:soulwood_hanging_sign_hit
[18Nov2024 19:13:58.547] [Worker-ResourceReload-13/WARN] [net.minecraft.client.sounds.SoundManager/]: File malum:sounds/blocks/runewood/hanging_sign/hit3.ogg does not exist, cannot add it to event malum:soulwood_hanging_sign_hit
[18Nov2024 19:13:58.547] [Worker-ResourceReload-13/WARN] [net.minecraft.client.sounds.SoundManager/]: File malum:sounds/blocks/runewood/hanging_sign/hit4.ogg does not exist, cannot add it to event malum:soulwood_hanging_sign_hit
[18Nov2024 19:13:58.550] [Worker-ResourceReload-13/WARN] [net.minecraft.client.sounds.SoundManager/]: File irons_spellbooks:sounds/dead_king/music/drums.ogg does not exist, cannot add it to event irons_spellbooks:entity.dead_king.music.drum_loop
[18Nov2024 19:13:58.550] [Worker-ResourceReload-13/WARN] [net.minecraft.client.sounds.SoundManager/]: File irons_spellbooks:sounds/dead_king/music/finale.ogg does not exist, cannot add it to event irons_spellbooks:entity.dead_king.music.finale
[18Nov2024 19:13:58.559] [Forge Version Check/INFO] [net.minecraftforge.fml.VersionChecker/]: [majruszsdifficulty] Found status: UP_TO_DATE Current: 1.9.10 Target: null
[18Nov2024 19:13:58.559] [Forge Version Check/INFO] [net.minecraftforge.fml.VersionChecker/]: [hammerlib] Starting version check at https://api.modrinth.com/updates/PlkSuVtM/forge_updates.json
[18Nov2024 19:13:58.568] [Worker-ResourceReload-2/INFO] [net.minecraft.client.gui.font.providers.UnihexProvider/]: Found unifont_all_no_pua-15.0.06.hex, loading
[18Nov2024 19:13:58.726] [Forge Version Check/INFO] [net.minecraftforge.fml.VersionChecker/]: [hammerlib] Found status: AHEAD Current: 20.1.33 Target: null
[18Nov2024 19:13:58.726] [Forge Version Check/INFO] [net.minecraftforge.fml.VersionChecker/]: [darkutils] Starting version check at https://updates.blamejared.com/get?n=darkutils&gv=1.20.1
[18Nov2024 19:13:58.897] [Render thread/INFO] [HammerLib/]: Registered a new model with loader "hammerlib:multi_layer"
[18Nov2024 19:13:58.897] [Render thread/INFO] [HammerLib/]: Registered a new model with loader "hammerlib:grouped"
[18Nov2024 19:13:58.934] [Render thread/INFO] [HammerLib/]: Registered a new model with loader "solarflux:solar_panel"
[18Nov2024 19:13:59.085] [Forge Version Check/INFO] [net.minecraftforge.fml.VersionChecker/]: [darkutils] Found status: BETA Current: 17.0.5 Target: 17.0.5
[18Nov2024 19:13:59.085] [Forge Version Check/INFO] [net.minecraftforge.fml.VersionChecker/]: [corpse] Starting version check at https://update.maxhenkel.de/forge/corpse
[18Nov2024 19:13:59.235] [Worker-ResourceReload-26/ERROR] [net.minecraft.server.packs.resources.SimpleJsonResourceReloadListener/]: Couldn't parse data file goety:black_book/ja_jp/entries/crafts/artifice/shade_gravestone from goety:patchouli_books/black_book/ja_jp/entries/crafts/artifice/shade_gravestone.json
com.google.gson.JsonParseException: com.google.gson.stream.MalformedJsonException: Unterminated object at line 19 column 5 path $.pages[2].text
	at net.minecraft.util.GsonHelper.m_13780_(GsonHelper.java:526) ~[client-1.20.1-20230612.114412-srg.jar%23794!/:?]
	at net.minecraft.util.GsonHelper.m_263475_(GsonHelper.java:531) ~[client-1.20.1-20230612.114412-srg.jar%23794!/:?]
	at net.minecraft.util.GsonHelper.m_13776_(GsonHelper.java:581) ~[client-1.20.1-20230612.114412-srg.jar%23794!/:?]
	at net.minecraft.server.packs.resources.SimpleJsonResourceReloadListener.m_278771_(SimpleJsonResourceReloadListener.java:41) ~[client-1.20.1-20230612.114412-srg.jar%23794!/:?]
	at net.minecraft.server.packs.resources.SimpleJsonResourceReloadListener.m_5944_(SimpleJsonResourceReloadListener.java:29) ~[client-1.20.1-20230612.114412-srg.jar%23794!/:?]
	at net.minecraft.server.packs.resources.SimpleJsonResourceReloadListener.m_5944_(SimpleJsonResourceReloadListener.java:17) ~[client-1.20.1-20230612.114412-srg.jar%23794!/:?]
	at net.minecraft.server.packs.resources.SimplePreparableReloadListener.m_10786_(SimplePreparableReloadListener.java:11) ~[client-1.20.1-20230612.114412-srg.jar%23794!/:?]
	at java.util.concurrent.CompletableFuture$AsyncSupply.run(CompletableFuture.java:1768) ~[?:?]
	at java.util.concurrent.CompletableFuture$AsyncSupply.exec(CompletableFuture.java:1760) ~[?:?]
	at java.util.concurrent.ForkJoinTask.doExec(ForkJoinTask.java:373) ~[?:?]
	at java.util.concurrent.ForkJoinPool$WorkQueue.topLevelExec(ForkJoinPool.java:1182) ~[?:?]
	at java.util.concurrent.ForkJoinPool.scan(ForkJoinPool.java:1655) ~[?:?]
	at java.util.concurrent.ForkJoinPool.runWorker(ForkJoinPool.java:1622) ~[?:?]
	at java.util.concurrent.ForkJoinWorkerThread.run(ForkJoinWorkerThread.java:165) ~[?:?]
Caused by: com.google.gson.stream.MalformedJsonException: Unterminated object at line 19 column 5 path $.pages[2].text
	at com.google.gson.stream.JsonReader.syntaxError(JsonReader.java:1657) ~[gson-2.10.jar%23100!/:?]
	at com.google.gson.stream.JsonReader.doPeek(JsonReader.java:500) ~[gson-2.10.jar%23100!/:?]
	at com.google.gson.stream.JsonReader.hasNext(JsonReader.java:422) ~[gson-2.10.jar%23100!/:?]
	at com.google.gson.internal.bind.TypeAdapters$28.read(TypeAdapters.java:779) ~[gson-2.10.jar%23100!/:?]
	at com.google.gson.internal.bind.TypeAdapters$28.read(TypeAdapters.java:725) ~[gson-2.10.jar%23100!/:?]
	at com.google.gson.internal.bind.TypeAdapters$34$1.read(TypeAdapters.java:1007) ~[gson-2.10.jar%23100!/:?]
	at net.minecraft.util.GsonHelper.m_13780_(GsonHelper.java:524) ~[client-1.20.1-20230612.114412-srg.jar%23794!/:?]
	... 13 more
[18Nov2024 19:13:59.368] [Worker-ResourceReload-26/ERROR] [net.minecraft.server.packs.resources.SimpleJsonResourceReloadListener/]: Couldn't parse data file terramity:terramity_guidebook/es_419/entries/overview/credits from terramity:patchouli_books/terramity_guidebook/es_419/entries/overview/credits.json
com.google.gson.JsonParseException: com.google.gson.stream.MalformedJsonException: Unterminated array at line 18 column 3 path $.pages[2]
	at net.minecraft.util.GsonHelper.m_13780_(GsonHelper.java:526) ~[client-1.20.1-20230612.114412-srg.jar%23794!/:?]
	at net.minecraft.util.GsonHelper.m_263475_(GsonHelper.java:531) ~[client-1.20.1-20230612.114412-srg.jar%23794!/:?]
	at net.minecraft.util.GsonHelper.m_13776_(GsonHelper.java:581) ~[client-1.20.1-20230612.114412-srg.jar%23794!/:?]
	at net.minecraft.server.packs.resources.SimpleJsonResourceReloadListener.m_278771_(SimpleJsonResourceReloadListener.java:41) ~[client-1.20.1-20230612.114412-srg.jar%23794!/:?]
	at net.minecraft.server.packs.resources.SimpleJsonResourceReloadListener.m_5944_(SimpleJsonResourceReloadListener.java:29) ~[client-1.20.1-20230612.114412-srg.jar%23794!/:?]
	at net.minecraft.server.packs.resources.SimpleJsonResourceReloadListener.m_5944_(SimpleJsonResourceReloadListener.java:17) ~[client-1.20.1-20230612.114412-srg.jar%23794!/:?]
	at net.minecraft.server.packs.resources.SimplePreparableReloadListener.m_10786_(SimplePreparableReloadListener.java:11) ~[client-1.20.1-20230612.114412-srg.jar%23794!/:?]
	at java.util.concurrent.CompletableFuture$AsyncSupply.run(CompletableFuture.java:1768) ~[?:?]
	at java.util.concurrent.CompletableFuture$AsyncSupply.exec(CompletableFuture.java:1760) ~[?:?]
	at java.util.concurrent.ForkJoinTask.doExec(ForkJoinTask.java:373) ~[?:?]
	at java.util.concurrent.ForkJoinPool$WorkQueue.topLevelExec(ForkJoinPool.java:1182) ~[?:?]
	at java.util.concurrent.ForkJoinPool.scan(ForkJoinPool.java:1655) ~[?:?]
	at java.util.concurrent.ForkJoinPool.runWorker(ForkJoinPool.java:1622) ~[?:?]
	at java.util.concurrent.ForkJoinWorkerThread.run(ForkJoinWorkerThread.java:165) ~[?:?]
Caused by: com.google.gson.stream.MalformedJsonException: Unterminated array at line 18 column 3 path $.pages[2]
	at com.google.gson.stream.JsonReader.syntaxError(JsonReader.java:1657) ~[gson-2.10.jar%23100!/:?]
	at com.google.gson.stream.JsonReader.doPeek(JsonReader.java:485) ~[gson-2.10.jar%23100!/:?]
	at com.google.gson.stream.JsonReader.hasNext(JsonReader.java:422) ~[gson-2.10.jar%23100!/:?]
	at com.google.gson.internal.bind.TypeAdapters$28.read(TypeAdapters.java:779) ~[gson-2.10.jar%23100!/:?]
	at com.google.gson.internal.bind.TypeAdapters$28.read(TypeAdapters.java:725) ~[gson-2.10.jar%23100!/:?]
	at com.google.gson.internal.bind.TypeAdapters$34$1.read(TypeAdapters.java:1007) ~[gson-2.10.jar%23100!/:?]
	at net.minecraft.util.GsonHelper.m_13780_(GsonHelper.java:524) ~[client-1.20.1-20230612.114412-srg.jar%23794!/:?]
	... 13 more
[18Nov2024 19:13:59.373] [Worker-ResourceReload-26/ERROR] [net.minecraft.server.packs.resources.SimpleJsonResourceReloadListener/]: Couldn't parse data file terramity:terramity_guidebook/ru_ru/entries/valuables/bedrock_dust from terramity:patchouli_books/terramity_guidebook/ru_ru/entries/valuables/bedrock_dust.json
com.google.gson.JsonParseException: com.google.gson.stream.MalformedJsonException: Unterminated object at line 18 column 8 path $.pages[2].text
	at net.minecraft.util.GsonHelper.m_13780_(GsonHelper.java:526) ~[client-1.20.1-20230612.114412-srg.jar%23794!/:?]
	at net.minecraft.util.GsonHelper.m_263475_(GsonHelper.java:531) ~[client-1.20.1-20230612.114412-srg.jar%23794!/:?]
	at net.minecraft.util.GsonHelper.m_13776_(GsonHelper.java:581) ~[client-1.20.1-20230612.114412-srg.jar%23794!/:?]
	at net.minecraft.server.packs.resources.SimpleJsonResourceReloadListener.m_278771_(SimpleJsonResourceReloadListener.java:41) ~[client-1.20.1-20230612.114412-srg.jar%23794!/:?]
	at net.minecraft.server.packs.resources.SimpleJsonResourceReloadListener.m_5944_(SimpleJsonResourceReloadListener.java:29) ~[client-1.20.1-20230612.114412-srg.jar%23794!/:?]
	at net.minecraft.server.packs.resources.SimpleJsonResourceReloadListener.m_5944_(SimpleJsonResourceReloadListener.java:17) ~[client-1.20.1-20230612.114412-srg.jar%23794!/:?]
	at net.minecraft.server.packs.resources.SimplePreparableReloadListener.m_10786_(SimplePreparableReloadListener.java:11) ~[client-1.20.1-20230612.114412-srg.jar%23794!/:?]
	at java.util.concurrent.CompletableFuture$AsyncSupply.run(CompletableFuture.java:1768) ~[?:?]
	at java.util.concurrent.CompletableFuture$AsyncSupply.exec(CompletableFuture.java:1760) ~[?:?]
	at java.util.concurrent.ForkJoinTask.doExec(ForkJoinTask.java:373) ~[?:?]
	at java.util.concurrent.ForkJoinPool$WorkQueue.topLevelExec(ForkJoinPool.java:1182) ~[?:?]
	at java.util.concurrent.ForkJoinPool.scan(ForkJoinPool.java:1655) ~[?:?]
	at java.util.concurrent.ForkJoinPool.runWorker(ForkJoinPool.java:1622) ~[?:?]
	at java.util.concurrent.ForkJoinWorkerThread.run(ForkJoinWorkerThread.java:165) ~[?:?]
Caused by: com.google.gson.stream.MalformedJsonException: Unterminated object at line 18 column 8 path $.pages[2].text
	at com.google.gson.stream.JsonReader.syntaxError(JsonReader.java:1657) ~[gson-2.10.jar%23100!/:?]
	at com.google.gson.stream.JsonReader.doPeek(JsonReader.java:500) ~[gson-2.10.jar%23100!/:?]
	at com.google.gson.stream.JsonReader.hasNext(JsonReader.java:422) ~[gson-2.10.jar%23100!/:?]
	at com.google.gson.internal.bind.TypeAdapters$28.read(TypeAdapters.java:779) ~[gson-2.10.jar%23100!/:?]
	at com.google.gson.internal.bind.TypeAdapters$28.read(TypeAdapters.java:725) ~[gson-2.10.jar%23100!/:?]
	at com.google.gson.internal.bind.TypeAdapters$34$1.read(TypeAdapters.java:1007) ~[gson-2.10.jar%23100!/:?]
	at net.minecraft.util.GsonHelper.m_13780_(GsonHelper.java:524) ~[client-1.20.1-20230612.114412-srg.jar%23794!/:?]
	... 13 more
[18Nov2024 19:13:59.388] [Render thread/INFO] [com.cerbon.better_totem_of_undying.util.BTUConstants/]: Forge only mixins are working for Better Totem of Undying!
[18Nov2024 19:13:59.388] [Render thread/INFO] [com.cerbon.better_totem_of_undying.util.BTUConstants/]: Common mixins are working for Better Totem of Undying on Forge!
[18Nov2024 19:13:59.390] [Render thread/INFO] [defaultoptions/]: Loaded default options for keymappings
[18Nov2024 19:13:59.491] [Worker-ResourceReload-19/WARN] [net.minecraft.client.renderer.texture.SpriteContents/]: Invalid frame index on sprite celestisynth:solaris_flame frame 6: 6
[18Nov2024 19:13:59.493] [Worker-ResourceReload-5/WARN] [net.minecraft.client.renderer.texture.SpriteContents/]: Invalid frame index on sprite celestisynth:solaris_flame frame 6: 6
[18Nov2024 19:13:59.495] [Worker-ResourceReload-21/WARN] [net.minecraft.client.renderer.texture.SpriteContents/]: Invalid frame index on sprite celestisynth:solaris_flame frame 6: 6
[18Nov2024 19:13:59.527] [Worker-ResourceReload-1/WARN] [net.minecraft.client.renderer.texture.SpriteLoader/]: Texture irons_spellbooks:entity/fireball/fire_3 with size 48x24 limits mip level from 4 to 3
[18Nov2024 19:13:59.527] [Worker-ResourceReload-1/WARN] [net.minecraft.client.renderer.texture.SpriteLoader/]: Texture irons_spellbooks:entity/fireball/firebolt with size 20x10 limits mip level from 3 to 1
[18Nov2024 19:13:59.527] [Worker-ResourceReload-1/WARN] [net.minecraft.client.renderer.texture.SpriteLoader/]: Texture soulsweapons:entity/night_prowler with size 132x171 limits mip level from 1 to 0
[18Nov2024 19:13:59.628] [Render thread/INFO] [Spectrum/]: [Spectrum] Registering Block and Item Color Providers...
[18Nov2024 19:13:59.630] [Forge Version Check/INFO] [net.minecraftforge.fml.VersionChecker/]: [corpse] Found status: AHEAD Current: 1.20.1-1.0.17 Target: null
[18Nov2024 19:13:59.630] [Forge Version Check/INFO] [net.minecraftforge.fml.VersionChecker/]: [mcwroofs] Starting version check at https://raw.githubusercontent.com/sketchmacaw/macawsmods/master/roofs.json
[18Nov2024 19:13:59.635] [Render thread/INFO] [HammerLib/]: Reloading 0 variable shader programs.
[18Nov2024 19:13:59.712] [Forge Version Check/INFO] [net.minecraftforge.fml.VersionChecker/]: [mcwroofs] Found status: UP_TO_DATE Current: 2.3.1 Target: null
[18Nov2024 19:13:59.712] [Forge Version Check/INFO] [net.minecraftforge.fml.VersionChecker/]: [enchantinginfuser] Starting version check at https://raw.githubusercontent.com/Fuzss/modresources/main/update/enchantinginfuser.json
[18Nov2024 19:13:59.732] [Forge Version Check/INFO] [net.minecraftforge.fml.VersionChecker/]: [enchantinginfuser] Found status: UP_TO_DATE Current: 8.0.3 Target: null
[18Nov2024 19:13:59.732] [Forge Version Check/INFO] [net.minecraftforge.fml.VersionChecker/]: [nebs] Starting version check at https://infernalstudios.org/api/mods/nekosenchantedbooks/forge
[18Nov2024 19:13:59.822] [Render thread/INFO] [team.lodestar.lodestone.LodestoneLib/]: Registering world event types...
[18Nov2024 19:13:59.943] [Worker-ResourceReload-7/WARN] [net.minecraft.client.resources.model.ModelBakery/]: Unable to load model: 'irons_spellbooks:item/magehunter_normal' referenced from: irons_spellbooks:item/magehunter_normal: com.google.common.cache.CacheLoader$InvalidCacheLoadException: CacheLoader returned null for key irons_spellbooks:models/item/magehunter_normal.json.
[18Nov2024 19:13:59.984] [Worker-ResourceReload-7/WARN] [net.minecraft.client.resources.model.ModelBakery/]: Unable to load model: 'irons_spellbooks:item/truthseeker_normal' referenced from: irons_spellbooks:item/truthseeker_normal: com.google.common.cache.CacheLoader$InvalidCacheLoadException: CacheLoader returned null for key irons_spellbooks:models/item/truthseeker_normal.json.
[18Nov2024 19:13:59.990] [Worker-ResourceReload-7/WARN] [net.minecraft.client.resources.model.ModelBakery/]: Unable to load model: 'irons_spellbooks:item/keeper_flamberge_normal' referenced from: irons_spellbooks:item/keeper_flamberge_normal: com.google.common.cache.CacheLoader$InvalidCacheLoadException: CacheLoader returned null for key irons_spellbooks:models/item/keeper_flamberge_normal.json.
[18Nov2024 19:13:59.999] [Worker-ResourceReload-7/WARN] [net.minecraft.client.resources.model.ModelBakery/]: Unable to load model: 'irons_spellbooks:item/truthseeker_gui' referenced from: irons_spellbooks:item/truthseeker_gui: com.google.common.cache.CacheLoader$InvalidCacheLoadException: CacheLoader returned null for key irons_spellbooks:models/item/truthseeker_gui.json.
[18Nov2024 19:14:00.002] [Worker-ResourceReload-7/WARN] [net.minecraft.client.resources.model.ModelBakery/]: Unable to load model: 'irons_spellbooks:item/magehunter_gui' referenced from: irons_spellbooks:item/magehunter_gui: com.google.common.cache.CacheLoader$InvalidCacheLoadException: CacheLoader returned null for key irons_spellbooks:models/item/magehunter_gui.json.
[18Nov2024 19:14:00.028] [Worker-ResourceReload-7/WARN] [net.minecraft.client.resources.model.ModelBakery/]: Unable to load model: 'irons_spellbooks:item/keeper_flamberge_gui' referenced from: irons_spellbooks:item/keeper_flamberge_gui: com.google.common.cache.CacheLoader$InvalidCacheLoadException: CacheLoader returned null for key irons_spellbooks:models/item/keeper_flamberge_gui.json.
[18Nov2024 19:14:00.090] [Forge Version Check/INFO] [net.minecraftforge.fml.VersionChecker/]: [nebs] Found status: UP_TO_DATE Current: 1.8.0 Target: null
[18Nov2024 19:14:00.090] [Forge Version Check/INFO] [net.minecraftforge.fml.VersionChecker/]: [radium] Starting version check at https://api.modrinth.com/updates/radium/forge_updates.json
[18Nov2024 19:14:00.231] [Worker-ResourceReload-7/WARN] [net.minecraft.client.resources.model.ModelBakery/]: Unable to load model: 'jrftl:prepared_flesh' referenced from: jrftl:prepared_flesh: com.google.common.cache.CacheLoader$InvalidCacheLoadException: CacheLoader returned null for key jrftl:models/prepared_flesh.json.
[18Nov2024 19:14:00.247] [Worker-ResourceReload-7/WARN] [net.minecraft.client.resources.model.ModelBakery/]: Unable to load model: 'voidscape:voidic_crystal_boots#inventory' referenced from: voidscape:voidic_crystal_boots#inventory: com.google.common.cache.CacheLoader$InvalidCacheLoadException: CacheLoader returned null for key voidscape:models/item/voidic_crystal_boots.json.
[18Nov2024 19:14:00.247] [Worker-ResourceReload-7/WARN] [net.minecraft.client.resources.model.ModelBakery/]: Unable to load model: 'voidscape:corrupt_boots#inventory' referenced from: voidscape:corrupt_boots#inventory: com.google.common.cache.CacheLoader$InvalidCacheLoadException: CacheLoader returned null for key voidscape:models/item/corrupt_boots.json.
[18Nov2024 19:14:00.247] [Worker-ResourceReload-7/WARN] [net.minecraft.client.resources.model.ModelBakery/]: Unable to load model: 'voidscape:titanite_boots#inventory' referenced from: voidscape:titanite_boots#inventory: com.google.common.cache.CacheLoader$InvalidCacheLoadException: CacheLoader returned null for key voidscape:models/item/titanite_boots.json.
[18Nov2024 19:14:00.247] [Worker-ResourceReload-7/WARN] [net.minecraft.client.resources.model.ModelBakery/]: Unable to load model: 'voidscape:ichor_boots#inventory' referenced from: voidscape:ichor_boots#inventory: com.google.common.cache.CacheLoader$InvalidCacheLoadException: CacheLoader returned null for key voidscape:models/item/ichor_boots.json.
[18Nov2024 19:14:00.247] [Worker-ResourceReload-7/WARN] [net.minecraft.client.resources.model.ModelBakery/]: Unable to load model: 'voidscape:astral_boots#inventory' referenced from: voidscape:astral_boots#inventory: com.google.common.cache.CacheLoader$InvalidCacheLoadException: CacheLoader returned null for key voidscape:models/item/astral_boots.json.
[18Nov2024 19:14:00.248] [Forge Version Check/INFO] [net.minecraftforge.fml.VersionChecker/]: [radium] Found status: AHEAD Current: 0.12.4+git.26c9d8e Target: null
[18Nov2024 19:14:00.248] [Forge Version Check/INFO] [net.minecraftforge.fml.VersionChecker/]: [attributefix] Starting version check at https://updates.blamejared.com/get?n=attributefix&gv=1.20.1
[18Nov2024 19:14:00.311] [Render thread/INFO] [terrablender/]: Registered region minecraft:overworld to index 0 for type OVERWORLD
[18Nov2024 19:14:00.311] [Render thread/INFO] [terrablender/]: Registered region minecraft:nether to index 0 for type NETHER
[18Nov2024 19:14:00.311] [Render thread/INFO] [terrablender/]: Registered region yungscavebiomes:overworld to index 1 for type OVERWORLD
[18Nov2024 19:14:00.353] [Render thread/INFO] [journeymap/]: Initializing Packet Registries
[18Nov2024 19:14:00.362] [Forge Version Check/INFO] [net.minecraftforge.fml.VersionChecker/]: [attributefix] Found status: BETA Current: 21.0.4 Target: 21.0.4
[18Nov2024 19:14:00.362] [Forge Version Check/INFO] [net.minecraftforge.fml.VersionChecker/]: [botanypots] Starting version check at https://updates.blamejared.com/get?n=botanypots&gv=1.20.1
[18Nov2024 19:14:00.366] [Render thread/INFO] [terrablender/]: Registered region regions_unexplored:primary to index 2 for type OVERWORLD
[18Nov2024 19:14:00.366] [Render thread/INFO] [terrablender/]: Registered region regions_unexplored:secondary to index 3 for type OVERWORLD
[18Nov2024 19:14:00.366] [Render thread/INFO] [terrablender/]: Registered region regions_unexplored:nether to index 1 for type NETHER
[18Nov2024 19:14:00.374] [Render thread/INFO] [com.klikli_dev.occultism.Occultism/]: Registered compostable Items
[18Nov2024 19:14:00.381] [Render thread/INFO] [MEGA Cells/]: Initialised AE2WT integration.
[18Nov2024 19:14:00.423] [Render thread/INFO] [terrablender/]: Registered region ars_nouveau:overworld to index 4 for type OVERWORLD
[18Nov2024 19:14:00.429] [Worker-ResourceReload-25/INFO] [de.nekeras.borderless.BorderlessWindow/]: Initializing from client context
[18Nov2024 19:14:00.429] [Worker-ResourceReload-25/INFO] [de.nekeras.borderless.BorderlessWindow/]: Register client configuration screen
[18Nov2024 19:14:00.430] [Worker-ResourceReload-25/INFO] [de.nekeras.borderless.BorderlessWindow/]: Enqueue initialization work to main thread
[18Nov2024 19:14:00.430] [Worker-ResourceReload-7/INFO] [HammerLib/]: Registering TESR for tile hammerlib:test_machine
[18Nov2024 19:14:00.430] [Worker-ResourceReload-11/INFO] [xyz.iwolfking.rechiseledchipped.RechiseledChipped/]: HELLO FROM CLIENT SETUP
[18Nov2024 19:14:00.430] [Worker-ResourceReload-11/INFO] [xyz.iwolfking.rechiseledchipped.RechiseledChipped/]: MINECRAFT NAME >> dot_dash
[18Nov2024 19:14:00.430] [Placebo Patreon Trail Loader/INFO] [placebo/]: Loading patreon trails data...
[18Nov2024 19:14:00.433] [Placebo Patreon Wing Loader/INFO] [placebo/]: Loading patreon wing data...
[18Nov2024 19:14:00.438] [Worker-ResourceReload-7/INFO] [Spartan Shields/]: Setting up Client for Spartan Shields!
[18Nov2024 19:14:00.452] [Worker-ResourceReload-22/WARN] [net.minecraft.client.renderer.texture.SpriteContents/]: Unused frames in sprite enderio:block/primitive_alloy_smelter_front_active: [4, 5]
[18Nov2024 19:14:00.454] [Worker-ResourceReload-10/INFO] [Embeddium-CCL/]: Retrieving block renderers
[18Nov2024 19:14:00.455] [Worker-ResourceReload-16/INFO] [PluginManager/]: Executing phase CLIENT_SETUP for plugin class PatchouliPlugin
[18Nov2024 19:14:00.455] [Worker-ResourceReload-16/INFO] [PluginManager/]: Executing phase CLIENT_SETUP for plugin class CuriosPlugin
[18Nov2024 19:14:00.463] [Placebo Patreon Wing Loader/INFO] [placebo/]: Loaded 34 patreon wings.
[18Nov2024 19:14:00.463] [Placebo Patreon Trail Loader/INFO] [placebo/]: Loaded 42 patreon trails.
[18Nov2024 19:14:00.466] [Worker-ResourceReload-10/INFO] [Embeddium-CCL/]: Retrieving fluid renderers
[18Nov2024 19:14:00.466] [Worker-ResourceReload-10/INFO] [Embeddium-CCL/]: Retrieving global renderers
[18Nov2024 19:14:00.469] [JAOPCA Executor Thread/INFO] [thelm.jaopca.localization.LocalizationRepoHandler/]: Reading localization file
[18Nov2024 19:14:00.471] [Worker-ResourceReload-1/INFO] [SpectreLib/]: Registering config screens for mod actuallyharvest with 1 config(s)
[18Nov2024 19:14:00.475] [Forge Version Check/INFO] [net.minecraftforge.fml.VersionChecker/]: [botanypots] Found status: BETA Current: 13.0.39 Target: 13.0.39
[18Nov2024 19:14:00.475] [Forge Version Check/INFO] [net.minecraftforge.fml.VersionChecker/]: [mythicbotany] Starting version check at https://assets.melanx.de/updates/mythicbotany.json
[18Nov2024 19:14:00.477] [Worker-ResourceReload-21/INFO] [com.klikli_dev.occultism.Occultism/]: Client setup complete.
[18Nov2024 19:14:00.480] [JAOPCA Executor Thread/INFO] [thelm.jaopca.localization.LocalizationRepoHandler/]: Finished reading localization file
[18Nov2024 19:14:00.485] [Worker-ResourceReload-6/WARN] [dev.architectury.registry.client.keymappings.forge.KeyMappingRegistryImpl/]: Key mapping key.observable.profile registered after event
java.lang.RuntimeException: null
	at dev.architectury.registry.client.keymappings.forge.KeyMappingRegistryImpl.register(KeyMappingRegistryImpl.java:47) ~[architectury-9.2.14-forge.jar%23502!/:?]
	at dev.architectury.registry.client.keymappings.KeyMappingRegistry.register(KeyMappingRegistry.java) ~[architectury-9.2.14-forge.jar%23502!/:?]
	at observable.Observable.clientInit(Observable.java:151) ~[observable-4.4.2.jar%23681!/:?]
	at observable.forge.ObservableForge.onClientInit(ObservableForge.java:28) ~[observable-4.4.2.jar%23681!/:?]
	at net.minecraftforge.eventbus.EventBus.doCastFilter(EventBus.java:260) ~[eventbus-6.0.5.jar%23137!/:?]
	at net.minecraftforge.eventbus.EventBus.lambda$addListener$11(EventBus.java:252) ~[eventbus-6.0.5.jar%23137!/:?]
	at net.minecraftforge.eventbus.EventBus.post(EventBus.java:315) ~[eventbus-6.0.5.jar%23137!/:?]
	at net.minecraftforge.eventbus.EventBus.post(EventBus.java:296) ~[eventbus-6.0.5.jar%23137!/:?]
	at net.minecraftforge.fml.javafmlmod.FMLModContainer.acceptEvent(FMLModContainer.java:107) ~[javafmllanguage-1.20.1-47.2.0.jar%23796!/:?]
	at net.minecraftforge.fml.ModContainer.lambda$buildTransitionHandler$10(ModContainer.java:124) ~[fmlcore-1.20.1-47.2.0.jar%23795!/:?]
	at java.util.concurrent.CompletableFuture$AsyncRun.run(CompletableFuture.java:1804) ~[?:?]
	at java.util.concurrent.CompletableFuture$AsyncRun.exec(CompletableFuture.java:1796) ~[?:?]
	at java.util.concurrent.ForkJoinTask.doExec(ForkJoinTask.java:373) ~[?:?]
	at java.util.concurrent.ForkJoinPool$WorkQueue.topLevelExec(ForkJoinPool.java:1182) ~[?:?]
	at java.util.concurrent.ForkJoinPool.scan(ForkJoinPool.java:1655) ~[?:?]
	at java.util.concurrent.ForkJoinPool.runWorker(ForkJoinPool.java:1622) ~[?:?]
	at java.util.concurrent.ForkJoinWorkerThread.run(ForkJoinWorkerThread.java:165) ~[?:?]
[18Nov2024 19:14:00.538] [Worker-ResourceReload-18/INFO] [com.klikli_dev.theurgy.Theurgy/]: Client setup complete.
[18Nov2024 19:14:00.552] [Worker-ResourceReload-27/INFO] [mekanism.common.Mekanism/]: Initialized HolidayManager.
[18Nov2024 19:14:00.561] [Worker-ResourceReload-15/WARN] [net.minecraft.client.renderer.texture.SpriteContents/]: Invalid frame index on sprite tetra:item/module/double/head/shockwave_hammer/shockwave_hammer_left frame 5: 6
[18Nov2024 19:14:00.561] [Worker-ResourceReload-15/WARN] [net.minecraft.client.renderer.texture.SpriteContents/]: Unused frames in sprite tetra:item/module/double/head/shockwave_hammer/shockwave_hammer_left: [5]
[18Nov2024 19:14:00.568] [Forge Version Check/INFO] [net.minecraftforge.fml.VersionChecker/]: [mythicbotany] Found status: UP_TO_DATE Current: 1.20.1-4.0.3 Target: null
[18Nov2024 19:14:00.568] [Forge Version Check/INFO] [net.minecraftforge.fml.VersionChecker/]: [chickenchunks] Starting version check at https://version-check.covers1624.net/check/?mod=ChickenChunks&mc=1.20.1
[18Nov2024 19:14:00.607] [Worker-ResourceReload-20/INFO] [dev.architectury.networking.forge.NetworkManagerImpl/]: Registering S2C receiver with id ae2wtlib:update_wut
[18Nov2024 19:14:00.609] [Worker-ResourceReload-20/INFO] [dev.architectury.networking.forge.NetworkManagerImpl/]: Registering S2C receiver with id ae2wtlib:update_restock
[18Nov2024 19:14:00.611] [Worker-ResourceReload-20/INFO] [dev.architectury.networking.forge.NetworkManagerImpl/]: Registering S2C receiver with id ae2wtlib:restock_amounts
[18Nov2024 19:14:00.638] [Worker-ResourceReload-0/WARN] [net.minecraft.client.renderer.texture.SpriteContents/]: Unused frames in sprite irons_spellbooks:item/upgrade_orb_ender: [1, 5, 6, 7]
[18Nov2024 19:14:00.658] [Worker-ResourceReload-0/WARN] [net.minecraft.client.renderer.texture.SpriteContents/]: Invalid frame index on sprite malum:block/weeping_well/primordial_soup frame 15: 15
[18Nov2024 19:14:00.708] [Worker-ResourceReload-9/WARN] [net.minecraft.client.renderer.texture.SpriteContents/]: Unused frames in sprite apotheosis:items/gems/blood_lord: [9]
[18Nov2024 19:14:00.722] [Worker-ResourceReload-26/INFO] [com.mna.ManaAndArtifice/]: M&A -> Gui Screens Registered
[18Nov2024 19:14:00.728] [Worker-ResourceReload-7/WARN] [net.minecraft.client.renderer.texture.SpriteContents/]: Unused frames in sprite tetra:item/module/single/head/bident/default: [12]
[18Nov2024 19:14:00.746] [Worker-ResourceReload-7/WARN] [net.minecraft.client.renderer.texture.SpriteContents/]: Unused frames in sprite cataclysm:item/cursed_eye: [8, 9]
[18Nov2024 19:14:00.746] [Worker-ResourceReload-4/WARN] [net.minecraft.client.renderer.texture.SpriteContents/]: Unused frames in sprite irons_spellbooks:item/energized_core_energy: [11]
[18Nov2024 19:14:00.754] [Worker-ResourceReload-21/WARN] [net.minecraft.client.renderer.texture.SpriteContents/]: Unused frames in sprite enderio:block/alloy_smelter_front_active: [4, 5]
[18Nov2024 19:14:00.762] [Worker-ResourceReload-17/WARN] [net.minecraft.client.renderer.texture.SpriteContents/]: Invalid frame index on sprite tetra:item/module/double/head/shockwave_hammer/shockwave_hammer_glow_left frame 5: 6
[18Nov2024 19:14:00.763] [Worker-ResourceReload-17/WARN] [net.minecraft.client.renderer.texture.SpriteContents/]: Unused frames in sprite tetra:item/module/double/head/shockwave_hammer/shockwave_hammer_glow_left: [5]
[18Nov2024 19:14:00.766] [Worker-ResourceReload-26/INFO] [com.mna.ManaAndArtifice/]: M&A -> Tile Entity Renderers Registered
[18Nov2024 19:14:00.768] [Worker-ResourceReload-26/INFO] [com.mna.ManaAndArtifice/]: M&A -> Block Render Layers Set
[18Nov2024 19:14:00.820] [Worker-ResourceReload-19/WARN] [net.minecraft.client.renderer.texture.SpriteLoader/]: Texture goety:block/soul_mender_litup with size 8x8 limits mip level from 4 to 3
[18Nov2024 19:14:00.820] [Worker-ResourceReload-19/WARN] [net.minecraft.client.renderer.texture.SpriteLoader/]: Texture terramity:block/duskrok_greatsword with size 64x34 limits mip level from 3 to 1
[18Nov2024 19:14:00.820] [Worker-ResourceReload-19/WARN] [net.minecraft.client.renderer.texture.SpriteLoader/]: Texture goety:item/dark_scythe with size 23x25 limits mip level from 1 to 0
[18Nov2024 19:14:00.860] [Worker-ResourceReload-26/INFO] [com.mna.ManaAndArtifice/]: M&A -> Entity Renderers Registered
[18Nov2024 19:14:00.973] [Render thread/INFO] [de.nekeras.borderless.client.FullscreenDisplayModeHolder/]: Overwriting Minecraft WindowEventListener
[18Nov2024 19:14:00.982] [Render thread/INFO] [de.nekeras.borderless.client.FullscreenDisplayModeHolder/]: Overwrite finished
[18Nov2024 19:14:00.984] [Render thread/INFO] [de.nekeras.borderless.client.DesktopEnvironment/]: Determining desktop environment
[18Nov2024 19:14:00.985] [Render thread/INFO] [de.nekeras.borderless.client.DesktopEnvironment/]: Found desktop environment WINDOWS
[18Nov2024 19:14:00.985] [Render thread/INFO] [de.nekeras.borderless.client.FullscreenDisplayModeHolder/]: Refreshing fullscreen mode from config to de.nekeras.borderless.client.fullscreen.BorderlessFullscreenDisplay@42f48b90
[18Nov2024 19:14:00.985] [Render thread/INFO] [de.nekeras.borderless.client.FullscreenDisplayModeHolder/]: Detected fullscreen mode change from null to de.nekeras.borderless.client.fullscreen.BorderlessFullscreenDisplay@42f48b90
[18Nov2024 19:14:00.985] [Render thread/INFO] [de.nekeras.borderless.client.FullscreenDisplayModeHolder/]: Refreshing de.nekeras.borderless.client.fullscreen.BorderlessFullscreenDisplay@42f48b90
[18Nov2024 19:14:00.986] [Render thread/INFO] [de.nekeras.borderless.client.GlfwUtils/]: Resetting window attributes
[18Nov2024 19:14:00.986] [Render thread/INFO] [de.nekeras.borderless.client.GlfwUtils/]: Enable window attribute DECORATED
[18Nov2024 19:14:00.986] [Render thread/INFO] [de.nekeras.borderless.client.GlfwUtils/]: Enable window attribute AUTO_ICONIFY
[18Nov2024 19:14:00.986] [Render thread/INFO] [de.nekeras.borderless.client.GlfwUtils/]: Done resetting window attributes
[18Nov2024 19:14:00.986] [Render thread/INFO] [de.nekeras.borderless.client.fullscreen.BorderlessFullscreenDisplay/]: Apply on monitor Generic PnP Monitor at (0|0) size (3440 x 1440)
[18Nov2024 19:14:00.986] [Render thread/INFO] [de.nekeras.borderless.client.GlfwUtils/]: Disable window attribute DECORATED
[18Nov2024 19:14:00.987] [Render thread/INFO] [de.nekeras.borderless.client.GlfwUtils/]: Checking window input mode
[18Nov2024 19:14:00.987] [Render thread/INFO] [de.nekeras.borderless.client.GlfwUtils/]: Detected normal cursor mode
[18Nov2024 19:14:00.987] [Render thread/INFO] [de.nekeras.borderless.client.GlfwUtils/]: Done checking window input mode
[18Nov2024 19:14:00.987] [Render thread/INFO] [de.nekeras.borderless.client.GlfwUtils/]: Cursor is at 1823x957 (inside window: true)
[18Nov2024 19:14:00.987] [Render thread/INFO] [de.nekeras.borderless.client.GlfwUtils/]: Done checking cursor position
[18Nov2024 19:14:01.009] [Worker-ResourceReload-19/INFO] [ModernFix/]: Early baking 1787 models
[18Nov2024 19:14:01.134] [Render thread/INFO] [majruszlibrary/]: [majruszsdifficulty.json] Reloading configuration file took 13 milliseconds
[18Nov2024 19:14:01.139] [Render thread/INFO] [majruszlibrary/]: [majruszsenchantments.json] Reloading configuration file took 5 milliseconds
[18Nov2024 19:14:01.140] [Render thread/INFO] [majruszlibrary/]: [majruszlibrary.json] Reloading configuration file took 1 milliseconds
[18Nov2024 19:14:01.270] [Forge Version Check/INFO] [net.minecraftforge.fml.VersionChecker/]: [chickenchunks] Found status: UP_TO_DATE Current: 2.10.0.100 Target: null
[18Nov2024 19:14:01.270] [Forge Version Check/INFO] [net.minecraftforge.fml.VersionChecker/]: [flywheel] Starting version check at https://api.modrinth.com/updates/flywheel/forge_updates.json
[18Nov2024 19:14:01.351] [Forge Version Check/INFO] [net.minecraftforge.fml.VersionChecker/]: [flywheel] Found status: BETA Current: 0.6.11-13 Target: null
[18Nov2024 19:14:01.351] [Forge Version Check/INFO] [net.minecraftforge.fml.VersionChecker/]: [occultism] Starting version check at https://raw.githubusercontent.com/klikli-dev/occultism/meta/updates.json
[18Nov2024 19:14:01.370] [Forge Version Check/INFO] [net.minecraftforge.fml.VersionChecker/]: [occultism] Found status: BETA Current: 1.140.1 Target: null
[18Nov2024 19:14:01.370] [Forge Version Check/INFO] [net.minecraftforge.fml.VersionChecker/]: [prism] Starting version check at https://mc-update-check.anthonyhilyard.com/638111
[18Nov2024 19:14:01.455] [Render thread/INFO] [journeymap/]: Journeymap Initializing
[18Nov2024 19:14:01.548] [Forge Version Check/WARN] [net.minecraftforge.fml.VersionChecker/]: Failed to process update information
com.google.gson.JsonSyntaxException: java.lang.IllegalStateException: Expected BEGIN_OBJECT but was STRING at line 1 column 1 path $
	at com.google.gson.Gson.fromJson(Gson.java:1226) ~[gson-2.10.jar%23100!/:?]
	at com.google.gson.Gson.fromJson(Gson.java:1124) ~[gson-2.10.jar%23100!/:?]
	at com.google.gson.Gson.fromJson(Gson.java:1034) ~[gson-2.10.jar%23100!/:?]
	at com.google.gson.Gson.fromJson(Gson.java:969) ~[gson-2.10.jar%23100!/:?]
	at net.minecraftforge.fml.VersionChecker$1.process(VersionChecker.java:183) ~[fmlcore-1.20.1-47.2.0.jar%23795!/:?]
	at java.lang.Iterable.forEach(Iterable.java:75) ~[?:?]
	at net.minecraftforge.fml.VersionChecker$1.run(VersionChecker.java:114) ~[fmlcore-1.20.1-47.2.0.jar%23795!/:?]
Caused by: java.lang.IllegalStateException: Expected BEGIN_OBJECT but was STRING at line 1 column 1 path $
	at com.google.gson.stream.JsonReader.beginObject(JsonReader.java:393) ~[gson-2.10.jar%23100!/:?]
	at com.google.gson.internal.bind.MapTypeAdapterFactory$Adapter.read(MapTypeAdapterFactory.java:182) ~[gson-2.10.jar%23100!/:?]
	at com.google.gson.internal.bind.MapTypeAdapterFactory$Adapter.read(MapTypeAdapterFactory.java:144) ~[gson-2.10.jar%23100!/:?]
	at com.google.gson.Gson.fromJson(Gson.java:1214) ~[gson-2.10.jar%23100!/:?]
	... 6 more
[18Nov2024 19:14:01.548] [Forge Version Check/INFO] [net.minecraftforge.fml.VersionChecker/]: [cobweb] Starting version check at https://api.modrinth.com/updates/cobweb/forge_updates.json
[18Nov2024 19:14:01.607] [Worker-ResourceReload-19/WARN] [net.minecraft.client.resources.model.ModelBakery/]: Unable to load model: 'industrialforegoing:transporter#inventory' referenced from: industrialforegoing:transporter#inventory: com.google.common.cache.CacheLoader$InvalidCacheLoadException: CacheLoader returned null for key industrialforegoing:models/item/transporter.json.
[18Nov2024 19:14:01.608] [Worker-ResourceReload-19/ERROR] [ModernFix/]: Exception baking industrialforegoing:transporter#inventory: org.embeddedt.modernfix.dynamicresources.ModelMissingException
[18Nov2024 19:14:01.613] [Forge Version Check/INFO] [net.minecraftforge.fml.VersionChecker/]: [cobweb] Found status: UP_TO_DATE Current: 1.0.0 Target: null
[18Nov2024 19:14:01.613] [Forge Version Check/INFO] [net.minecraftforge.fml.VersionChecker/]: [bookshelf] Starting version check at https://updates.blamejared.com/get?n=bookshelf&gv=1.20.1
[18Nov2024 19:14:01.717] [Worker-ResourceReload-19/WARN] [ModernFix/]: Mod 'goety' is accessing Map#keySet/entrySet/values/replaceAll on the model registry map inside its event handler. This probably won't work as expected with dynamic resources on. Prefer using Map#get/put and constructing ModelResourceLocations another way.
[18Nov2024 19:14:01.721] [Worker-ResourceReload-19/WARN] [ModernFix/]: Mod 'mekanism' is calling replaceAll on the model registry. Some hacks will be used to keep this fast, but they may not be 100% compatible.
[18Nov2024 19:14:01.726] [Forge Version Check/INFO] [net.minecraftforge.fml.VersionChecker/]: [bookshelf] Found status: BETA Current: 20.2.13 Target: 20.2.13
[18Nov2024 19:14:01.726] [Forge Version Check/INFO] [net.minecraftforge.fml.VersionChecker/]: [mcwdoors] Starting version check at https://raw.githubusercontent.com/sketchmacaw/macawsmods/master/doors.json
[18Nov2024 19:14:01.739] [Forge Version Check/INFO] [net.minecraftforge.fml.VersionChecker/]: [mcwdoors] Found status: UP_TO_DATE Current: 1.1.1 Target: null
[18Nov2024 19:14:01.739] [Forge Version Check/INFO] [net.minecraftforge.fml.VersionChecker/]: [experiencebugfix] Starting version check at https://github.com/mactso/ExperienceBugFix/raw/main/update.json
[18Nov2024 19:14:01.847] [Forge Version Check/INFO] [net.minecraftforge.fml.VersionChecker/]: [experiencebugfix] Found status: BETA Current: 46.2.2 Target: 46.2.2
[18Nov2024 19:14:01.847] [Forge Version Check/INFO] [net.minecraftforge.fml.VersionChecker/]: [solarflux] Starting version check at https://api.modrinth.com/updates/4QG5lev4/forge_updates.json
[18Nov2024 19:14:02.004] [Worker-ResourceReload-19/WARN] [ModernFix/]: Mod 'alexscaves' is accessing Map#keySet/entrySet/values/replaceAll on the model registry map inside its event handler. This probably won't work as expected with dynamic resources on. Prefer using Map#get/put and constructing ModelResourceLocations another way.
[18Nov2024 19:14:02.026] [Worker-ResourceReload-19/INFO] [com.github.alexmodguy.alexscaves.AlexsCaves/]: Loaded emissive block models in 22 ms
[18Nov2024 19:14:02.206] [Render thread/INFO] [com.jozufozu.flywheel.backend.Backend/]: Loaded all shader sources.
[18Nov2024 19:14:02.265] [Forge Version Check/INFO] [net.minecraftforge.fml.VersionChecker/]: [solarflux] Found status: UP_TO_DATE Current: 20.1.6 Target: null
[18Nov2024 19:14:02.265] [Forge Version Check/INFO] [net.minecraftforge.fml.VersionChecker/]: [runelic] Starting version check at https://updates.blamejared.com/get?n=runelic&gv=1.20.1
[18Nov2024 19:14:02.329] [Render thread/INFO] [se.mickelus.tetra.client.ToolActionIconStore/]: Loaded 7 tool action icons
[18Nov2024 19:14:02.334] [Worker-ResourceReload-10/INFO] [pneumaticcraft/]: Sending IMC messages.
[18Nov2024 19:14:02.379] [Forge Version Check/INFO] [net.minecraftforge.fml.VersionChecker/]: [runelic] Found status: BETA Current: 18.0.2 Target: 18.0.2
[18Nov2024 19:14:02.379] [Forge Version Check/INFO] [net.minecraftforge.fml.VersionChecker/]: [framework] Starting version check at https://mrcrayfish.com/modupdatejson?id=framework
[18Nov2024 19:14:02.438] [Worker-ResourceReload-19/INFO] [io.redspace.ironsspellbooks.IronsSpellbooks/]: Got IMC []
[18Nov2024 19:14:02.439] [Worker-ResourceReload-4/INFO] [HammerLib/]: Performed registerFoil from hammerlib. Determined constant(0xFFFFFF0F) foil provider
[18Nov2024 19:14:02.439] [Worker-ResourceReload-4/INFO] [HammerLib/]: Performed registerFoil from hammerlib. Determined dynamic(org.zeith.hammerlib.client.CustomFoilConfigs$$Lambda$63311/0x000000080768e000@5200f1af) foil provider
[18Nov2024 19:14:02.476] [Worker-ResourceReload-26/INFO] [org.zeith.solarflux.SolarFlux/]: Registered 8 upgrades for Solar Panels.
[18Nov2024 19:14:02.479] [Worker-ResourceReload-30/INFO] [AttributeFix/]: Loaded values for 128 compatible attributes.
[18Nov2024 19:14:02.480] [Worker-ResourceReload-23/INFO] [net.xalcon.torchmaster.Torchmaster/]: Applying mega torch entity block list overrides...
[18Nov2024 19:14:02.480] [Worker-ResourceReload-23/INFO] [net.xalcon.torchmaster.Torchmaster/]: Applying dread lamp entity block list overrides...
[18Nov2024 19:14:02.484] [Worker-ResourceReload-30/ERROR] [AttributeFix/]: Attribute ID 'amethyst_core:spell_level' does not belong to a known attribute. This entry will be ignored.
[18Nov2024 19:14:02.484] [Worker-ResourceReload-30/ERROR] [AttributeFix/]: Attribute ID 'amethyst_core:spell_critical_multiplier' does not belong to a known attribute. This entry will be ignored.
[18Nov2024 19:14:02.484] [Worker-ResourceReload-30/ERROR] [AttributeFix/]: Attribute ID 'amethyst_core:spell_duration' does not belong to a known attribute. This entry will be ignored.
[18Nov2024 19:14:02.484] [Worker-ResourceReload-30/ERROR] [AttributeFix/]: Attribute ID 'amethyst_core:spell_range' does not belong to a known attribute. This entry will be ignored.
[18Nov2024 19:14:02.484] [Worker-ResourceReload-30/ERROR] [AttributeFix/]: Attribute ID 'amethyst_core:spell_amplifier' does not belong to a known attribute. This entry will be ignored.
[18Nov2024 19:14:02.484] [Worker-ResourceReload-30/ERROR] [AttributeFix/]: Attribute ID 'mythicmetals:fire_vulnerability' does not belong to a known attribute. This entry will be ignored.
[18Nov2024 19:14:02.484] [Worker-ResourceReload-30/ERROR] [AttributeFix/]: Attribute ID 'amethyst_core:spell_cooldown' does not belong to a known attribute. This entry will be ignored.
[18Nov2024 19:14:02.484] [Worker-ResourceReload-30/ERROR] [AttributeFix/]: Attribute ID 'amethyst_core:player_experience' does not belong to a known attribute. This entry will be ignored.
[18Nov2024 19:14:02.484] [Worker-ResourceReload-30/ERROR] [AttributeFix/]: Attribute ID 'amethyst_core:spell_critical_chance' does not belong to a known attribute. This entry will be ignored.
[18Nov2024 19:14:02.484] [Worker-ResourceReload-30/ERROR] [AttributeFix/]: Attribute ID 'midnight:malignant_armor' does not belong to a known attribute. This entry will be ignored.
[18Nov2024 19:14:02.484] [Worker-ResourceReload-30/ERROR] [AttributeFix/]: Attribute ID 'witherstormmod:evolution_speed' does not belong to a known attribute. This entry will be ignored.
[18Nov2024 19:14:02.484] [Worker-ResourceReload-30/ERROR] [AttributeFix/]: Attribute ID 'amethyst_core:spell_mana_cost' does not belong to a known attribute. This entry will be ignored.
[18Nov2024 19:14:02.484] [Worker-ResourceReload-30/ERROR] [AttributeFix/]: Attribute ID 'witherstormmod:target_stationary_flying_speed' does not belong to a known attribute. This entry will be ignored.
[18Nov2024 19:14:02.484] [Worker-ResourceReload-30/ERROR] [AttributeFix/]: Attribute ID 'witherstormmod:slow_flying_speed' does not belong to a known attribute. This entry will be ignored.
[18Nov2024 19:14:02.484] [Worker-ResourceReload-30/ERROR] [AttributeFix/]: Attribute ID 'witherstormmod:hunchback_follow_range' does not belong to a known attribute. This entry will be ignored.
[18Nov2024 19:14:02.484] [Worker-ResourceReload-30/ERROR] [AttributeFix/]: Attribute ID 'mythicmetals:elytra_rocket_speed' does not belong to a known attribute. This entry will be ignored.
[18Nov2024 19:14:02.484] [Worker-ResourceReload-30/ERROR] [AttributeFix/]: Attribute ID 'amethyst_core:shielding' does not belong to a known attribute. This entry will be ignored.
[18Nov2024 19:14:02.484] [Worker-ResourceReload-30/ERROR] [AttributeFix/]: Attribute ID 'amethyst_core:damage_multiplication' does not belong to a known attribute. This entry will be ignored.
[18Nov2024 19:14:02.484] [Worker-ResourceReload-30/ERROR] [AttributeFix/]: Attribute ID 'amethyst_core:mana_regeneration' does not belong to a known attribute. This entry will be ignored.
[18Nov2024 19:14:02.484] [Worker-ResourceReload-30/ERROR] [AttributeFix/]: Attribute ID 'amethyst_core:spell_experience' does not belong to a known attribute. This entry will be ignored.
[18Nov2024 19:14:02.484] [Worker-ResourceReload-30/ERROR] [AttributeFix/]: Attribute ID 'amethyst_core:magic_resistance' does not belong to a known attribute. This entry will be ignored.
[18Nov2024 19:14:02.484] [Worker-ResourceReload-30/ERROR] [AttributeFix/]: Attribute ID 'amethyst_core:spell_damage' does not belong to a known attribute. This entry will be ignored.
[18Nov2024 19:14:02.484] [Worker-ResourceReload-30/INFO] [AttributeFix/]: Loaded 150 values from config.
[18Nov2024 19:14:02.487] [Worker-ResourceReload-30/INFO] [AttributeFix/]: Saving config file. 150 entries.
[18Nov2024 19:14:02.487] [Worker-ResourceReload-30/INFO] [AttributeFix/]: Applying changes for 150 attributes.
[18Nov2024 19:14:02.517] [Worker-ResourceReload-0/INFO] [Jade/]: Start loading plugin at org.zeith.hammerlib.compat.jade.GetWaila
[18Nov2024 19:14:02.525] [Worker-ResourceReload-0/INFO] [Jade/]: Start loading plugin at dev.shadowsoffire.gateways.compat.GatewayJadePlugin
[18Nov2024 19:14:02.525] [Worker-ResourceReload-0/INFO] [Jade/]: Start loading plugin at dev.shadowsoffire.apotheosis.spawn.compat.SpawnerHwylaPlugin
[18Nov2024 19:14:02.526] [Worker-ResourceReload-0/INFO] [Jade/]: Start loading plugin at dev.shadowsoffire.apotheosis.ench.compat.EnchHwylaPlugin
[18Nov2024 19:14:02.526] [Worker-ResourceReload-0/INFO] [Jade/]: Start loading plugin at dev.shadowsoffire.apotheosis.adventure.compat.AdventureHwylaPlugin
[18Nov2024 19:14:02.527] [Worker-ResourceReload-0/INFO] [Jade/]: Start loading plugin at de.maxhenkel.corpse.integration.waila.PluginCorpse
[18Nov2024 19:14:02.528] [Worker-ResourceReload-0/INFO] [Jade/]: Start loading plugin at shetiphian.endertanks.modintegration.jade.JadePlugin
[18Nov2024 19:14:02.530] [Worker-ResourceReload-0/INFO] [Jade/]: Start loading plugin at reliquary.compat.jade.JadeCompat
[18Nov2024 19:14:02.534] [Worker-ResourceReload-0/INFO] [Jade/]: Start loading plugin at com.Polarice3.Goety.compat.jade.JadePlugin
[18Nov2024 19:14:02.537] [Worker-ResourceReload-0/INFO] [Jade/]: Start loading plugin at shetiphian.core.internal.modintegration.jade.JadePlugin
[18Nov2024 19:14:02.538] [Worker-ResourceReload-0/INFO] [Jade/]: Start loading plugin at snownee.jade.addon.JadeAddonsBase
[18Nov2024 19:14:02.544] [Worker-ResourceReload-27/INFO] [com.mna.ManaAndArtifice/]: M&A API initialized, it is now useable
[18Nov2024 19:14:02.555] [Worker-ResourceReload-0/INFO] [Jade/]: Start loading plugin at com.supermartijn642.tesseract.integration.TesseractWailaPlugin
[18Nov2024 19:14:02.556] [Worker-ResourceReload-0/INFO] [Jade/]: Start loading plugin at mekanism.common.integration.lookingat.jade.MekanismJadePlugin
[18Nov2024 19:14:02.560] [Worker-ResourceReload-0/INFO] [Jade/]: Start loading plugin at me.desht.pneumaticcraft.common.thirdparty.waila.WailaRegistration
[18Nov2024 19:14:02.563] [Worker-ResourceReload-0/INFO] [Jade/]: Start loading plugin at de.maxhenkel.pipez.integration.waila.PluginPipes
[18Nov2024 19:14:02.564] [Worker-ResourceReload-0/INFO] [Jade/]: Start loading plugin at com.hollingsworth.arsnouveau.client.waila.WailaArsNouveauPlugin
[18Nov2024 19:14:02.565] [Worker-ResourceReload-0/INFO] [Jade/]: Start loading plugin at net.blay09.mods.cookingforblockheads.compat.ForgeJadeCookingForBlockheadsPlugin
[18Nov2024 19:14:02.566] [Worker-ResourceReload-0/INFO] [Jade/]: Start loading plugin at net.p3pp3rf1y.sophisticatedstorage.compat.jade.StorageJadePlugin
[18Nov2024 19:14:02.566] [Worker-ResourceReload-0/INFO] [Jade/]: Start loading plugin at net.blay09.mods.waystones.compat.JadeIntegration
[18Nov2024 19:14:02.567] [Worker-ResourceReload-0/INFO] [Jade/]: Start loading plugin at snownee.jade.addon.vanilla.VanillaPlugin
[18Nov2024 19:14:02.581] [Worker-ResourceReload-0/INFO] [Jade/]: Start loading plugin at snownee.jade.addon.universal.UniversalPlugin
[18Nov2024 19:14:02.585] [Worker-ResourceReload-0/INFO] [Jade/]: Start loading plugin at snownee.jade.addon.core.CorePlugin
[18Nov2024 19:14:02.588] [Worker-ResourceReload-0/INFO] [Jade/]: Start loading plugin at appeng.integration.modules.jade.JadeModule
[18Nov2024 19:14:02.603] [Worker-ResourceReload-0/INFO] [Jade/]: Start loading plugin at com.glodblock.github.extendedae.xmod.jade.JadePlugin
[18Nov2024 19:14:02.604] [Worker-ResourceReload-0/INFO] [Jade/]: Start loading plugin at com.glodblock.github.appflux.xmod.jade.JadePlugin
[18Nov2024 19:14:02.604] [Worker-ResourceReload-0/INFO] [Jade/]: Start loading plugin at com.klikli_dev.theurgy.integration.jade.JadePlugin
[18Nov2024 19:14:02.897] [Render thread/INFO] [Configured/]: Successfully loaded config provider: com.mrcrayfish.configured.impl.forge.ForgeConfigProvider
[18Nov2024 19:14:02.898] [Render thread/INFO] [Configured/]: Successfully loaded config provider: com.mrcrayfish.configured.impl.framework.FrameworkConfigProvider
[18Nov2024 19:14:02.898] [Render thread/INFO] [Configured/]: Successfully loaded config provider: com.mrcrayfish.configured.impl.jei.JeiConfigProvider
[18Nov2024 19:14:02.899] [Render thread/INFO] [Configured/]: Successfully loaded config provider: com.anthonyhilyard.iceberg.compat.configured.IcebergConfigProvider
[18Nov2024 19:14:02.899] [Render thread/INFO] [Configured/]: Creating config GUI factories...
[18Nov2024 19:14:02.909] [Render thread/INFO] [Configured/]: Registering config factory for mod mffs. Found 2 config(s)
[18Nov2024 19:14:02.909] [Render thread/INFO] [Configured/]: Registering config factory for mod thermal. Found 3 config(s)
[18Nov2024 19:14:02.909] [Render thread/INFO] [Configured/]: Registering config factory for mod rftoolsbase. Found 1 config(s)
[18Nov2024 19:14:02.910] [Render thread/INFO] [Configured/]: Registering config factory for mod rechiseled_chipped. Found 1 config(s)
[18Nov2024 19:14:02.910] [Render thread/INFO] [Configured/]: Registering config factory for mod botanypotstiers. Found 1 config(s)
[18Nov2024 19:14:02.910] [Render thread/INFO] [Configured/]: Registering config factory for mod thermal_integration. Found 1 config(s)
[18Nov2024 19:14:02.910] [Render thread/INFO] [Configured/]: Registering config factory for mod redstone_arsenal. Found 1 config(s)
[18Nov2024 19:14:02.911] [Render thread/INFO] [Configured/]: Registering config factory for mod corpse. Found 1 config(s)
[18Nov2024 19:14:02.911] [Render thread/INFO] [Configured/]: Registering config factory for mod industrialforegoing. Found 5 config(s)
[18Nov2024 19:14:02.911] [Render thread/INFO] [Configured/]: Registering config factory for mod botania. Found 2 config(s)
[18Nov2024 19:14:02.912] [Render thread/INFO] [Configured/]: Registering config factory for mod advgenerators. Found 1 config(s)
[18Nov2024 19:14:02.912] [Render thread/INFO] [Configured/]: Registering config factory for mod enchantinginfuser. Found 1 config(s)
[18Nov2024 19:14:02.912] [Render thread/INFO] [Configured/]: Registering config factory for mod tslatentitystatus. Found 1 config(s)
[18Nov2024 19:14:02.913] [Render thread/INFO] [Configured/]: Registering config factory for mod skillcloaks. Found 1 config(s)
[18Nov2024 19:14:02.913] [Render thread/INFO] [Configured/]: Registering config factory for mod miniutilities. Found 1 config(s)
[18Nov2024 19:14:02.913] [Render thread/INFO] [Configured/]: Registering config factory for mod cofh_core. Found 3 config(s)
[18Nov2024 19:14:02.913] [Render thread/INFO] [Configured/]: Registering config factory for mod rftoolspower. Found 1 config(s)
[18Nov2024 19:14:02.913] [Render thread/INFO] [Configured/]: Registering config factory for mod rftoolsbuilder. Found 2 config(s)
[18Nov2024 19:14:02.913] [Render thread/INFO] [Configured/]: Registering config factory for mod flywheel. Found 1 config(s)
[18Nov2024 19:14:02.913] [Render thread/INFO] [Configured/]: Registering config factory for mod bhc. Found 2 config(s)
[18Nov2024 19:14:02.913] [Render thread/INFO] [Configured/]: Registering config factory for mod experienceobelisk. Found 1 config(s)
[18Nov2024 19:14:02.914] [Render thread/INFO] [Configured/]: Registering config factory for mod wrd. Found 1 config(s)
[18Nov2024 19:14:02.914] [Render thread/INFO] [Configured/]: Registering config factory for mod appleskin. Found 1 config(s)
[18Nov2024 19:14:02.914] [Render thread/INFO] [Configured/]: Registering config factory for mod lootr. Found 2 config(s)
[18Nov2024 19:14:02.914] [Render thread/INFO] [Configured/]: Registering config factory for mod occultism. Found 2 config(s)
[18Nov2024 19:14:02.914] [Render thread/INFO] [Configured/]: Registering config factory for mod defaultoptions. Found 1 config(s)
[18Nov2024 19:14:02.914] [Render thread/INFO] [Configured/]: Registering config factory for mod sophisticatedcore. Found 2 config(s)
[18Nov2024 19:14:02.914] [Render thread/INFO] [Configured/]: Registering config factory for mod jrftl. Found 1 config(s)
[18Nov2024 19:14:02.914] [Render thread/INFO] [Configured/]: Registering config factory for mod sophisticatedbackpacks. Found 2 config(s)
[18Nov2024 19:14:02.914] [Render thread/INFO] [Configured/]: Registering config factory for mod mekanismgenerators. Found 3 config(s)
[18Nov2024 19:14:02.914] [Render thread/INFO] [Configured/]: Registering config factory for mod endertanks. Found 2 config(s)
[18Nov2024 19:14:02.915] [Render thread/INFO] [Configured/]: Registering config factory for mod cataclysm. Found 1 config(s)
[18Nov2024 19:14:02.915] [Render thread/INFO] [Configured/]: Registering config factory for mod tiab. Found 1 config(s)
[18Nov2024 19:14:02.915] [Render thread/INFO] [Configured/]: Registering config factory for mod elevatorid. Found 1 config(s)
[18Nov2024 19:14:02.915] [Render thread/INFO] [Configured/]: Registering config factory for mod aiimprovements. Found 1 config(s)
[18Nov2024 19:14:02.916] [Render thread/INFO] [Configured/]: Registering config factory for mod enchantwithmob. Found 2 config(s)
[18Nov2024 19:14:02.916] [Render thread/INFO] [Configured/]: Registering config factory for mod expatternprovider. Found 1 config(s)
[18Nov2024 19:14:02.916] [Render thread/INFO] [Configured/]: Registering config factory for mod explorerscompass. Found 2 config(s)
[18Nov2024 19:14:02.916] [Render thread/INFO] [Configured/]: Registering config factory for mod advanced_ae. Found 1 config(s)
[18Nov2024 19:14:02.916] [Render thread/INFO] [Configured/]: Registering config factory for mod connectorextras_energy_bridge. Found 1 config(s)
[18Nov2024 19:14:02.917] [Render thread/INFO] [Configured/]: Registering config factory for mod tarotcards. Found 1 config(s)
[18Nov2024 19:14:02.917] [Render thread/INFO] [Configured/]: Registering config factory for mod craftingtweaks. Found 1 config(s)
[18Nov2024 19:14:02.917] [Render thread/INFO] [Configured/]: Registering config factory for mod eccentrictome. Found 1 config(s)
[18Nov2024 19:14:02.917] [Render thread/INFO] [Configured/]: Registering config factory for mod archers_paradox. Found 1 config(s)
[18Nov2024 19:14:02.917] [Render thread/INFO] [Configured/]: Registering config factory for mod enderio. Found 5 config(s)
[18Nov2024 19:14:02.917] [Render thread/INFO] [Configured/]: Registering config factory for mod shiftedlib. Found 1 config(s)
[18Nov2024 19:14:02.917] [Render thread/INFO] [Configured/]: Registering config factory for mod spartanshields. Found 1 config(s)
[18Nov2024 19:14:02.917] [Render thread/INFO] [Configured/]: Registering config factory for mod reliquary. Found 2 config(s)
[18Nov2024 19:14:02.917] [Render thread/INFO] [Configured/]: Registering config factory for mod fluxnetworks. Found 3 config(s)
[18Nov2024 19:14:02.917] [Render thread/INFO] [Configured/]: Registering config factory for mod ars_elemental. Found 29 config(s)
[18Nov2024 19:14:02.918] [Render thread/INFO] [Configured/]: Registering config factory for mod irons_spellbooks. Found 2 config(s)
[18Nov2024 19:14:02.918] [Render thread/INFO] [Configured/]: Registering config factory for mod ars_instrumentum. Found 1 config(s)
[18Nov2024 19:14:02.918] [Render thread/INFO] [Configured/]: Registering config factory for mod buildinggadgets2. Found 1 config(s)
[18Nov2024 19:14:02.918] [Render thread/INFO] [Configured/]: Registering config factory for mod pylons. Found 1 config(s)
[18Nov2024 19:14:02.918] [Render thread/INFO] [Configured/]: Registering config factory for mod functionalstorage. Found 2 config(s)
[18Nov2024 19:14:02.918] [Render thread/INFO] [Configured/]: Registering config factory for mod lodestone. Found 1 config(s)
[18Nov2024 19:14:02.918] [Render thread/INFO] [Configured/]: Registering config factory for mod overloadedarmorbar. Found 1 config(s)
[18Nov2024 19:14:02.918] [Render thread/INFO] [Configured/]: Registering config factory for mod morphtool. Found 1 config(s)
[18Nov2024 19:14:02.918] [Render thread/INFO] [Configured/]: Registering config factory for mod quarryplus. Found 3 config(s)
[18Nov2024 19:14:02.918] [Render thread/INFO] [Configured/]: Registering config factory for mod goety. Found 6 config(s)
[18Nov2024 19:14:02.919] [Render thread/INFO] [Configured/]: Registering config factory for mod bagus_lib. Found 2 config(s)
[18Nov2024 19:14:02.919] [Render thread/INFO] [Configured/]: Registering config factory for mod rangedpumps. Found 1 config(s)
[18Nov2024 19:14:02.919] [Render thread/INFO] [Configured/]: Registering config factory for mod balm. Found 1 config(s)
[18Nov2024 19:14:02.919] [Render thread/INFO] [Configured/]: Registering config factory for mod soul_fire_d. Found 1 config(s)
[18Nov2024 19:14:02.919] [Render thread/INFO] [Configured/]: Registering config factory for mod jeresources. Found 1 config(s)
[18Nov2024 19:14:02.919] [Render thread/INFO] [Configured/]: Registering config factory for mod shetiphiancore. Found 2 config(s)
[18Nov2024 19:14:02.919] [Render thread/INFO] [Configured/]: Registering config factory for mod tomeofblood. Found 3 config(s)
[18Nov2024 19:14:02.919] [Render thread/INFO] [Configured/]: Registering config factory for mod terramity. Found 2 config(s)
[18Nov2024 19:14:02.919] [Render thread/INFO] [Configured/]: Registering config factory for mod torchmaster. Found 1 config(s)
[18Nov2024 19:14:02.919] [Render thread/INFO] [Configured/]: Registering config factory for mod enchantmenttransfer. Found 1 config(s)
[18Nov2024 19:14:02.919] [Render thread/INFO] [Configured/]: Registering config factory for mod rftoolsdim. Found 2 config(s)
[18Nov2024 19:14:02.919] [Render thread/INFO] [Configured/]: Registering config factory for mod celestisynth. Found 1 config(s)
[18Nov2024 19:14:02.921] [Render thread/INFO] [Configured/]: Registering config factory for mod jei. Found 5 config(s)
[18Nov2024 19:14:02.921] [Render thread/INFO] [Configured/]: Registering config factory for mod pehkui. Found 3 config(s)
[18Nov2024 19:14:02.921] [Render thread/INFO] [Configured/]: Registering config factory for mod mekanism. Found 8 config(s)
[18Nov2024 19:14:02.921] [Render thread/INFO] [Configured/]: Registering config factory for mod fallingleaves. Found 1 config(s)
[18Nov2024 19:14:02.921] [Render thread/INFO] [Configured/]: Registering config factory for mod naturescompass. Found 2 config(s)
[18Nov2024 19:14:02.922] [Render thread/INFO] [Configured/]: Registering config factory for mod pneumaticcraft. Found 2 config(s)
[18Nov2024 19:14:02.922] [Render thread/INFO] [Configured/]: Registering config factory for mod ars_nouveau. Found 84 config(s)
[18Nov2024 19:14:02.922] [Render thread/INFO] [Configured/]: Registering config factory for mod forge. Found 2 config(s)
[18Nov2024 19:14:02.922] [Render thread/INFO] [Configured/]: Registering config factory for mod jeiintegration. Found 1 config(s)
[18Nov2024 19:14:02.922] [Render thread/INFO] [Configured/]: Registering config factory for mod dimdungeons. Found 3 config(s)
[18Nov2024 19:14:02.922] [Render thread/INFO] [Configured/]: Registering config factory for mod pipez. Found 1 config(s)
[18Nov2024 19:14:02.922] [Render thread/INFO] [Configured/]: Registering config factory for mod zeta. Found 1 config(s)
[18Nov2024 19:14:02.923] [Render thread/INFO] [Configured/]: Registering config factory for mod mna. Found 3 config(s)
[18Nov2024 19:14:02.923] [Render thread/INFO] [Configured/]: Registering config factory for mod compactvoidminers. Found 1 config(s)
[18Nov2024 19:14:02.923] [Render thread/INFO] [Configured/]: Registering config factory for mod hyperbox. Found 2 config(s)
[18Nov2024 19:14:02.923] [Render thread/INFO] [Configured/]: Registering config factory for mod xpbook. Found 1 config(s)
[18Nov2024 19:14:02.924] [Render thread/INFO] [Configured/]: Registering config factory for mod eidolon. Found 22 config(s)
[18Nov2024 19:14:02.924] [Render thread/INFO] [Configured/]: Registering config factory for mod cookingforblockheads. Found 1 config(s)
[18Nov2024 19:14:02.924] [Render thread/INFO] [Configured/]: Registering config factory for mod citadel. Found 1 config(s)
[18Nov2024 19:14:02.924] [Render thread/INFO] [Configured/]: Registering config factory for mod jeed. Found 1 config(s)
[18Nov2024 19:14:02.924] [Render thread/INFO] [Configured/]: Registering config factory for mod mob_grinding_utils. Found 1 config(s)
[18Nov2024 19:14:02.926] [Render thread/INFO] [Configured/]: Registering config factory for mod appflux. Found 1 config(s)
[18Nov2024 19:14:02.926] [Render thread/INFO] [Configured/]: Registering config factory for mod farmersdelight. Found 2 config(s)
[18Nov2024 19:14:02.926] [Render thread/INFO] [Configured/]: Registering config factory for mod mekanismadditions. Found 2 config(s)
[18Nov2024 19:14:02.926] [Render thread/INFO] [Configured/]: Registering config factory for mod patchouli. Found 1 config(s)
[18Nov2024 19:14:02.926] [Render thread/INFO] [Configured/]: Registering config factory for mod betterstrongholds. Found 1 config(s)
[18Nov2024 19:14:02.926] [Render thread/INFO] [Configured/]: Registering config factory for mod mekanismtools. Found 2 config(s)
[18Nov2024 19:14:02.926] [Render thread/INFO] [Configured/]: Registering config factory for mod deeperdarker. Found 1 config(s)
[18Nov2024 19:14:02.927] [Render thread/INFO] [Configured/]: Registering config factory for mod toomanyglyphs. Found 17 config(s)
[18Nov2024 19:14:02.927] [Render thread/INFO] [Configured/]: Registering config factory for mod cucumber. Found 2 config(s)
[18Nov2024 19:14:02.927] [Render thread/INFO] [Configured/]: Registering config factory for mod sophisticatedstorage. Found 3 config(s)
[18Nov2024 19:14:02.927] [Render thread/INFO] [Configured/]: Registering config factory for mod ensorcellation. Found 1 config(s)
[18Nov2024 19:14:02.927] [Render thread/INFO] [Configured/]: Registering config factory for mod waystones. Found 1 config(s)
[18Nov2024 19:14:02.927] [Render thread/INFO] [Configured/]: Registering config factory for mod oooh_pinky. Found 1 config(s)
[18Nov2024 19:14:02.927] [Render thread/INFO] [Configured/]: Registering config factory for mod journeymap. Found 1 config(s)
[18Nov2024 19:14:02.927] [Render thread/INFO] [Configured/]: Registering config factory for mod yungscavebiomes. Found 1 config(s)
[18Nov2024 19:14:02.927] [Render thread/INFO] [Configured/]: Registering config factory for mod charginggadgets. Found 1 config(s)
[18Nov2024 19:14:02.928] [Render thread/INFO] [Configured/]: Registering config factory for mod mcjtylib. Found 2 config(s)
[18Nov2024 19:14:02.928] [Render thread/INFO] [Configured/]: Registering config factory for mod mahoutsukai. Found 2 config(s)
[18Nov2024 19:14:02.928] [Render thread/INFO] [Configured/]: Registering config factory for mod bloodmagic. Found 2 config(s)
[18Nov2024 19:14:02.928] [Render thread/INFO] [Configured/]: Registering config factory for mod rftoolsutility. Found 2 config(s)
[18Nov2024 19:14:02.928] [Render thread/INFO] [Configured/]: Registering config factory for mod alexscaves. Found 2 config(s)
[18Nov2024 19:14:02.928] [Render thread/INFO] [Configured/]: Registering config factory for mod titanium. Found 2 config(s)
[18Nov2024 19:14:02.928] [Render thread/INFO] [Configured/]: Registering config factory for mod regions_unexplored. Found 3 config(s)
[18Nov2024 19:14:02.928] [Render thread/INFO] [Configured/]: Registering config factory for mod forbidden_arcanus. Found 2 config(s)
[18Nov2024 19:14:02.928] [Render thread/INFO] [Configured/]: Registering config factory for mod theurgy. Found 2 config(s)
[18Nov2024 19:14:02.928] [Render thread/INFO] [Configured/]: Registering config factory for mod mutil. Found 1 config(s)
[18Nov2024 19:14:02.928] [Render thread/INFO] [Configured/]: Registering config factory for mod malum. Found 2 config(s)
[18Nov2024 19:14:02.928] [Render thread/INFO] [Configured/]: Registering config factory for mod modonomicon. Found 1 config(s)
[18Nov2024 19:14:02.928] [Render thread/INFO] [Configured/]: Registering config factory for mod moredragoneggs. Found 1 config(s)
[18Nov2024 19:14:02.929] [Render thread/INFO] [defaultoptions/]: Loaded default options for keymappings
[18Nov2024 19:14:03.184] [Render thread/INFO] [net.minecraft.client.Options/]: Added resource packs: [vanilla, mod_resources, jaopca:inmemory, fabric]
[18Nov2024 19:14:03.452] [Render thread/WARN] [net.minecraft.client.sounds.SoundEngine/]: Missing sound for event: minecraft:item.goat_horn.play
[18Nov2024 19:14:03.452] [Render thread/WARN] [net.minecraft.client.sounds.SoundEngine/]: Missing sound for event: minecraft:entity.goat.screaming.horn_break
[18Nov2024 19:14:03.452] [Render thread/WARN] [net.minecraft.client.sounds.SoundEngine/]: Missing sound for event: experienceobelisk:metamorpher_busy2
[18Nov2024 19:14:03.452] [Render thread/WARN] [net.minecraft.client.sounds.SoundEngine/]: Missing sound for event: cataclysm:ignisshieldbreak
[18Nov2024 19:14:03.453] [Render thread/WARN] [net.minecraft.client.sounds.SoundEngine/]: Missing sound for event: alexscaves:abyssal_chasm_ambience_mood
[18Nov2024 19:14:03.453] [Render thread/WARN] [net.minecraft.client.sounds.SoundEngine/]: Missing sound for event: alexscaves:luxtructosaurus_breath
[18Nov2024 19:14:03.453] [Render thread/WARN] [net.minecraft.client.sounds.SoundEngine/]: Missing sound for event: malum:echoing_ring_absorbs
[18Nov2024 19:14:03.470] [Render thread/INFO] [com.mojang.blaze3d.audio.Library/]: OpenAL initialized on device OpenAL Soft on SYSTEM (BRIDGE CAST V2)
[18Nov2024 19:14:03.470] [Render thread/INFO] [net.minecraft.client.sounds.SoundEngine/SOUNDS]: Sound engine started
[18Nov2024 19:14:03.564] [Render thread/INFO] [net.minecraft.client.renderer.texture.TextureAtlas/]: Created: 16384x8192x4 minecraft:textures/atlas/blocks.png-atlas
[18Nov2024 19:14:03.837] [Render thread/INFO] [net.minecraft.client.renderer.texture.TextureAtlas/]: Created: 1024x512x4 minecraft:textures/atlas/signs.png-atlas
[18Nov2024 19:14:03.839] [Render thread/INFO] [net.minecraft.client.renderer.texture.TextureAtlas/]: Created: 1024x512x4 minecraft:textures/atlas/banner_patterns.png-atlas
[18Nov2024 19:14:03.840] [Render thread/INFO] [net.minecraft.client.renderer.texture.TextureAtlas/]: Created: 8192x8192x4 minecraft:textures/atlas/shield_patterns.png-atlas
[18Nov2024 19:14:03.911] [Render thread/INFO] [net.minecraft.client.renderer.texture.TextureAtlas/]: Created: 2048x1024x4 minecraft:textures/atlas/armor_trims.png-atlas
[18Nov2024 19:14:03.915] [Render thread/INFO] [net.minecraft.client.renderer.texture.TextureAtlas/]: Created: 1024x1024x4 minecraft:textures/atlas/chest.png-atlas
[18Nov2024 19:14:03.917] [Render thread/INFO] [net.minecraft.client.renderer.texture.TextureAtlas/]: Created: 128x128x4 minecraft:textures/atlas/decorated_pot.png-atlas
[18Nov2024 19:14:03.917] [Render thread/INFO] [net.minecraft.client.renderer.texture.TextureAtlas/]: Created: 512x256x4 minecraft:textures/atlas/shulker_boxes.png-atlas
[18Nov2024 19:14:03.918] [Render thread/INFO] [net.minecraft.client.renderer.texture.TextureAtlas/]: Created: 512x256x4 minecraft:textures/atlas/beds.png-atlas
[18Nov2024 19:14:04.410] [Render thread/WARN] [com.github.alexmodguy.alexscaves.AlexsCaves/]: Could not apply radiation glow layer to minecraft:creeper, has custom renderer that is not LivingEntityRenderer.
[18Nov2024 19:14:04.410] [Render thread/WARN] [com.github.alexmodguy.alexscaves.AlexsCaves/]: Could not apply radiation glow layer to betternether:naga_projectile, has custom renderer that is not LivingEntityRenderer.
[18Nov2024 19:14:04.410] [Render thread/WARN] [com.github.alexmodguy.alexscaves.AlexsCaves/]: Could not apply radiation glow layer to yungscavebiomes:sand_snapper, has custom renderer that is not LivingEntityRenderer.
[18Nov2024 19:14:04.410] [Render thread/WARN] [com.github.alexmodguy.alexscaves.AlexsCaves/]: Could not apply radiation glow layer to occultism:foliot, has custom renderer that is not LivingEntityRenderer.
[18Nov2024 19:14:04.410] [Render thread/WARN] [com.github.alexmodguy.alexscaves.AlexsCaves/]: Could not apply radiation glow layer to occultism:djinni, has custom renderer that is not LivingEntityRenderer.
[18Nov2024 19:14:04.410] [Render thread/WARN] [com.github.alexmodguy.alexscaves.AlexsCaves/]: Could not apply radiation glow layer to occultism:afrit, has custom renderer that is not LivingEntityRenderer.
[18Nov2024 19:14:04.410] [Render thread/WARN] [com.github.alexmodguy.alexscaves.AlexsCaves/]: Could not apply radiation glow layer to occultism:afrit_wild, has custom renderer that is not LivingEntityRenderer.
[18Nov2024 19:14:04.410] [Render thread/WARN] [com.github.alexmodguy.alexscaves.AlexsCaves/]: Could not apply radiation glow layer to occultism:marid, has custom renderer that is not LivingEntityRenderer.
[18Nov2024 19:14:04.410] [Render thread/WARN] [com.github.alexmodguy.alexscaves.AlexsCaves/]: Could not apply radiation glow layer to occultism:devil_familiar, has custom renderer that is not LivingEntityRenderer.
[18Nov2024 19:14:04.410] [Render thread/WARN] [com.github.alexmodguy.alexscaves.AlexsCaves/]: Could not apply radiation glow layer to occultism:demonic_wife, has custom renderer that is not LivingEntityRenderer.
[18Nov2024 19:14:04.411] [Render thread/WARN] [com.github.alexmodguy.alexscaves.AlexsCaves/]: Could not apply radiation glow layer to occultism:demonic_husband, has custom renderer that is not LivingEntityRenderer.
[18Nov2024 19:14:04.411] [Render thread/WARN] [com.github.alexmodguy.alexscaves.AlexsCaves/]: Could not apply radiation glow layer to voidscape:null_servant_augment_block, has custom renderer that is not LivingEntityRenderer.
[18Nov2024 19:14:04.411] [Render thread/WARN] [com.github.alexmodguy.alexscaves.AlexsCaves/]: Could not apply radiation glow layer to bosses_of_mass_destruction:lich, has custom renderer that is not LivingEntityRenderer.
[18Nov2024 19:14:04.411] [Render thread/WARN] [com.github.alexmodguy.alexscaves.AlexsCaves/]: Could not apply radiation glow layer to bosses_of_mass_destruction:obsidilith, has custom renderer that is not LivingEntityRenderer.
[18Nov2024 19:14:04.411] [Render thread/WARN] [com.github.alexmodguy.alexscaves.AlexsCaves/]: Could not apply radiation glow layer to bosses_of_mass_destruction:gauntlet, has custom renderer that is not LivingEntityRenderer.
[18Nov2024 19:14:04.411] [Render thread/WARN] [com.github.alexmodguy.alexscaves.AlexsCaves/]: Could not apply radiation glow layer to bosses_of_mass_destruction:void_blossom, has custom renderer that is not LivingEntityRenderer.
[18Nov2024 19:14:04.411] [Render thread/WARN] [com.github.alexmodguy.alexscaves.AlexsCaves/]: Could not apply radiation glow layer to endermanoverhaul:badlands_enderman, has custom renderer that is not LivingEntityRenderer.
[18Nov2024 19:14:04.411] [Render thread/WARN] [com.github.alexmodguy.alexscaves.AlexsCaves/]: Could not apply radiation glow layer to endermanoverhaul:cave_enderman, has custom renderer that is not LivingEntityRenderer.
[18Nov2024 19:14:04.411] [Render thread/WARN] [com.github.alexmodguy.alexscaves.AlexsCaves/]: Could not apply radiation glow layer to endermanoverhaul:crimson_forest_enderman, has custom renderer that is not LivingEntityRenderer.
[18Nov2024 19:14:04.411] [Render thread/WARN] [com.github.alexmodguy.alexscaves.AlexsCaves/]: Could not apply radiation glow layer to endermanoverhaul:dark_oak_enderman, has custom renderer that is not LivingEntityRenderer.
[18Nov2024 19:14:04.411] [Render thread/WARN] [com.github.alexmodguy.alexscaves.AlexsCaves/]: Could not apply radiation glow layer to endermanoverhaul:desert_enderman, has custom renderer that is not LivingEntityRenderer.
[18Nov2024 19:14:04.411] [Render thread/WARN] [com.github.alexmodguy.alexscaves.AlexsCaves/]: Could not apply radiation glow layer to endermanoverhaul:end_enderman, has custom renderer that is not LivingEntityRenderer.
[18Nov2024 19:14:04.411] [Render thread/WARN] [com.github.alexmodguy.alexscaves.AlexsCaves/]: Could not apply radiation glow layer to endermanoverhaul:end_islands_enderman, has custom renderer that is not LivingEntityRenderer.
[18Nov2024 19:14:04.411] [Render thread/WARN] [com.github.alexmodguy.alexscaves.AlexsCaves/]: Could not apply radiation glow layer to endermanoverhaul:flower_fields_enderman, has custom renderer that is not LivingEntityRenderer.
[18Nov2024 19:14:04.411] [Render thread/WARN] [com.github.alexmodguy.alexscaves.AlexsCaves/]: Could not apply radiation glow layer to endermanoverhaul:ice_spikes_enderman, has custom renderer that is not LivingEntityRenderer.
[18Nov2024 19:14:04.411] [Render thread/WARN] [com.github.alexmodguy.alexscaves.AlexsCaves/]: Could not apply radiation glow layer to endermanoverhaul:mushroom_fields_enderman, has custom renderer that is not LivingEntityRenderer.
[18Nov2024 19:14:04.411] [Render thread/WARN] [com.github.alexmodguy.alexscaves.AlexsCaves/]: Could not apply radiation glow layer to endermanoverhaul:nether_wastes_enderman, has custom renderer that is not LivingEntityRenderer.
[18Nov2024 19:14:04.411] [Render thread/WARN] [com.github.alexmodguy.alexscaves.AlexsCaves/]: Could not apply radiation glow layer to endermanoverhaul:coral_enderman, has custom renderer that is not LivingEntityRenderer.
[18Nov2024 19:14:04.411] [Render thread/WARN] [com.github.alexmodguy.alexscaves.AlexsCaves/]: Could not apply radiation glow layer to endermanoverhaul:savanna_enderman, has custom renderer that is not LivingEntityRenderer.
[18Nov2024 19:14:04.411] [Render thread/WARN] [com.github.alexmodguy.alexscaves.AlexsCaves/]: Could not apply radiation glow layer to endermanoverhaul:snowy_enderman, has custom renderer that is not LivingEntityRenderer.
[18Nov2024 19:14:04.411] [Render thread/WARN] [com.github.alexmodguy.alexscaves.AlexsCaves/]: Could not apply radiation glow layer to endermanoverhaul:soulsand_valley_enderman, has custom renderer that is not LivingEntityRenderer.
[18Nov2024 19:14:04.411] [Render thread/WARN] [com.github.alexmodguy.alexscaves.AlexsCaves/]: Could not apply radiation glow layer to endermanoverhaul:swamp_enderman, has custom renderer that is not LivingEntityRenderer.
[18Nov2024 19:14:04.411] [Render thread/WARN] [com.github.alexmodguy.alexscaves.AlexsCaves/]: Could not apply radiation glow layer to endermanoverhaul:warped_forest_enderman, has custom renderer that is not LivingEntityRenderer.
[18Nov2024 19:14:04.411] [Render thread/WARN] [com.github.alexmodguy.alexscaves.AlexsCaves/]: Could not apply radiation glow layer to endermanoverhaul:windswept_hills_enderman, has custom renderer that is not LivingEntityRenderer.
[18Nov2024 19:14:04.411] [Render thread/WARN] [com.github.alexmodguy.alexscaves.AlexsCaves/]: Could not apply radiation glow layer to endermanoverhaul:pet_enderman, has custom renderer that is not LivingEntityRenderer.
[18Nov2024 19:14:04.411] [Render thread/WARN] [com.github.alexmodguy.alexscaves.AlexsCaves/]: Could not apply radiation glow layer to endermanoverhaul:hammerhead_pet_enderman, has custom renderer that is not LivingEntityRenderer.
[18Nov2024 19:14:04.411] [Render thread/WARN] [com.github.alexmodguy.alexscaves.AlexsCaves/]: Could not apply radiation glow layer to endermanoverhaul:axolotl_pet_enderman, has custom renderer that is not LivingEntityRenderer.
[18Nov2024 19:14:04.411] [Render thread/WARN] [com.github.alexmodguy.alexscaves.AlexsCaves/]: Could not apply radiation glow layer to endermanoverhaul:scarab, has custom renderer that is not LivingEntityRenderer.
[18Nov2024 19:14:04.411] [Render thread/WARN] [com.github.alexmodguy.alexscaves.AlexsCaves/]: Could not apply radiation glow layer to endermanoverhaul:spirit, has custom renderer that is not LivingEntityRenderer.
[18Nov2024 19:14:04.411] [Render thread/WARN] [com.github.alexmodguy.alexscaves.AlexsCaves/]: Could not apply radiation glow layer to irons_spellbooks:wisp, has custom renderer that is not LivingEntityRenderer.
[18Nov2024 19:14:04.411] [Render thread/WARN] [com.github.alexmodguy.alexscaves.AlexsCaves/]: Could not apply radiation glow layer to irons_spellbooks:spectral_hammer, has custom renderer that is not LivingEntityRenderer.
[18Nov2024 19:14:04.411] [Render thread/WARN] [com.github.alexmodguy.alexscaves.AlexsCaves/]: Could not apply radiation glow layer to irons_spellbooks:debug_wizard, has custom renderer that is not LivingEntityRenderer.
[18Nov2024 19:14:04.411] [Render thread/WARN] [com.github.alexmodguy.alexscaves.AlexsCaves/]: Could not apply radiation glow layer to irons_spellbooks:pyromancer, has custom renderer that is not LivingEntityRenderer.
[18Nov2024 19:14:04.411] [Render thread/WARN] [com.github.alexmodguy.alexscaves.AlexsCaves/]: Could not apply radiation glow layer to irons_spellbooks:cryomancer, has custom renderer that is not LivingEntityRenderer.
[18Nov2024 19:14:04.411] [Render thread/WARN] [com.github.alexmodguy.alexscaves.AlexsCaves/]: Could not apply radiation glow layer to irons_spellbooks:necromancer, has custom renderer that is not LivingEntityRenderer.
[18Nov2024 19:14:04.411] [Render thread/WARN] [com.github.alexmodguy.alexscaves.AlexsCaves/]: Could not apply radiation glow layer to irons_spellbooks:summoned_zombie, has custom renderer that is not LivingEntityRenderer.
[18Nov2024 19:14:04.411] [Render thread/WARN] [com.github.alexmodguy.alexscaves.AlexsCaves/]: Could not apply radiation glow layer to irons_spellbooks:summoned_skeleton, has custom renderer that is not LivingEntityRenderer.
[18Nov2024 19:14:04.412] [Render thread/WARN] [com.github.alexmodguy.alexscaves.AlexsCaves/]: Could not apply radiation glow layer to irons_spellbooks:dead_king, has custom renderer that is not LivingEntityRenderer.
[18Nov2024 19:14:04.412] [Render thread/WARN] [com.github.alexmodguy.alexscaves.AlexsCaves/]: Could not apply radiation glow layer to irons_spellbooks:dead_king_corpse, has custom renderer that is not LivingEntityRenderer.
[18Nov2024 19:14:04.412] [Render thread/WARN] [com.github.alexmodguy.alexscaves.AlexsCaves/]: Could not apply radiation glow layer to irons_spellbooks:archevoker, has custom renderer that is not LivingEntityRenderer.
[18Nov2024 19:14:04.412] [Render thread/WARN] [com.github.alexmodguy.alexscaves.AlexsCaves/]: Could not apply radiation glow layer to irons_spellbooks:citadel_keeper, has custom renderer that is not LivingEntityRenderer.
[18Nov2024 19:14:04.412] [Render thread/WARN] [com.github.alexmodguy.alexscaves.AlexsCaves/]: Could not apply radiation glow layer to irons_spellbooks:sculk_tentacle, has custom renderer that is not LivingEntityRenderer.
[18Nov2024 19:14:04.412] [Render thread/WARN] [com.github.alexmodguy.alexscaves.AlexsCaves/]: Could not apply radiation glow layer to irons_spellbooks:root, has custom renderer that is not LivingEntityRenderer.
[18Nov2024 19:14:04.412] [Render thread/WARN] [com.github.alexmodguy.alexscaves.AlexsCaves/]: Could not apply radiation glow layer to irons_spellbooks:priest, has custom renderer that is not LivingEntityRenderer.
[18Nov2024 19:14:04.412] [Render thread/WARN] [com.github.alexmodguy.alexscaves.AlexsCaves/]: Could not apply radiation glow layer to irons_spellbooks:firefly_swarm, has custom renderer that is not LivingEntityRenderer.
[18Nov2024 19:14:04.412] [Render thread/WARN] [com.github.alexmodguy.alexscaves.AlexsCaves/]: Could not apply radiation glow layer to irons_spellbooks:apothecarist, has custom renderer that is not LivingEntityRenderer.
[18Nov2024 19:14:04.412] [Render thread/WARN] [com.github.alexmodguy.alexscaves.AlexsCaves/]: Could not apply radiation glow layer to irons_spellbooks:cultist, has custom renderer that is not LivingEntityRenderer.
[18Nov2024 19:14:04.412] [Render thread/WARN] [com.github.alexmodguy.alexscaves.AlexsCaves/]: Could not apply radiation glow layer to goety:obsidian_monolith, has custom renderer that is not LivingEntityRenderer.
[18Nov2024 19:14:04.412] [Render thread/WARN] [com.github.alexmodguy.alexscaves.AlexsCaves/]: Could not apply radiation glow layer to goety:totemic_wall, has custom renderer that is not LivingEntityRenderer.
[18Nov2024 19:14:04.412] [Render thread/WARN] [com.github.alexmodguy.alexscaves.AlexsCaves/]: Could not apply radiation glow layer to goety:totemic_bomb, has custom renderer that is not LivingEntityRenderer.
[18Nov2024 19:14:04.412] [Render thread/WARN] [com.github.alexmodguy.alexscaves.AlexsCaves/]: Could not apply radiation glow layer to goety:glacial_wall, has custom renderer that is not LivingEntityRenderer.
[18Nov2024 19:14:04.412] [Render thread/WARN] [com.github.alexmodguy.alexscaves.AlexsCaves/]: Could not apply radiation glow layer to goety:insect_swarm, has custom renderer that is not LivingEntityRenderer.
[18Nov2024 19:14:04.412] [Render thread/WARN] [com.github.alexmodguy.alexscaves.AlexsCaves/]: Could not apply radiation glow layer to goety:volcano, has custom renderer that is not LivingEntityRenderer.
[18Nov2024 19:14:04.412] [Render thread/WARN] [com.github.alexmodguy.alexscaves.AlexsCaves/]: Could not apply radiation glow layer to goety:laser, has custom renderer that is not LivingEntityRenderer.
[18Nov2024 19:14:04.412] [Render thread/WARN] [com.github.alexmodguy.alexscaves.AlexsCaves/]: Could not apply radiation glow layer to goety:survey_eye, has custom renderer that is not LivingEntityRenderer.
[18Nov2024 19:14:04.412] [Render thread/WARN] [com.github.alexmodguy.alexscaves.AlexsCaves/]: Could not apply radiation glow layer to goety:tunneling_fang, has custom renderer that is not LivingEntityRenderer.
[18Nov2024 19:14:04.412] [Render thread/WARN] [com.github.alexmodguy.alexscaves.AlexsCaves/]: Could not apply radiation glow layer to soulsweapons:withered_demon, has custom renderer that is not LivingEntityRenderer.
[18Nov2024 19:14:04.412] [Render thread/WARN] [com.github.alexmodguy.alexscaves.AlexsCaves/]: Could not apply radiation glow layer to soulsweapons:accursed_lord_boss, has custom renderer that is not LivingEntityRenderer.
[18Nov2024 19:14:04.412] [Render thread/WARN] [com.github.alexmodguy.alexscaves.AlexsCaves/]: Could not apply radiation glow layer to soulsweapons:draugr_boss, has custom renderer that is not LivingEntityRenderer.
[18Nov2024 19:14:04.412] [Render thread/WARN] [com.github.alexmodguy.alexscaves.AlexsCaves/]: Could not apply radiation glow layer to soulsweapons:night_shade, has custom renderer that is not LivingEntityRenderer.
[18Nov2024 19:14:04.412] [Render thread/WARN] [com.github.alexmodguy.alexscaves.AlexsCaves/]: Could not apply radiation glow layer to soulsweapons:returning_knight, has custom renderer that is not LivingEntityRenderer.
[18Nov2024 19:14:04.412] [Render thread/WARN] [com.github.alexmodguy.alexscaves.AlexsCaves/]: Could not apply radiation glow layer to soulsweapons:soulmass, has custom renderer that is not LivingEntityRenderer.
[18Nov2024 19:14:04.412] [Render thread/WARN] [com.github.alexmodguy.alexscaves.AlexsCaves/]: Could not apply radiation glow layer to soulsweapons:chaos_monarch, has custom renderer that is not LivingEntityRenderer.
[18Nov2024 19:14:04.412] [Render thread/WARN] [com.github.alexmodguy.alexscaves.AlexsCaves/]: Could not apply radiation glow layer to soulsweapons:moonknight, has custom renderer that is not LivingEntityRenderer.
[18Nov2024 19:14:04.412] [Render thread/WARN] [com.github.alexmodguy.alexscaves.AlexsCaves/]: Could not apply radiation glow layer to soulsweapons:frost_giant, has custom renderer that is not LivingEntityRenderer.
[18Nov2024 19:14:04.412] [Render thread/WARN] [com.github.alexmodguy.alexscaves.AlexsCaves/]: Could not apply radiation glow layer to soulsweapons:rime_spectre, has custom renderer that is not LivingEntityRenderer.
[18Nov2024 19:14:04.412] [Render thread/WARN] [com.github.alexmodguy.alexscaves.AlexsCaves/]: Could not apply radiation glow layer to soulsweapons:day_stalker, has custom renderer that is not LivingEntityRenderer.
[18Nov2024 19:14:04.412] [Render thread/WARN] [com.github.alexmodguy.alexscaves.AlexsCaves/]: Could not apply radiation glow layer to soulsweapons:night_prowler, has custom renderer that is not LivingEntityRenderer.
[18Nov2024 19:14:04.412] [Render thread/WARN] [com.github.alexmodguy.alexscaves.AlexsCaves/]: Could not apply radiation glow layer to soulsweapons:warmth_entity, has custom renderer that is not LivingEntityRenderer.
[18Nov2024 19:14:04.412] [Render thread/WARN] [com.github.alexmodguy.alexscaves.AlexsCaves/]: Could not apply radiation glow layer to soulsweapons:freyr_sword_entity, has custom renderer that is not LivingEntityRenderer.
[18Nov2024 19:14:04.412] [Render thread/WARN] [com.github.alexmodguy.alexscaves.AlexsCaves/]: Could not apply radiation glow layer to soulsweapons:nights_edge, has custom renderer that is not LivingEntityRenderer.
[18Nov2024 19:14:04.412] [Render thread/WARN] [com.github.alexmodguy.alexscaves.AlexsCaves/]: Could not apply radiation glow layer to terramity:blue_fairy, has custom renderer that is not LivingEntityRenderer.
[18Nov2024 19:14:04.412] [Render thread/WARN] [com.github.alexmodguy.alexscaves.AlexsCaves/]: Could not apply radiation glow layer to terramity:pink_fairy, has custom renderer that is not LivingEntityRenderer.
[18Nov2024 19:14:04.412] [Render thread/WARN] [com.github.alexmodguy.alexscaves.AlexsCaves/]: Could not apply radiation glow layer to terramity:green_fairy, has custom renderer that is not LivingEntityRenderer.
[18Nov2024 19:14:04.412] [Render thread/WARN] [com.github.alexmodguy.alexscaves.AlexsCaves/]: Could not apply radiation glow layer to terramity:duskrok, has custom renderer that is not LivingEntityRenderer.
[18Nov2024 19:14:04.412] [Render thread/WARN] [com.github.alexmodguy.alexscaves.AlexsCaves/]: Could not apply radiation glow layer to terramity:hellrok, has custom renderer that is not LivingEntityRenderer.
[18Nov2024 19:14:04.412] [Render thread/WARN] [com.github.alexmodguy.alexscaves.AlexsCaves/]: Could not apply radiation glow layer to terramity:cave_gnome, has custom renderer that is not LivingEntityRenderer.
[18Nov2024 19:14:04.412] [Render thread/WARN] [com.github.alexmodguy.alexscaves.AlexsCaves/]: Could not apply radiation glow layer to terramity:megabite, has custom renderer that is not LivingEntityRenderer.
[18Nov2024 19:14:04.412] [Render thread/WARN] [com.github.alexmodguy.alexscaves.AlexsCaves/]: Could not apply radiation glow layer to terramity:royal_gnome, has custom renderer that is not LivingEntityRenderer.
[18Nov2024 19:14:04.412] [Render thread/WARN] [com.github.alexmodguy.alexscaves.AlexsCaves/]: Could not apply radiation glow layer to terramity:gob, has custom renderer that is not LivingEntityRenderer.
[18Nov2024 19:14:04.412] [Render thread/WARN] [com.github.alexmodguy.alexscaves.AlexsCaves/]: Could not apply radiation glow layer to terramity:simple_turret, has custom renderer that is not LivingEntityRenderer.
[18Nov2024 19:14:04.412] [Render thread/WARN] [com.github.alexmodguy.alexscaves.AlexsCaves/]: Could not apply radiation glow layer to terramity:elite_skeleton, has custom renderer that is not LivingEntityRenderer.
[18Nov2024 19:14:04.412] [Render thread/WARN] [com.github.alexmodguy.alexscaves.AlexsCaves/]: Could not apply radiation glow layer to terramity:super_sniffer, has custom renderer that is not LivingEntityRenderer.
[18Nov2024 19:14:04.412] [Render thread/WARN] [com.github.alexmodguy.alexscaves.AlexsCaves/]: Could not apply radiation glow layer to terramity:spirit_bomb, has custom renderer that is not LivingEntityRenderer.
[18Nov2024 19:14:04.412] [Render thread/WARN] [com.github.alexmodguy.alexscaves.AlexsCaves/]: Could not apply radiation glow layer to terramity:galick_gun_beam, has custom renderer that is not LivingEntityRenderer.
[18Nov2024 19:14:04.412] [Render thread/WARN] [com.github.alexmodguy.alexscaves.AlexsCaves/]: Could not apply radiation glow layer to terramity:big_bang_attack, has custom renderer that is not LivingEntityRenderer.
[18Nov2024 19:14:04.412] [Render thread/WARN] [com.github.alexmodguy.alexscaves.AlexsCaves/]: Could not apply radiation glow layer to terramity:guided_energy_blast_projectile, has custom renderer that is not LivingEntityRenderer.
[18Nov2024 19:14:04.412] [Render thread/WARN] [com.github.alexmodguy.alexscaves.AlexsCaves/]: Could not apply radiation glow layer to terramity:dungeon_effigy, has custom renderer that is not LivingEntityRenderer.
[18Nov2024 19:14:04.412] [Render thread/WARN] [com.github.alexmodguy.alexscaves.AlexsCaves/]: Could not apply radiation glow layer to terramity:dungeon_sentry, has custom renderer that is not LivingEntityRenderer.
[18Nov2024 19:14:04.412] [Render thread/WARN] [com.github.alexmodguy.alexscaves.AlexsCaves/]: Could not apply radiation glow layer to terramity:trial_guardian, has custom renderer that is not LivingEntityRenderer.
[18Nov2024 19:14:04.412] [Render thread/WARN] [com.github.alexmodguy.alexscaves.AlexsCaves/]: Could not apply radiation glow layer to terramity:stygian_soul, has custom renderer that is not LivingEntityRenderer.
[18Nov2024 19:14:04.412] [Render thread/WARN] [com.github.alexmodguy.alexscaves.AlexsCaves/]: Could not apply radiation glow layer to terramity:tg_hand, has custom renderer that is not LivingEntityRenderer.
[18Nov2024 19:14:04.412] [Render thread/WARN] [com.github.alexmodguy.alexscaves.AlexsCaves/]: Could not apply radiation glow layer to terramity:echo_bug, has custom renderer that is not LivingEntityRenderer.
[18Nov2024 19:14:04.412] [Render thread/WARN] [com.github.alexmodguy.alexscaves.AlexsCaves/]: Could not apply radiation glow layer to terramity:apparition, has custom renderer that is not LivingEntityRenderer.
[18Nov2024 19:14:04.412] [Render thread/WARN] [com.github.alexmodguy.alexscaves.AlexsCaves/]: Could not apply radiation glow layer to terramity:decoy, has custom renderer that is not LivingEntityRenderer.
[18Nov2024 19:14:04.412] [Render thread/WARN] [com.github.alexmodguy.alexscaves.AlexsCaves/]: Could not apply radiation glow layer to terramity:antimatter_supernova, has custom renderer that is not LivingEntityRenderer.
[18Nov2024 19:14:04.412] [Render thread/WARN] [com.github.alexmodguy.alexscaves.AlexsCaves/]: Could not apply radiation glow layer to terramity:antimatter_bomb_entity, has custom renderer that is not LivingEntityRenderer.
[18Nov2024 19:14:04.412] [Render thread/WARN] [com.github.alexmodguy.alexscaves.AlexsCaves/]: Could not apply radiation glow layer to terramity:thunker, has custom renderer that is not LivingEntityRenderer.
[18Nov2024 19:14:04.412] [Render thread/WARN] [com.github.alexmodguy.alexscaves.AlexsCaves/]: Could not apply radiation glow layer to terramity:crystal_heart_ring, has custom renderer that is not LivingEntityRenderer.
[18Nov2024 19:14:04.412] [Render thread/WARN] [com.github.alexmodguy.alexscaves.AlexsCaves/]: Could not apply radiation glow layer to terramity:conjurling, has custom renderer that is not LivingEntityRenderer.
[18Nov2024 19:14:04.412] [Render thread/WARN] [com.github.alexmodguy.alexscaves.AlexsCaves/]: Could not apply radiation glow layer to terramity:gatmancer, has custom renderer that is not LivingEntityRenderer.
[18Nov2024 19:14:04.412] [Render thread/WARN] [com.github.alexmodguy.alexscaves.AlexsCaves/]: Could not apply radiation glow layer to terramity:black_hole, has custom renderer that is not LivingEntityRenderer.
[18Nov2024 19:14:04.412] [Render thread/WARN] [com.github.alexmodguy.alexscaves.AlexsCaves/]: Could not apply radiation glow layer to terramity:gaias_grace_ring, has custom renderer that is not LivingEntityRenderer.
[18Nov2024 19:14:04.412] [Render thread/WARN] [com.github.alexmodguy.alexscaves.AlexsCaves/]: Could not apply radiation glow layer to terramity:shadowflame_ring, has custom renderer that is not LivingEntityRenderer.
[18Nov2024 19:14:04.412] [Render thread/WARN] [com.github.alexmodguy.alexscaves.AlexsCaves/]: Could not apply radiation glow layer to terramity:holy_beam, has custom renderer that is not LivingEntityRenderer.
[18Nov2024 19:14:04.412] [Render thread/WARN] [com.github.alexmodguy.alexscaves.AlexsCaves/]: Could not apply radiation glow layer to terramity:virtue, has custom renderer that is not LivingEntityRenderer.
[18Nov2024 19:14:04.412] [Render thread/WARN] [com.github.alexmodguy.alexscaves.AlexsCaves/]: Could not apply radiation glow layer to terramity:micro_black_hole, has custom renderer that is not LivingEntityRenderer.
[18Nov2024 19:14:04.412] [Render thread/WARN] [com.github.alexmodguy.alexscaves.AlexsCaves/]: Could not apply radiation glow layer to terramity:black_hole_bomb_entity, has custom renderer that is not LivingEntityRenderer.
[18Nov2024 19:14:04.412] [Render thread/WARN] [com.github.alexmodguy.alexscaves.AlexsCaves/]: Could not apply radiation glow layer to terramity:macro_black_hole_bomb_entity, has custom renderer that is not LivingEntityRenderer.
[18Nov2024 19:14:04.412] [Render thread/WARN] [com.github.alexmodguy.alexscaves.AlexsCaves/]: Could not apply radiation glow layer to terramity:enchanter_merlin, has custom renderer that is not LivingEntityRenderer.
[18Nov2024 19:14:04.412] [Render thread/WARN] [com.github.alexmodguy.alexscaves.AlexsCaves/]: Could not apply radiation glow layer to terramity:sorceress_circe, has custom renderer that is not LivingEntityRenderer.
[18Nov2024 19:14:04.413] [Render thread/WARN] [com.github.alexmodguy.alexscaves.AlexsCaves/]: Could not apply radiation glow layer to terramity:gundalf, has custom renderer that is not LivingEntityRenderer.
[18Nov2024 19:14:04.413] [Render thread/WARN] [com.github.alexmodguy.alexscaves.AlexsCaves/]: Could not apply radiation glow layer to terramity:unholy_beam, has custom renderer that is not LivingEntityRenderer.
[18Nov2024 19:14:04.413] [Render thread/WARN] [com.github.alexmodguy.alexscaves.AlexsCaves/]: Could not apply radiation glow layer to celestisynth:tempest, has custom renderer that is not LivingEntityRenderer.
[18Nov2024 19:14:04.413] [Render thread/WARN] [com.github.alexmodguy.alexscaves.AlexsCaves/]: Could not apply radiation glow layer to celestisynth:traverser, has custom renderer that is not LivingEntityRenderer.
[18Nov2024 19:14:04.413] [Render thread/WARN] [com.github.alexmodguy.alexscaves.AlexsCaves/]: Could not apply radiation glow layer to celestisynth:veilguard, has custom renderer that is not LivingEntityRenderer.
[18Nov2024 19:14:04.413] [Render thread/WARN] [com.github.alexmodguy.alexscaves.AlexsCaves/]: Could not apply radiation glow layer to celestisynth:rainfall_turret, has custom renderer that is not LivingEntityRenderer.
[18Nov2024 19:14:04.413] [Render thread/WARN] [com.github.alexmodguy.alexscaves.AlexsCaves/]: Could not apply radiation glow layer to celestisynth:star_monolith, has custom renderer that is not LivingEntityRenderer.
[18Nov2024 19:14:04.413] [Render thread/WARN] [com.github.alexmodguy.alexscaves.AlexsCaves/]: Could not apply radiation glow layer to graveyard:reaper, has custom renderer that is not LivingEntityRenderer.
[18Nov2024 19:14:04.413] [Render thread/WARN] [com.github.alexmodguy.alexscaves.AlexsCaves/]: Could not apply radiation glow layer to graveyard:falling_corpse, has custom renderer that is not LivingEntityRenderer.
[18Nov2024 19:14:04.413] [Render thread/WARN] [com.github.alexmodguy.alexscaves.AlexsCaves/]: Could not apply radiation glow layer to graveyard:ghoul, has custom renderer that is not LivingEntityRenderer.
[18Nov2024 19:14:04.413] [Render thread/WARN] [com.github.alexmodguy.alexscaves.AlexsCaves/]: Could not apply radiation glow layer to graveyard:revenant, has custom renderer that is not LivingEntityRenderer.
[18Nov2024 19:14:04.413] [Render thread/WARN] [com.github.alexmodguy.alexscaves.AlexsCaves/]: Could not apply radiation glow layer to graveyard:wraith, has custom renderer that is not LivingEntityRenderer.
[18Nov2024 19:14:04.413] [Render thread/WARN] [com.github.alexmodguy.alexscaves.AlexsCaves/]: Could not apply radiation glow layer to graveyard:nightmare, has custom renderer that is not LivingEntityRenderer.
[18Nov2024 19:14:04.413] [Render thread/WARN] [com.github.alexmodguy.alexscaves.AlexsCaves/]: Could not apply radiation glow layer to graveyard:ghouling, has custom renderer that is not LivingEntityRenderer.
[18Nov2024 19:14:04.413] [Render thread/WARN] [com.github.alexmodguy.alexscaves.AlexsCaves/]: Could not apply radiation glow layer to graveyard:lich, has custom renderer that is not LivingEntityRenderer.
[18Nov2024 19:14:04.413] [Render thread/WARN] [com.github.alexmodguy.alexscaves.AlexsCaves/]: Could not apply radiation glow layer to graveyard:nameless_hanged, has custom renderer that is not LivingEntityRenderer.
[18Nov2024 19:14:04.413] [Render thread/WARN] [com.github.alexmodguy.alexscaves.AlexsCaves/]: Could not apply radiation glow layer to mna:animated_construct, has custom renderer that is not LivingEntityRenderer.
[18Nov2024 19:14:04.413] [Render thread/WARN] [com.github.alexmodguy.alexscaves.AlexsCaves/]: Could not apply radiation glow layer to mna:demon_lord, has custom renderer that is not LivingEntityRenderer.
[18Nov2024 19:14:04.413] [Render thread/WARN] [com.github.alexmodguy.alexscaves.AlexsCaves/]: Could not apply radiation glow layer to mna:faerie_queen, has custom renderer that is not LivingEntityRenderer.
[18Nov2024 19:14:04.413] [Render thread/WARN] [com.github.alexmodguy.alexscaves.AlexsCaves/]: Could not apply radiation glow layer to mna:ancient_council, has custom renderer that is not LivingEntityRenderer.
[18Nov2024 19:14:04.413] [Render thread/WARN] [com.github.alexmodguy.alexscaves.AlexsCaves/]: Could not apply radiation glow layer to mna:council_warden, has custom renderer that is not LivingEntityRenderer.
[18Nov2024 19:14:04.413] [Render thread/WARN] [com.github.alexmodguy.alexscaves.AlexsCaves/]: Could not apply radiation glow layer to mna:mushroom_soldier, has custom renderer that is not LivingEntityRenderer.
[18Nov2024 19:14:04.413] [Render thread/WARN] [com.github.alexmodguy.alexscaves.AlexsCaves/]: Could not apply radiation glow layer to mna:pixie, has custom renderer that is not LivingEntityRenderer.
[18Nov2024 19:14:04.413] [Render thread/WARN] [com.github.alexmodguy.alexscaves.AlexsCaves/]: Could not apply radiation glow layer to mna:demon_imp, has custom renderer that is not LivingEntityRenderer.
[18Nov2024 19:14:04.413] [Render thread/WARN] [com.github.alexmodguy.alexscaves.AlexsCaves/]: Could not apply radiation glow layer to mna:barkling, has custom renderer that is not LivingEntityRenderer.
[18Nov2024 19:14:04.413] [Render thread/WARN] [com.github.alexmodguy.alexscaves.AlexsCaves/]: Could not apply radiation glow layer to mna:lantern_wraith, has custom renderer that is not LivingEntityRenderer.
[18Nov2024 19:14:04.413] [Render thread/WARN] [com.github.alexmodguy.alexscaves.AlexsCaves/]: Could not apply radiation glow layer to mna:spell_breaker, has custom renderer that is not LivingEntityRenderer.
[18Nov2024 19:14:04.413] [Render thread/WARN] [com.github.alexmodguy.alexscaves.AlexsCaves/]: Could not apply radiation glow layer to mna:living_ward, has custom renderer that is not LivingEntityRenderer.
[18Nov2024 19:14:04.413] [Render thread/WARN] [com.github.alexmodguy.alexscaves.AlexsCaves/]: Could not apply radiation glow layer to mna:witch_hunter, has custom renderer that is not LivingEntityRenderer.
[18Nov2024 19:14:04.413] [Render thread/WARN] [com.github.alexmodguy.alexscaves.AlexsCaves/]: Could not apply radiation glow layer to mna:hulking_zombie, has custom renderer that is not LivingEntityRenderer.
[18Nov2024 19:14:04.413] [Render thread/WARN] [com.github.alexmodguy.alexscaves.AlexsCaves/]: Could not apply radiation glow layer to mna:skeleton_assassin, has custom renderer that is not LivingEntityRenderer.
[18Nov2024 19:14:04.413] [Render thread/WARN] [com.github.alexmodguy.alexscaves.AlexsCaves/]: Could not apply radiation glow layer to mna:chatterer, has custom renderer that is not LivingEntityRenderer.
[18Nov2024 19:14:04.413] [Render thread/WARN] [com.github.alexmodguy.alexscaves.AlexsCaves/]: Could not apply radiation glow layer to mna:faction_war, has custom renderer that is not LivingEntityRenderer.
[18Nov2024 19:14:04.413] [Render thread/WARN] [com.github.alexmodguy.alexscaves.AlexsCaves/]: Could not apply radiation glow layer to mna:wandering_wizard, has custom renderer that is not LivingEntityRenderer.
[18Nov2024 19:14:04.413] [Render thread/WARN] [com.github.alexmodguy.alexscaves.AlexsCaves/]: Could not apply radiation glow layer to mna:broker, has custom renderer that is not LivingEntityRenderer.
[18Nov2024 19:14:04.413] [Render thread/WARN] [com.github.alexmodguy.alexscaves.AlexsCaves/]: Could not apply radiation glow layer to mna:wither_lich, has custom renderer that is not LivingEntityRenderer.
[18Nov2024 19:14:04.413] [Render thread/WARN] [com.github.alexmodguy.alexscaves.AlexsCaves/]: Could not apply radiation glow layer to mna:tfpd, has custom renderer that is not LivingEntityRenderer.
[18Nov2024 19:14:04.413] [Render thread/WARN] [com.github.alexmodguy.alexscaves.AlexsCaves/]: Could not apply radiation glow layer to mna:pumpkin_king, has custom renderer that is not LivingEntityRenderer.
[18Nov2024 19:14:04.413] [Render thread/WARN] [com.github.alexmodguy.alexscaves.AlexsCaves/]: Could not apply radiation glow layer to mna:odin, has custom renderer that is not LivingEntityRenderer.
[18Nov2024 19:14:04.413] [Render thread/WARN] [com.github.alexmodguy.alexscaves.AlexsCaves/]: Could not apply radiation glow layer to mna:insect_swarm, has custom renderer that is not LivingEntityRenderer.
[18Nov2024 19:14:04.413] [Render thread/WARN] [com.github.alexmodguy.alexscaves.AlexsCaves/]: Could not apply radiation glow layer to mna:blood_golem, has custom renderer that is not LivingEntityRenderer.
[18Nov2024 19:14:04.413] [Render thread/WARN] [com.github.alexmodguy.alexscaves.AlexsCaves/]: Could not apply radiation glow layer to mna:blood_tendril, has custom renderer that is not LivingEntityRenderer.
[18Nov2024 19:14:04.413] [Render thread/WARN] [com.github.alexmodguy.alexscaves.AlexsCaves/]: Could not apply radiation glow layer to aquamirae:maze_rose, has custom renderer that is not LivingEntityRenderer.
[18Nov2024 19:14:04.413] [Render thread/WARN] [com.github.alexmodguy.alexscaves.AlexsCaves/]: Could not apply radiation glow layer to aquamirae:poisoned_chakra, has custom renderer that is not LivingEntityRenderer.
[18Nov2024 19:14:04.413] [Render thread/WARN] [com.github.alexmodguy.alexscaves.AlexsCaves/]: Could not apply radiation glow layer to creeperoverhaul:jungle_creeper, has custom renderer that is not LivingEntityRenderer.
[18Nov2024 19:14:04.413] [Render thread/WARN] [com.github.alexmodguy.alexscaves.AlexsCaves/]: Could not apply radiation glow layer to creeperoverhaul:bamboo_creeper, has custom renderer that is not LivingEntityRenderer.
[18Nov2024 19:14:04.413] [Render thread/WARN] [com.github.alexmodguy.alexscaves.AlexsCaves/]: Could not apply radiation glow layer to creeperoverhaul:desert_creeper, has custom renderer that is not LivingEntityRenderer.
[18Nov2024 19:14:04.413] [Render thread/WARN] [com.github.alexmodguy.alexscaves.AlexsCaves/]: Could not apply radiation glow layer to creeperoverhaul:badlands_creeper, has custom renderer that is not LivingEntityRenderer.
[18Nov2024 19:14:04.413] [Render thread/WARN] [com.github.alexmodguy.alexscaves.AlexsCaves/]: Could not apply radiation glow layer to creeperoverhaul:hills_creeper, has custom renderer that is not LivingEntityRenderer.
[18Nov2024 19:14:04.413] [Render thread/WARN] [com.github.alexmodguy.alexscaves.AlexsCaves/]: Could not apply radiation glow layer to creeperoverhaul:savannah_creeper, has custom renderer that is not LivingEntityRenderer.
[18Nov2024 19:14:04.413] [Render thread/WARN] [com.github.alexmodguy.alexscaves.AlexsCaves/]: Could not apply radiation glow layer to creeperoverhaul:mushroom_creeper, has custom renderer that is not LivingEntityRenderer.
[18Nov2024 19:14:04.413] [Render thread/WARN] [com.github.alexmodguy.alexscaves.AlexsCaves/]: Could not apply radiation glow layer to creeperoverhaul:swamp_creeper, has custom renderer that is not LivingEntityRenderer.
[18Nov2024 19:14:04.413] [Render thread/WARN] [com.github.alexmodguy.alexscaves.AlexsCaves/]: Could not apply radiation glow layer to creeperoverhaul:dripstone_creeper, has custom renderer that is not LivingEntityRenderer.
[18Nov2024 19:14:04.413] [Render thread/WARN] [com.github.alexmodguy.alexscaves.AlexsCaves/]: Could not apply radiation glow layer to creeperoverhaul:cave_creeper, has custom renderer that is not LivingEntityRenderer.
[18Nov2024 19:14:04.413] [Render thread/WARN] [com.github.alexmodguy.alexscaves.AlexsCaves/]: Could not apply radiation glow layer to creeperoverhaul:dark_oak_creeper, has custom renderer that is not LivingEntityRenderer.
[18Nov2024 19:14:04.413] [Render thread/WARN] [com.github.alexmodguy.alexscaves.AlexsCaves/]: Could not apply radiation glow layer to creeperoverhaul:spruce_creeper, has custom renderer that is not LivingEntityRenderer.
[18Nov2024 19:14:04.413] [Render thread/WARN] [com.github.alexmodguy.alexscaves.AlexsCaves/]: Could not apply radiation glow layer to creeperoverhaul:beach_creeper, has custom renderer that is not LivingEntityRenderer.
[18Nov2024 19:14:04.413] [Render thread/WARN] [com.github.alexmodguy.alexscaves.AlexsCaves/]: Could not apply radiation glow layer to creeperoverhaul:snowy_creeper, has custom renderer that is not LivingEntityRenderer.
[18Nov2024 19:14:04.413] [Render thread/WARN] [com.github.alexmodguy.alexscaves.AlexsCaves/]: Could not apply radiation glow layer to creeperoverhaul:ocean_creeper, has custom renderer that is not LivingEntityRenderer.
[18Nov2024 19:14:04.413] [Render thread/WARN] [com.github.alexmodguy.alexscaves.AlexsCaves/]: Could not apply radiation glow layer to ars_nouveau:bookwyrm, has custom renderer that is not LivingEntityRenderer.
[18Nov2024 19:14:04.413] [Render thread/WARN] [com.github.alexmodguy.alexscaves.AlexsCaves/]: Could not apply radiation glow layer to ars_nouveau:starbuncle, has custom renderer that is not LivingEntityRenderer.
[18Nov2024 19:14:04.413] [Render thread/WARN] [com.github.alexmodguy.alexscaves.AlexsCaves/]: Could not apply radiation glow layer to ars_nouveau:whirlisprig, has custom renderer that is not LivingEntityRenderer.
[18Nov2024 19:14:04.413] [Render thread/WARN] [com.github.alexmodguy.alexscaves.AlexsCaves/]: Could not apply radiation glow layer to ars_nouveau:wixie, has custom renderer that is not LivingEntityRenderer.
[18Nov2024 19:14:04.413] [Render thread/WARN] [com.github.alexmodguy.alexscaves.AlexsCaves/]: Could not apply radiation glow layer to ars_nouveau:wilden_hunter, has custom renderer that is not LivingEntityRenderer.
[18Nov2024 19:14:04.413] [Render thread/WARN] [com.github.alexmodguy.alexscaves.AlexsCaves/]: Could not apply radiation glow layer to ars_nouveau:wilden_stalker, has custom renderer that is not LivingEntityRenderer.
[18Nov2024 19:14:04.413] [Render thread/WARN] [com.github.alexmodguy.alexscaves.AlexsCaves/]: Could not apply radiation glow layer to ars_nouveau:wilden_guardian, has custom renderer that is not LivingEntityRenderer.
[18Nov2024 19:14:04.413] [Render thread/WARN] [com.github.alexmodguy.alexscaves.AlexsCaves/]: Could not apply radiation glow layer to ars_nouveau:wilden_boss, has custom renderer that is not LivingEntityRenderer.
[18Nov2024 19:14:04.413] [Render thread/WARN] [com.github.alexmodguy.alexscaves.AlexsCaves/]: Could not apply radiation glow layer to ars_nouveau:drygmy, has custom renderer that is not LivingEntityRenderer.
[18Nov2024 19:14:04.413] [Render thread/WARN] [com.github.alexmodguy.alexscaves.AlexsCaves/]: Could not apply radiation glow layer to ars_nouveau:familiar_starbuncle, has custom renderer that is not LivingEntityRenderer.
[18Nov2024 19:14:04.413] [Render thread/WARN] [com.github.alexmodguy.alexscaves.AlexsCaves/]: Could not apply radiation glow layer to ars_nouveau:familiar_wixie, has custom renderer that is not LivingEntityRenderer.
[18Nov2024 19:14:04.413] [Render thread/WARN] [com.github.alexmodguy.alexscaves.AlexsCaves/]: Could not apply radiation glow layer to ars_nouveau:familiar_bookwyrm, has custom renderer that is not LivingEntityRenderer.
[18Nov2024 19:14:04.415] [Render thread/WARN] [com.github.alexmodguy.alexscaves.AlexsCaves/]: Could not apply radiation glow layer to ars_nouveau:familiar_drygmy, has custom renderer that is not LivingEntityRenderer.
[18Nov2024 19:14:04.415] [Render thread/WARN] [com.github.alexmodguy.alexscaves.AlexsCaves/]: Could not apply radiation glow layer to ars_nouveau:familiar_whirlisprig, has custom renderer that is not LivingEntityRenderer.
[18Nov2024 19:14:04.415] [Render thread/WARN] [com.github.alexmodguy.alexscaves.AlexsCaves/]: Could not apply radiation glow layer to ars_nouveau:familiar_amethyst_golem, has custom renderer that is not LivingEntityRenderer.
[18Nov2024 19:14:04.415] [Render thread/WARN] [com.github.alexmodguy.alexscaves.AlexsCaves/]: Could not apply radiation glow layer to ars_nouveau:cascading_weald_walker, has custom renderer that is not LivingEntityRenderer.
[18Nov2024 19:14:04.415] [Render thread/WARN] [com.github.alexmodguy.alexscaves.AlexsCaves/]: Could not apply radiation glow layer to ars_nouveau:flourishing_weald_walker, has custom renderer that is not LivingEntityRenderer.
[18Nov2024 19:14:04.415] [Render thread/WARN] [com.github.alexmodguy.alexscaves.AlexsCaves/]: Could not apply radiation glow layer to ars_nouveau:blazing_weald_walker, has custom renderer that is not LivingEntityRenderer.
[18Nov2024 19:14:04.415] [Render thread/WARN] [com.github.alexmodguy.alexscaves.AlexsCaves/]: Could not apply radiation glow layer to ars_nouveau:vexing_weald_walker, has custom renderer that is not LivingEntityRenderer.
[18Nov2024 19:14:04.415] [Render thread/WARN] [com.github.alexmodguy.alexscaves.AlexsCaves/]: Could not apply radiation glow layer to ars_nouveau:amethyst_golem, has custom renderer that is not LivingEntityRenderer.
[18Nov2024 19:14:04.415] [Render thread/WARN] [com.github.alexmodguy.alexscaves.AlexsCaves/]: Could not apply radiation glow layer to ars_nouveau:gift_starby, has custom renderer that is not LivingEntityRenderer.
[18Nov2024 19:14:04.415] [Render thread/WARN] [com.github.alexmodguy.alexscaves.AlexsCaves/]: Could not apply radiation glow layer to ars_nouveau:animated_block, has custom renderer that is not LivingEntityRenderer.
[18Nov2024 19:14:04.415] [Render thread/WARN] [com.github.alexmodguy.alexscaves.AlexsCaves/]: Could not apply radiation glow layer to ars_nouveau:animated_head, has custom renderer that is not LivingEntityRenderer.
[18Nov2024 19:14:04.415] [Render thread/WARN] [com.github.alexmodguy.alexscaves.AlexsCaves/]: Could not apply radiation glow layer to ars_nouveau:lily, has custom renderer that is not LivingEntityRenderer.
[18Nov2024 19:14:04.415] [Render thread/WARN] [com.github.alexmodguy.alexscaves.AlexsCaves/]: Could not apply radiation glow layer to ars_elemental:siren_entity, has custom renderer that is not LivingEntityRenderer.
[18Nov2024 19:14:04.415] [Render thread/WARN] [com.github.alexmodguy.alexscaves.AlexsCaves/]: Could not apply radiation glow layer to ars_elemental:siren_familiar, has custom renderer that is not LivingEntityRenderer.
[18Nov2024 19:14:04.415] [Render thread/WARN] [com.github.alexmodguy.alexscaves.AlexsCaves/]: Could not apply radiation glow layer to ars_elemental:firenando_entity, has custom renderer that is not LivingEntityRenderer.
[18Nov2024 19:14:04.415] [Render thread/WARN] [com.github.alexmodguy.alexscaves.AlexsCaves/]: Could not apply radiation glow layer to ars_elemental:firenando_familiar, has custom renderer that is not LivingEntityRenderer.
[18Nov2024 19:14:04.415] [Render thread/WARN] [com.github.alexmodguy.alexscaves.AlexsCaves/]: Could not apply radiation glow layer to ars_elemental:flashing_weald_walker, has custom renderer that is not LivingEntityRenderer.
[18Nov2024 19:14:04.415] [Render thread/WARN] [com.github.alexmodguy.alexscaves.AlexsCaves/]: Could not apply radiation glow layer to mahoutsukai:fae_entity, has custom renderer that is not LivingEntityRenderer.
[18Nov2024 19:14:04.415] [Render thread/WARN] [com.github.alexmodguy.alexscaves.AlexsCaves/]: Could not apply radiation glow layer to alexscaves:ferrouslime, has custom renderer that is not LivingEntityRenderer.
[18Nov2024 19:14:04.428] [Render thread/WARN] [net.minecraft.client.renderer.ShaderInstance/]: Shader rendertype_entity_translucent_emissive could not find sampler named Sampler2 in the specified shader program.
[18Nov2024 19:14:04.447] [Render thread/INFO] [HammerLib/]: Reloaded glint shaders.
[18Nov2024 19:14:04.450] [Render thread/WARN] [net.minecraft.client.renderer.ShaderInstance/]: Shader botania:film_grain_particle could not find sampler named Sampler2 in the specified shader program.
[18Nov2024 19:14:04.454] [Render thread/WARN] [net.minecraft.client.renderer.ShaderInstance/]: Shader voidscape:voidsky/sky could not find sampler named Sampler0 in the specified shader program.
[18Nov2024 19:14:04.454] [Render thread/WARN] [net.minecraft.client.renderer.ShaderInstance/]: Shader voidscape:voidsky/entity could not find sampler named Sampler0 in the specified shader program.
[18Nov2024 19:14:04.459] [Render thread/WARN] [net.minecraft.client.renderer.ShaderInstance/]: Shader lodestone:shapes/scrolling_texture could not find uniform named GameTime in the specified shader program.
[18Nov2024 19:14:04.459] [Render thread/WARN] [net.minecraft.client.renderer.ShaderInstance/]: Shader lodestone:shapes/scrolling_texture could not find uniform named Speed in the specified shader program.
[18Nov2024 19:14:04.460] [Render thread/WARN] [net.minecraft.client.renderer.ShaderInstance/]: Shader lodestone:shapes/scrolling_triangle_texture could not find uniform named GameTime in the specified shader program.
[18Nov2024 19:14:04.460] [Render thread/WARN] [net.minecraft.client.renderer.ShaderInstance/]: Shader lodestone:shapes/scrolling_triangle_texture could not find uniform named Speed in the specified shader program.
[18Nov2024 19:14:04.463] [Render thread/WARN] [net.minecraft.client.renderer.ShaderInstance/]: Shader cofh_core:particle_over could not find sampler named Sampler2 in the specified shader program.
[18Nov2024 19:14:04.464] [Render thread/WARN] [net.minecraft.client.renderer.ShaderInstance/]: Shader cofh_core:particle_add could not find sampler named Sampler2 in the specified shader program.
[18Nov2024 19:14:04.464] [Render thread/WARN] [net.minecraft.client.renderer.ShaderInstance/]: Shader cofh_core:particle_screen could not find sampler named Sampler2 in the specified shader program.
[18Nov2024 19:14:04.467] [Render thread/WARN] [net.minecraft.client.renderer.ShaderInstance/]: Shader eidolon:glowing_particle could not find sampler named Sampler2 in the specified shader program.
[18Nov2024 19:14:04.468] [Render thread/WARN] [net.minecraft.client.renderer.ShaderInstance/]: Shader eidolon:sprite_particle could not find sampler named Sampler2 in the specified shader program.
[18Nov2024 19:14:04.477] [Render thread/WARN] [net.minecraft.client.renderer.ShaderInstance/]: Shader alexscaves:rendertype_red_ghost could not find sampler named Sampler2 in the specified shader program.
[18Nov2024 19:14:04.477] [Render thread/INFO] [com.github.alexmodguy.alexscaves.AlexsCaves/]: registered internal shaders
[18Nov2024 19:14:04.477] [Render thread/WARN] [net.minecraft.client.renderer.ShaderInstance/]: Shader forbidden_arcanus:rendertype_entity_fullbright_cutout could not find sampler named Sampler1 in the specified shader program.
[18Nov2024 19:14:04.477] [Render thread/WARN] [net.minecraft.client.renderer.ShaderInstance/]: Shader forbidden_arcanus:rendertype_entity_fullbright_cutout could not find sampler named Sampler2 in the specified shader program.
[18Nov2024 19:14:04.477] [Render thread/WARN] [net.minecraft.client.renderer.ShaderInstance/]: Shader forbidden_arcanus:rendertype_entity_fullbright_cutout could not find uniform named FogColor in the specified shader program.
[18Nov2024 19:14:04.478] [Render thread/WARN] [net.minecraft.client.renderer.ShaderInstance/]: Shader forbidden_arcanus:rendertype_entity_fullbright_translucent could not find sampler named Sampler1 in the specified shader program.
[18Nov2024 19:14:04.478] [Render thread/WARN] [net.minecraft.client.renderer.ShaderInstance/]: Shader forbidden_arcanus:rendertype_entity_fullbright_translucent could not find sampler named Sampler2 in the specified shader program.
[18Nov2024 19:14:04.478] [Render thread/WARN] [net.minecraft.client.renderer.ShaderInstance/]: Shader forbidden_arcanus:rendertype_entity_fullbright_translucent could not find uniform named FogColor in the specified shader program.
[18Nov2024 19:14:04.501] [Render thread/WARN] [net.minecraft.client.renderer.EffectInstance/]: Shader bumpy could not find uniform named OutSize in the specified shader program.
[18Nov2024 19:14:04.509] [Render thread/INFO] [net.minecraft.client.renderer.texture.TextureAtlas/]: Created: 2048x2048x0 minecraft:textures/atlas/particles.png-atlas
[18Nov2024 19:14:04.517] [Render thread/INFO] [net.minecraft.client.renderer.texture.TextureAtlas/]: Created: 1024x512x0 reborncore:textures/atlas/gui.png-atlas
[18Nov2024 19:14:04.518] [Render thread/INFO] [net.minecraft.client.renderer.texture.TextureAtlas/]: Created: 512x512x0 minecraft:textures/atlas/paintings.png-atlas
[18Nov2024 19:14:04.519] [Render thread/INFO] [net.minecraft.client.renderer.texture.TextureAtlas/]: Created: 512x512x0 minecraft:textures/atlas/mob_effects.png-atlas
[18Nov2024 19:14:04.571] [Render thread/INFO] [net.minecraft.client.renderer.texture.TextureAtlas/]: Created: 128x128x0 enderio:textures/atlas/conduit_icons.png-atlas
[18Nov2024 19:14:04.572] [JAOPCA Executor Thread/INFO] [thelm.jaopca.localization.LocalizationRepoHandler/]: Reading localization file
[18Nov2024 19:14:04.573] [JAOPCA Executor Thread/INFO] [thelm.jaopca.localization.LocalizationRepoHandler/]: Finished reading localization file
[18Nov2024 19:14:04.639] [Render thread/INFO] [net.minecraft.client.renderer.texture.TextureAtlas/]: Created: 512x256x0 codechickenlib:textures/atlas/gui.png-atlas
[18Nov2024 19:14:04.641] [Render thread/INFO] [net.minecraft.client.renderer.texture.TextureAtlas/]: Created: 256x256x0 jei:textures/atlas/gui.png-atlas
[18Nov2024 19:14:04.641] [Render thread/INFO] [net.minecraft.client.renderer.texture.TextureAtlas/]: Created: 512x256x0 mekanism:textures/atlas/robit.png-atlas
[18Nov2024 19:14:04.643] [Render thread/INFO] [net.minecraft.client.renderer.texture.TextureAtlas/]: Created: 2048x2048x0 fallingleaves:leaves-atlas
[18Nov2024 19:14:04.653] [Render thread/INFO] [net.minecraft.client.renderer.texture.TextureAtlas/]: Created: 2048x2048x0 fallingleaves:leaves-atlas
[18Nov2024 19:14:04.673] [Render thread/INFO] [patchouli/]: BookContentResourceListenerLoader preloaded 4732 jsons
[18Nov2024 19:14:04.734] [Render thread/INFO] [com.simibubi.create.Create/]: Loaded 51 train hat configurations.
[18Nov2024 19:14:04.903] [Forge Version Check/INFO] [net.minecraftforge.fml.VersionChecker/]: [framework] Found status: BETA_OUTDATED Current: 0.7.11 Target: 0.7.12
[18Nov2024 19:14:04.903] [Forge Version Check/INFO] [net.minecraftforge.fml.VersionChecker/]: [obscure_api] Starting version check at https://raw.githubusercontent.com/ObscuriaLithium/Home/main/obscure_api/versions.json
[18Nov2024 19:14:04.915] [Forge Version Check/WARN] [net.minecraftforge.fml.VersionChecker/]: Failed to process update information
com.google.gson.JsonSyntaxException: java.lang.IllegalStateException: Expected BEGIN_OBJECT but was NUMBER at line 1 column 4 path $
	at com.google.gson.Gson.fromJson(Gson.java:1226) ~[gson-2.10.jar%23100!/:?]
	at com.google.gson.Gson.fromJson(Gson.java:1124) ~[gson-2.10.jar%23100!/:?]
	at com.google.gson.Gson.fromJson(Gson.java:1034) ~[gson-2.10.jar%23100!/:?]
	at com.google.gson.Gson.fromJson(Gson.java:969) ~[gson-2.10.jar%23100!/:?]
	at net.minecraftforge.fml.VersionChecker$1.process(VersionChecker.java:183) ~[fmlcore-1.20.1-47.2.0.jar%23795!/:?]
	at java.lang.Iterable.forEach(Iterable.java:75) ~[?:?]
	at net.minecraftforge.fml.VersionChecker$1.run(VersionChecker.java:114) ~[fmlcore-1.20.1-47.2.0.jar%23795!/:?]
Caused by: java.lang.IllegalStateException: Expected BEGIN_OBJECT but was NUMBER at line 1 column 4 path $
	at com.google.gson.stream.JsonReader.beginObject(JsonReader.java:393) ~[gson-2.10.jar%23100!/:?]
	at com.google.gson.internal.bind.MapTypeAdapterFactory$Adapter.read(MapTypeAdapterFactory.java:182) ~[gson-2.10.jar%23100!/:?]
	at com.google.gson.internal.bind.MapTypeAdapterFactory$Adapter.read(MapTypeAdapterFactory.java:144) ~[gson-2.10.jar%23100!/:?]
	at com.google.gson.Gson.fromJson(Gson.java:1214) ~[gson-2.10.jar%23100!/:?]
	... 6 more
[18Nov2024 19:14:04.915] [Forge Version Check/INFO] [net.minecraftforge.fml.VersionChecker/]: [clumps] Starting version check at https://updates.blamejared.com/get?n=clumps&gv=1.20.1
[18Nov2024 19:14:04.972] [Render thread/INFO] [Oculus/]: Creating pipeline for dimension NamespacedId{namespace='minecraft', name='overworld'}
[18Nov2024 19:14:05.007] [Render thread/INFO] [Oculus/]: Starting custom uniform resolving
[18Nov2024 19:14:05.036] [Forge Version Check/INFO] [net.minecraftforge.fml.VersionChecker/]: [clumps] Found status: BETA Current: 12.0.0.4 Target: 12.0.0.4
[18Nov2024 19:14:05.036] [Forge Version Check/INFO] [net.minecraftforge.fml.VersionChecker/]: [eccentrictome] Starting version check at https://api.modrinth.com/updates/eccentric-tome/forge_updates.json
[18Nov2024 19:14:05.121] [Forge Version Check/INFO] [net.minecraftforge.fml.VersionChecker/]: [eccentrictome] Found status: UP_TO_DATE Current: 1.20.1-1.10.2 Target: null
[18Nov2024 19:14:05.121] [Forge Version Check/INFO] [net.minecraftforge.fml.VersionChecker/]: [pigpen] Starting version check at https://updates.blamejared.com/get?n=pigpen&gv=1.20.1
[18Nov2024 19:14:05.231] [Forge Version Check/INFO] [net.minecraftforge.fml.VersionChecker/]: [pigpen] Found status: BETA Current: 15.0.2 Target: 15.0.2
[18Nov2024 19:14:05.231] [Forge Version Check/INFO] [net.minecraftforge.fml.VersionChecker/]: [betterf3] Starting version check at https://api.modrinth.com/updates/betterf3/forge_updates.json
[18Nov2024 19:14:05.351] [Forge Version Check/INFO] [net.minecraftforge.fml.VersionChecker/]: [betterf3] Found status: UP_TO_DATE Current: 7.0.2 Target: null
[18Nov2024 19:14:05.351] [Forge Version Check/INFO] [net.minecraftforge.fml.VersionChecker/]: [majruszsenchantments] Starting version check at https://raw.githubusercontent.com/Majrusz/MinecraftCommon/main/Enchantments/update.json
[18Nov2024 19:14:05.369] [Forge Version Check/INFO] [net.minecraftforge.fml.VersionChecker/]: [majruszsenchantments] Found status: UP_TO_DATE Current: 1.10.8 Target: null
[18Nov2024 19:14:05.369] [Forge Version Check/INFO] [net.minecraftforge.fml.VersionChecker/]: [quarryplus] Starting version check at https://version.kotori316.com/get-version/1.20.1/forge/quarryplus
[18Nov2024 19:14:05.501] [Forge Version Check/INFO] [net.minecraftforge.fml.VersionChecker/]: [quarryplus] Found status: BETA Current: 1201.1.90 Target: 1201.1.90
[18Nov2024 19:14:05.501] [Forge Version Check/INFO] [net.minecraftforge.fml.VersionChecker/]: [mcwwindows] Starting version check at https://raw.githubusercontent.com/sketchmacaw/macawsmods/master/window.json
[18Nov2024 19:14:05.518] [Forge Version Check/INFO] [net.minecraftforge.fml.VersionChecker/]: [mcwwindows] Found status: UP_TO_DATE Current: 2.3.0 Target: null
[18Nov2024 19:14:05.518] [Forge Version Check/INFO] [net.minecraftforge.fml.VersionChecker/]: [maxhealthfix] Starting version check at https://updates.blamejared.com/get?n=maxhealthfix&gv=1.20.1
[18Nov2024 19:14:05.624] [Forge Version Check/INFO] [net.minecraftforge.fml.VersionChecker/]: [maxhealthfix] Found status: BETA Current: 12.0.3 Target: 12.0.3
[18Nov2024 19:14:05.624] [Forge Version Check/INFO] [net.minecraftforge.fml.VersionChecker/]: [soul_fire_d] Starting version check at https://api.modrinth.com/updates/soul-fire-d/forge_updates.json
[18Nov2024 19:14:05.711] [Forge Version Check/INFO] [net.minecraftforge.fml.VersionChecker/]: [soul_fire_d] Found status: UP_TO_DATE Current: 4.0.6 Target: null
[18Nov2024 19:14:05.711] [Forge Version Check/INFO] [net.minecraftforge.fml.VersionChecker/]: [toolstats] Starting version check at https://updates.blamejared.com/get?n=toolstats&gv=1.20.1
[18Nov2024 19:14:05.822] [Forge Version Check/INFO] [net.minecraftforge.fml.VersionChecker/]: [toolstats] Found status: BETA Current: 16.0.9 Target: 16.0.9
[18Nov2024 19:14:05.822] [Forge Version Check/INFO] [net.minecraftforge.fml.VersionChecker/]: [searchables] Starting version check at https://updates.blamejared.com/get?n=searchables&gv=1.20.1
[18Nov2024 19:14:05.929] [Forge Version Check/INFO] [net.minecraftforge.fml.VersionChecker/]: [searchables] Found status: BETA Current: 1.0.3 Target: 1.0.3
[18Nov2024 19:14:05.929] [Forge Version Check/INFO] [net.minecraftforge.fml.VersionChecker/]: [codechickenlib] Starting version check at https://version-check.covers1624.net/check/?mod=CodeChickenLib&mc=1.20.1
[18Nov2024 19:14:06.147] [Forge Version Check/INFO] [net.minecraftforge.fml.VersionChecker/]: [codechickenlib] Found status: UP_TO_DATE Current: 4.4.0.516 Target: null
[18Nov2024 19:14:06.148] [Forge Version Check/INFO] [net.minecraftforge.fml.VersionChecker/]: [majruszlibrary] Starting version check at https://raw.githubusercontent.com/Majrusz/MinecraftCommon/main/Library/update.json
[18Nov2024 19:14:06.161] [Forge Version Check/INFO] [net.minecraftforge.fml.VersionChecker/]: [majruszlibrary] Found status: AHEAD Current: 7.0.8 Target: null
[18Nov2024 19:14:06.161] [Forge Version Check/INFO] [net.minecraftforge.fml.VersionChecker/]: [actuallyharvest] Starting version check at https://raw.githubusercontent.com/wendall911/ActuallyHarvest/1.20.1/files/updates.json
[18Nov2024 19:14:06.255] [Forge Version Check/INFO] [net.minecraftforge.fml.VersionChecker/]: [actuallyharvest] Found status: UP_TO_DATE Current: 1.20.1-1.1.0.9-FORGE Target: null
[18Nov2024 19:14:06.255] [Forge Version Check/INFO] [net.minecraftforge.fml.VersionChecker/]: [libx] Starting version check at https://assets.melanx.de/updates/libx.json
[18Nov2024 19:14:06.291] [Forge Version Check/INFO] [net.minecraftforge.fml.VersionChecker/]: [libx] Found status: AHEAD Current: 1.20.1-5.0.14 Target: null
[18Nov2024 19:14:06.291] [Forge Version Check/INFO] [net.minecraftforge.fml.VersionChecker/]: [pneumaticcraft] Starting version check at https://raw.githubusercontent.com/TeamPneumatic/pnc-repressurized/1.20.1/release_info.json
[18Nov2024 19:14:06.322] [Forge Version Check/INFO] [net.minecraftforge.fml.VersionChecker/]: [pneumaticcraft] Found status: AHEAD Current: 6.0.17+mc1.20.1 Target: null
[18Nov2024 19:14:06.322] [Forge Version Check/INFO] [net.minecraftforge.fml.VersionChecker/]: [puzzlesaccessapi] Starting version check at https://raw.githubusercontent.com/Fuzss/modresources/main/update/puzzlesaccessapi.json
[18Nov2024 19:14:06.333] [Forge Version Check/INFO] [net.minecraftforge.fml.VersionChecker/]: [puzzlesaccessapi] Found status: BETA Current: 8.0.7 Target: null
[18Nov2024 19:14:06.333] [Forge Version Check/INFO] [net.minecraftforge.fml.VersionChecker/]: [forge] Starting version check at https://files.minecraftforge.net/net/minecraftforge/forge/promotions_slim.json
[18Nov2024 19:14:06.444] [Forge Version Check/INFO] [net.minecraftforge.fml.VersionChecker/]: [forge] Found status: OUTDATED Current: 47.2.0 Target: 47.3.0
[18Nov2024 19:14:06.444] [Forge Version Check/INFO] [net.minecraftforge.fml.VersionChecker/]: [cofh_core] Starting version check at https://raw.github.com/cofh/version/main/cofh_core/update.json
[18Nov2024 19:14:06.511] [Render thread/WARN] [Oculus/]: Error while parsing the block ID map entry for "block.10104":
[18Nov2024 19:14:06.511] [Render thread/WARN] [Oculus/]: - The block minecraft:stone_slab has no property with the name variant, ignoring!
[18Nov2024 19:14:06.517] [Render thread/INFO] [HammerLib/]: Registered custom glint render buffers.
[18Nov2024 19:14:06.533] [Render thread/WARN] [Embeddium-MixinTaintDetector/]: Mod(s) [oculus] are modifying Embeddium class me.jellysquid.mods.sodium.client.gl.device.GLRenderDevice$ImmediateDrawCommandList, which may cause instability.
[18Nov2024 19:14:06.627] [Forge Version Check/INFO] [net.minecraftforge.fml.VersionChecker/]: [cofh_core] Found status: AHEAD Current: 11.0.2 Target: null
[18Nov2024 19:14:06.627] [Forge Version Check/INFO] [net.minecraftforge.fml.VersionChecker/]: [thermal] Starting version check at https://raw.github.com/cofh/version/main/thermal/update.json
[18Nov2024 19:14:06.841] [Forge Version Check/INFO] [net.minecraftforge.fml.VersionChecker/]: [thermal] Found status: AHEAD Current: 11.0.6 Target: null
[18Nov2024 19:14:06.841] [Forge Version Check/INFO] [net.minecraftforge.fml.VersionChecker/]: [thermal_integration] Starting version check at https://raw.github.com/cofh/version/main/thermal/update_integration.json
[18Nov2024 19:14:06.920] [Render thread/WARN] [ModernFix/]: Game took 46.313 seconds to start
[18Nov2024 19:14:06.995] [Forge Version Check/INFO] [net.minecraftforge.fml.VersionChecker/]: [thermal_integration] Found status: AHEAD Current: 11.0.1 Target: null
[18Nov2024 19:14:06.995] [Forge Version Check/INFO] [net.minecraftforge.fml.VersionChecker/]: [redstone_arsenal] Starting version check at https://raw.github.com/cofh/version/main/redstone_arsenal/update.json
[18Nov2024 19:14:07.203] [Forge Version Check/INFO] [net.minecraftforge.fml.VersionChecker/]: [redstone_arsenal] Found status: UP_TO_DATE Current: 8.0.1 Target: null
[18Nov2024 19:14:07.203] [Forge Version Check/INFO] [net.minecraftforge.fml.VersionChecker/]: [thermal_cultivation] Starting version check at https://raw.github.com/cofh/version/main/thermal/update_cultivation.json
[18Nov2024 19:14:07.398] [Forge Version Check/INFO] [net.minecraftforge.fml.VersionChecker/]: [thermal_cultivation] Found status: UP_TO_DATE Current: 11.0.1 Target: null
[18Nov2024 19:14:07.398] [Forge Version Check/INFO] [net.minecraftforge.fml.VersionChecker/]: [archers_paradox] Starting version check at https://raw.github.com/cofh/version/main/archers_paradox/update.json
[18Nov2024 19:14:07.570] [Forge Version Check/INFO] [net.minecraftforge.fml.VersionChecker/]: [archers_paradox] Found status: UP_TO_DATE Current: 5.0.0 Target: null
[18Nov2024 19:14:07.570] [Forge Version Check/INFO] [net.minecraftforge.fml.VersionChecker/]: [thermal_innovation] Starting version check at https://raw.github.com/cofh/version/main/thermal/update_innovation.json
[18Nov2024 19:14:07.620] [Render thread/WARN] [Embeddium-MixinTaintDetector/]: Mod(s) [oculus] are modifying Embeddium class me.jellysquid.mods.sodium.client.render.vertex.serializers.VertexSerializerRegistryImpl, which may cause instability.
[18Nov2024 19:14:07.678] [Render thread/WARN] [Embeddium-MixinTaintDetector/]: Mod(s) [oculus] are modifying Embeddium class me.jellysquid.mods.sodium.client.render.immediate.model.BakedModelEncoder, which may cause instability.
[18Nov2024 19:14:07.711] [Forge Version Check/INFO] [net.minecraftforge.fml.VersionChecker/]: [thermal_innovation] Found status: AHEAD Current: 11.0.1 Target: null
[18Nov2024 19:14:07.711] [Forge Version Check/INFO] [net.minecraftforge.fml.VersionChecker/]: [thermal_foundation] Starting version check at https://raw.github.com/cofh/version/main/thermal/update_foundation.json
[18Nov2024 19:14:07.820] [Forge Version Check/INFO] [net.minecraftforge.fml.VersionChecker/]: [thermal_foundation] Found status: AHEAD Current: 11.0.6 Target: null
[18Nov2024 19:14:07.820] [Forge Version Check/INFO] [net.minecraftforge.fml.VersionChecker/]: [thermal_dynamics] Starting version check at https://raw.github.com/cofh/version/main/thermal/update_dynamics.json
[18Nov2024 19:14:08.072] [Forge Version Check/INFO] [net.minecraftforge.fml.VersionChecker/]: [thermal_dynamics] Found status: UP_TO_DATE Current: 11.0.1 Target: null
[18Nov2024 19:14:08.072] [Forge Version Check/INFO] [net.minecraftforge.fml.VersionChecker/]: [mcwpaths] Starting version check at https://raw.githubusercontent.com/sketchmacaw/macawsmods/master/paths.json
[18Nov2024 19:14:08.096] [Forge Version Check/INFO] [net.minecraftforge.fml.VersionChecker/]: [mcwpaths] Found status: UP_TO_DATE Current: 1.0.5 Target: null
[18Nov2024 19:14:08.096] [Forge Version Check/INFO] [net.minecraftforge.fml.VersionChecker/]: [jeiintegration] Starting version check at https://cdn.snowshock35.com/mods/jei-integration/update.json
[18Nov2024 19:14:08.273] [Forge Version Check/INFO] [net.minecraftforge.fml.VersionChecker/]: [jeiintegration] Found status: BETA Current: 10.0.0 Target: null
[18Nov2024 19:14:08.273] [Forge Version Check/INFO] [net.minecraftforge.fml.VersionChecker/]: [pipez] Starting version check at https://update.maxhenkel.de/forge/pipez
[18Nov2024 19:14:08.396] [Forge Version Check/INFO] [net.minecraftforge.fml.VersionChecker/]: [pipez] Found status: AHEAD Current: 1.20.1-1.2.16 Target: null
[18Nov2024 19:14:08.396] [Forge Version Check/INFO] [net.minecraftforge.fml.VersionChecker/]: [mna] Starting version check at https://manaandartifice.com/update.json
[18Nov2024 19:14:08.535] [Forge Version Check/WARN] [net.minecraftforge.fml.VersionChecker/]: Failed to process update information
com.google.gson.JsonSyntaxException: java.lang.IllegalStateException: Expected BEGIN_OBJECT but was STRING at line 1 column 1 path $
	at com.google.gson.Gson.fromJson(Gson.java:1226) ~[gson-2.10.jar%23100!/:?]
	at com.google.gson.Gson.fromJson(Gson.java:1124) ~[gson-2.10.jar%23100!/:?]
	at com.google.gson.Gson.fromJson(Gson.java:1034) ~[gson-2.10.jar%23100!/:?]
	at com.google.gson.Gson.fromJson(Gson.java:969) ~[gson-2.10.jar%23100!/:?]
	at net.minecraftforge.fml.VersionChecker$1.process(VersionChecker.java:183) ~[fmlcore-1.20.1-47.2.0.jar%23795!/:?]
	at java.lang.Iterable.forEach(Iterable.java:75) ~[?:?]
	at net.minecraftforge.fml.VersionChecker$1.run(VersionChecker.java:114) ~[fmlcore-1.20.1-47.2.0.jar%23795!/:?]
Caused by: java.lang.IllegalStateException: Expected BEGIN_OBJECT but was STRING at line 1 column 1 path $
	at com.google.gson.stream.JsonReader.beginObject(JsonReader.java:393) ~[gson-2.10.jar%23100!/:?]
	at com.google.gson.internal.bind.MapTypeAdapterFactory$Adapter.read(MapTypeAdapterFactory.java:182) ~[gson-2.10.jar%23100!/:?]
	at com.google.gson.internal.bind.MapTypeAdapterFactory$Adapter.read(MapTypeAdapterFactory.java:144) ~[gson-2.10.jar%23100!/:?]
	at com.google.gson.Gson.fromJson(Gson.java:1214) ~[gson-2.10.jar%23100!/:?]
	... 6 more
[18Nov2024 19:14:08.535] [Forge Version Check/INFO] [net.minecraftforge.fml.VersionChecker/]: [puzzleslib] Starting version check at https://raw.githubusercontent.com/Fuzss/modresources/main/update/puzzleslib.json
[18Nov2024 19:14:08.549] [Forge Version Check/INFO] [net.minecraftforge.fml.VersionChecker/]: [puzzleslib] Found status: OUTDATED Current: 8.1.24 Target: 8.1.25
[18Nov2024 19:14:08.549] [Forge Version Check/INFO] [net.minecraftforge.fml.VersionChecker/]: [aquamirae] Starting version check at https://raw.githubusercontent.com/ObscuriaLithium/Home/main/aquamirae/versions.json
[18Nov2024 19:14:08.568] [Forge Version Check/WARN] [net.minecraftforge.fml.VersionChecker/]: Failed to process update information
com.google.gson.JsonSyntaxException: java.lang.IllegalStateException: Expected BEGIN_OBJECT but was NUMBER at line 1 column 4 path $
	at com.google.gson.Gson.fromJson(Gson.java:1226) ~[gson-2.10.jar%23100!/:?]
	at com.google.gson.Gson.fromJson(Gson.java:1124) ~[gson-2.10.jar%23100!/:?]
	at com.google.gson.Gson.fromJson(Gson.java:1034) ~[gson-2.10.jar%23100!/:?]
	at com.google.gson.Gson.fromJson(Gson.java:969) ~[gson-2.10.jar%23100!/:?]
	at net.minecraftforge.fml.VersionChecker$1.process(VersionChecker.java:183) ~[fmlcore-1.20.1-47.2.0.jar%23795!/:?]
	at java.lang.Iterable.forEach(Iterable.java:75) ~[?:?]
	at net.minecraftforge.fml.VersionChecker$1.run(VersionChecker.java:114) ~[fmlcore-1.20.1-47.2.0.jar%23795!/:?]
Caused by: java.lang.IllegalStateException: Expected BEGIN_OBJECT but was NUMBER at line 1 column 4 path $
	at com.google.gson.stream.JsonReader.beginObject(JsonReader.java:393) ~[gson-2.10.jar%23100!/:?]
	at com.google.gson.internal.bind.MapTypeAdapterFactory$Adapter.read(MapTypeAdapterFactory.java:182) ~[gson-2.10.jar%23100!/:?]
	at com.google.gson.internal.bind.MapTypeAdapterFactory$Adapter.read(MapTypeAdapterFactory.java:144) ~[gson-2.10.jar%23100!/:?]
	at com.google.gson.Gson.fromJson(Gson.java:1214) ~[gson-2.10.jar%23100!/:?]
	... 6 more
[18Nov2024 19:14:08.569] [Forge Version Check/INFO] [net.minecraftforge.fml.VersionChecker/]: [controlling] Starting version check at https://updates.blamejared.com/get?n=controlling&gv=1.20.1
[18Nov2024 19:14:08.673] [Forge Version Check/INFO] [net.minecraftforge.fml.VersionChecker/]: [controlling] Found status: BETA Current: 12.0.2 Target: 12.0.2
[18Nov2024 19:14:08.673] [Forge Version Check/INFO] [net.minecraftforge.fml.VersionChecker/]: [thermal_expansion] Starting version check at https://raw.github.com/cofh/version/main/thermal/update_expansion.json
[18Nov2024 19:14:08.873] [Forge Version Check/INFO] [net.minecraftforge.fml.VersionChecker/]: [thermal_expansion] Found status: UP_TO_DATE Current: 11.0.1 Target: null
[18Nov2024 19:14:08.873] [Forge Version Check/INFO] [net.minecraftforge.fml.VersionChecker/]: [ensorcellation] Starting version check at https://raw.github.com/cofh/version/main/ensorcellation/update.json
[18Nov2024 19:14:09.005] [Forge Version Check/INFO] [net.minecraftforge.fml.VersionChecker/]: [ensorcellation] Found status: AHEAD Current: 5.0.2 Target: null
[18Nov2024 19:14:09.005] [Forge Version Check/INFO] [net.minecraftforge.fml.VersionChecker/]: [journeymap] Starting version check at https://forge.curseupdate.com/32274/journeymap
[18Nov2024 19:14:09.090] [Forge Version Check/INFO] [net.minecraftforge.fml.VersionChecker/]: [journeymap] Found status: UP_TO_DATE Current: 5.10.3 Target: null
[18Nov2024 19:14:09.090] [Forge Version Check/INFO] [net.minecraftforge.fml.VersionChecker/]: [configured] Starting version check at https://mrcrayfish.com/modupdatejson?id=configured
[18Nov2024 19:14:11.117] [Forge Version Check/INFO] [net.minecraftforge.fml.VersionChecker/]: [configured] Found status: BETA Current: 2.2.3 Target: 2.2.3
[18Nov2024 19:14:11.117] [Forge Version Check/INFO] [net.minecraftforge.fml.VersionChecker/]: [charginggadgets] Starting version check at https://raw.githubusercontent.com/Direwolf20-MC/ChargingGadgets/master/update.json
[18Nov2024 19:14:11.172] [Forge Version Check/INFO] [net.minecraftforge.fml.VersionChecker/]: [charginggadgets] Found status: BETA Current: 1.11.0 Target: null
[18Nov2024 19:14:11.172] [Forge Version Check/INFO] [net.minecraftforge.fml.VersionChecker/]: [enchdesc] Starting version check at https://updates.blamejared.com/get?n=enchdesc&gv=1.20.1
[18Nov2024 19:14:11.282] [Forge Version Check/INFO] [net.minecraftforge.fml.VersionChecker/]: [enchdesc] Found status: BETA_OUTDATED Current: 17.1.18 Target: 17.1.19
[18Nov2024 19:14:11.282] [Forge Version Check/INFO] [net.minecraftforge.fml.VersionChecker/]: [iceberg] Starting version check at https://mc-update-check.anthonyhilyard.com/520110
[18Nov2024 19:14:11.392] [Forge Version Check/WARN] [net.minecraftforge.fml.VersionChecker/]: Failed to process update information
com.google.gson.JsonSyntaxException: java.lang.IllegalStateException: Expected BEGIN_OBJECT but was STRING at line 1 column 1 path $
	at com.google.gson.Gson.fromJson(Gson.java:1226) ~[gson-2.10.jar%23100!/:?]
	at com.google.gson.Gson.fromJson(Gson.java:1124) ~[gson-2.10.jar%23100!/:?]
	at com.google.gson.Gson.fromJson(Gson.java:1034) ~[gson-2.10.jar%23100!/:?]
	at com.google.gson.Gson.fromJson(Gson.java:969) ~[gson-2.10.jar%23100!/:?]
	at net.minecraftforge.fml.VersionChecker$1.process(VersionChecker.java:183) ~[fmlcore-1.20.1-47.2.0.jar%23795!/:?]
	at java.lang.Iterable.forEach(Iterable.java:75) ~[?:?]
	at net.minecraftforge.fml.VersionChecker$1.run(VersionChecker.java:114) ~[fmlcore-1.20.1-47.2.0.jar%23795!/:?]
Caused by: java.lang.IllegalStateException: Expected BEGIN_OBJECT but was STRING at line 1 column 1 path $
	at com.google.gson.stream.JsonReader.beginObject(JsonReader.java:393) ~[gson-2.10.jar%23100!/:?]
	at com.google.gson.internal.bind.MapTypeAdapterFactory$Adapter.read(MapTypeAdapterFactory.java:182) ~[gson-2.10.jar%23100!/:?]
	at com.google.gson.internal.bind.MapTypeAdapterFactory$Adapter.read(MapTypeAdapterFactory.java:144) ~[gson-2.10.jar%23100!/:?]
	at com.google.gson.Gson.fromJson(Gson.java:1214) ~[gson-2.10.jar%23100!/:?]
	... 6 more
[18Nov2024 19:16:21.419] [Render thread/ERROR] [org.betterx.worlds.together.util.Logger/]: [worlds_together] Tried to read from global registry!
[18Nov2024 19:16:21.420] [Render thread/ERROR] [org.betterx.worlds.together.util.Logger/]: [worlds_together] Tried to read from global registry!
[18Nov2024 19:16:21.420] [Render thread/ERROR] [org.betterx.worlds.together.util.Logger/]: [worlds_together] No valid registry found!
[18Nov2024 19:16:21.423] [Render thread/ERROR] [org.betterx.worlds.together.util.Logger/]: [worlds_together] Error for jar:file:///C:/Users/Ben/AppData/Roaming/PrismLauncher/instances/1.20.1%20Pack%20(Modified)/.minecraft/mods/accelerated-decay-forge-3.0.1+mc1.20.1.jar: java.nio.file.NoSuchFileException: /fabric.mod.json
[18Nov2024 19:16:21.424] [Render thread/ERROR] [org.betterx.worlds.together.util.Logger/]: [worlds_together] Error for jar:file:///C:/Users/Ben/AppData/Roaming/PrismLauncher/instances/1.20.1%20Pack%20(Modified)/.minecraft/mods/accessories-neoforge-1.0.0-beta.41+1.20.1.jar: java.nio.file.NoSuchFileException: /fabric.mod.json
[18Nov2024 19:16:21.425] [Render thread/ERROR] [org.betterx.worlds.together.util.Logger/]: [worlds_together] Error for jar:file:///C:/Users/Ben/AppData/Roaming/PrismLauncher/instances/1.20.1%20Pack%20(Modified)/.minecraft/mods/accessories_cclayer-7.4.0-beta.18+1.20.1.jar: java.nio.file.NoSuchFileException: /fabric.mod.json
[18Nov2024 19:16:21.429] [Render thread/ERROR] [org.betterx.worlds.together.util.Logger/]: [worlds_together] Error for jar:file:///C:/Users/Ben/AppData/Roaming/PrismLauncher/instances/1.20.1%20Pack%20(Modified)/.minecraft/mods/actuallyharvest-1.20.1-1.1.0.9-FORGE.jar: java.nio.file.NoSuchFileException: /fabric.mod.json
[18Nov2024 19:16:21.431] [Render thread/ERROR] [org.betterx.worlds.together.util.Logger/]: [worlds_together] Error for jar:file:///C:/Users/Ben/AppData/Roaming/PrismLauncher/instances/1.20.1%20Pack%20(Modified)/.minecraft/mods/AdditionalEnchantedMiner-1.20.1-1201.1.90.jar: java.nio.file.NoSuchFileException: /fabric.mod.json
[18Nov2024 19:16:21.432] [Render thread/ERROR] [org.betterx.worlds.together.util.Logger/]: [worlds_together] Error for jar:file:///C:/Users/Ben/AppData/Roaming/PrismLauncher/instances/1.20.1%20Pack%20(Modified)/.minecraft/mods/AdvancedAE-0.3.3-1.20.1.jar: java.nio.file.NoSuchFileException: /fabric.mod.json
[18Nov2024 19:16:21.432] [Render thread/ERROR] [org.betterx.worlds.together.util.Logger/]: [worlds_together] Error for jar:file:///C:/Users/Ben/AppData/Roaming/PrismLauncher/instances/1.20.1%20Pack%20(Modified)/.minecraft/mods/advgenerators-1.6.0.6-mc1.20.1.jar: java.nio.file.NoSuchFileException: /fabric.mod.json
[18Nov2024 19:16:21.434] [Render thread/ERROR] [org.betterx.worlds.together.util.Logger/]: [worlds_together] Error for jar:file:///C:/Users/Ben/AppData/Roaming/PrismLauncher/instances/1.20.1%20Pack%20(Modified)/.minecraft/mods/AE2-Things-1.2.1.jar: java.nio.file.NoSuchFileException: /fabric.mod.json
[18Nov2024 19:16:21.435] [Render thread/ERROR] [org.betterx.worlds.together.util.Logger/]: [worlds_together] Error for jar:file:///C:/Users/Ben/AppData/Roaming/PrismLauncher/instances/1.20.1%20Pack%20(Modified)/.minecraft/mods/ae2ct-1.20.1-1.0.2-beta.jar: java.nio.file.NoSuchFileException: /fabric.mod.json
[18Nov2024 19:16:21.436] [Render thread/ERROR] [org.betterx.worlds.together.util.Logger/]: [worlds_together] Error for jar:file:///C:/Users/Ben/AppData/Roaming/PrismLauncher/instances/1.20.1%20Pack%20(Modified)/.minecraft/mods/ae2wtlib-15.2.3-forge.jar: java.nio.file.NoSuchFileException: /fabric.mod.json
[18Nov2024 19:16:21.437] [Render thread/ERROR] [org.betterx.worlds.together.util.Logger/]: [worlds_together] Error for jar:file:///C:/Users/Ben/AppData/Roaming/PrismLauncher/instances/1.20.1%20Pack%20(Modified)/.minecraft/mods/AEInfinityBooster-1.20.1-1.0.0+21.jar: java.nio.file.NoSuchFileException: /fabric.mod.json
[18Nov2024 19:16:21.439] [Render thread/ERROR] [org.betterx.worlds.together.util.Logger/]: [worlds_together] Error for jar:file:///C:/Users/Ben/AppData/Roaming/PrismLauncher/instances/1.20.1%20Pack%20(Modified)/.minecraft/mods/AI-Improvements-1.20-0.5.2.jar: java.nio.file.NoSuchFileException: /fabric.mod.json
[18Nov2024 19:16:21.441] [Render thread/ERROR] [org.betterx.worlds.together.util.Logger/]: [worlds_together] Error for jar:file:///C:/Users/Ben/AppData/Roaming/PrismLauncher/instances/1.20.1%20Pack%20(Modified)/.minecraft/mods/alexscaves-1.1.5.jar: java.nio.file.NoSuchFileException: /fabric.mod.json
[18Nov2024 19:16:21.442] [Render thread/ERROR] [org.betterx.worlds.together.util.Logger/]: [worlds_together] Error for jar:file:///C:/Users/Ben/AppData/Roaming/PrismLauncher/instances/1.20.1%20Pack%20(Modified)/.minecraft/mods/almanac-1.20.x-forge-1.0.2.jar: java.nio.file.NoSuchFileException: /fabric.mod.json
[18Nov2024 19:16:21.443] [Render thread/ERROR] [org.betterx.worlds.together.util.Logger/]: [worlds_together] Error for jar:file:///C:/Users/Ben/AppData/Roaming/PrismLauncher/instances/1.20.1%20Pack%20(Modified)/.minecraft/mods/almostunified-forge-1.20.1-0.9.4.jar: java.nio.file.NoSuchFileException: /fabric.mod.json
[18Nov2024 19:16:21.444] [Render thread/ERROR] [org.betterx.worlds.together.util.Logger/]: [worlds_together] Error for jar:file:///C:/Users/Ben/AppData/Roaming/PrismLauncher/instances/1.20.1%20Pack%20(Modified)/.minecraft/mods/alternate_current-mc1.20-1.7.0.jar: java.nio.file.NoSuchFileException: /fabric.mod.json
[18Nov2024 19:16:21.445] [Render thread/ERROR] [org.betterx.worlds.together.util.Logger/]: [worlds_together] Error for jar:file:///C:/Users/Ben/AppData/Roaming/PrismLauncher/instances/1.20.1%20Pack%20(Modified)/.minecraft/mods/Apotheosis-1.20.1-7.4.3.jar: java.nio.file.NoSuchFileException: /fabric.mod.json
[18Nov2024 19:16:21.447] [Render thread/ERROR] [org.betterx.worlds.together.util.Logger/]: [worlds_together] Error for jar:file:///C:/Users/Ben/AppData/Roaming/PrismLauncher/instances/1.20.1%20Pack%20(Modified)/.minecraft/mods/ApothicAttributes-1.20.1-1.3.7.jar: java.nio.file.NoSuchFileException: /fabric.mod.json
[18Nov2024 19:16:21.448] [Render thread/ERROR] [org.betterx.worlds.together.util.Logger/]: [worlds_together] Error for jar:file:///C:/Users/Ben/AppData/Roaming/PrismLauncher/instances/1.20.1%20Pack%20(Modified)/.minecraft/mods/appleskin-forge-mc1.20.1-2.5.1.jar: java.nio.file.NoSuchFileException: /fabric.mod.json
[18Nov2024 19:16:21.450] [Render thread/ERROR] [org.betterx.worlds.together.util.Logger/]: [worlds_together] Error for jar:file:///C:/Users/Ben/AppData/Roaming/PrismLauncher/instances/1.20.1%20Pack%20(Modified)/.minecraft/mods/appliedenergistics2-forge-15.2.13.jar: java.nio.file.NoSuchFileException: /fabric.mod.json
[18Nov2024 19:16:21.451] [Render thread/ERROR] [org.betterx.worlds.together.util.Logger/]: [worlds_together] Error for jar:file:///C:/Users/Ben/AppData/Roaming/PrismLauncher/instances/1.20.1%20Pack%20(Modified)/.minecraft/mods/AppliedFlux-1.20-1.1.9-forge.jar: java.nio.file.NoSuchFileException: /fabric.mod.json
[18Nov2024 19:16:21.452] [Render thread/ERROR] [org.betterx.worlds.together.util.Logger/]: [worlds_together] Error for jar:file:///C:/Users/Ben/AppData/Roaming/PrismLauncher/instances/1.20.1%20Pack%20(Modified)/.minecraft/mods/aquamirae-6.API15.jar: java.nio.file.NoSuchFileException: /fabric.mod.json
[18Nov2024 19:16:21.453] [Render thread/ERROR] [org.betterx.worlds.together.util.Logger/]: [worlds_together] Error for jar:file:///C:/Users/Ben/AppData/Roaming/PrismLauncher/instances/1.20.1%20Pack%20(Modified)/.minecraft/mods/archers_paradox-1.20.1-5.0.0.17.jar: java.nio.file.NoSuchFileException: /fabric.mod.json
[18Nov2024 19:16:21.455] [Render thread/ERROR] [org.betterx.worlds.together.util.Logger/]: [worlds_together] Error for jar:file:///C:/Users/Ben/AppData/Roaming/PrismLauncher/instances/1.20.1%20Pack%20(Modified)/.minecraft/mods/architectury-9.2.14-forge.jar: java.nio.file.NoSuchFileException: /fabric.mod.json
[18Nov2024 19:16:21.456] [Render thread/ERROR] [org.betterx.worlds.together.util.Logger/]: [worlds_together] Error for jar:file:///C:/Users/Ben/AppData/Roaming/PrismLauncher/instances/1.20.1%20Pack%20(Modified)/.minecraft/mods/ars_elemental-1.20.1-0.6.7.jar: java.nio.file.NoSuchFileException: /fabric.mod.json
[18Nov2024 19:16:21.457] [Render thread/ERROR] [org.betterx.worlds.together.util.Logger/]: [worlds_together] Error for jar:file:///C:/Users/Ben/AppData/Roaming/PrismLauncher/instances/1.20.1%20Pack%20(Modified)/.minecraft/mods/ars_instrumentum-1.20.1-4.1.0.jar: java.nio.file.NoSuchFileException: /fabric.mod.json
[18Nov2024 19:16:21.460] [Render thread/ERROR] [org.betterx.worlds.together.util.Logger/]: [worlds_together] Error for jar:file:///C:/Users/Ben/AppData/Roaming/PrismLauncher/instances/1.20.1%20Pack%20(Modified)/.minecraft/mods/ars_nouveau-1.20.1-4.12.4-all.jar: java.nio.file.NoSuchFileException: /fabric.mod.json
[18Nov2024 19:16:21.461] [Render thread/ERROR] [org.betterx.worlds.together.util.Logger/]: [worlds_together] Error for jar:file:///C:/Users/Ben/AppData/Roaming/PrismLauncher/instances/1.20.1%20Pack%20(Modified)/.minecraft/mods/artifacts-forge-9.5.13.jar: java.nio.file.NoSuchFileException: /fabric.mod.json
[18Nov2024 19:16:21.462] [Render thread/ERROR] [org.betterx.worlds.together.util.Logger/]: [worlds_together] Error for jar:file:///C:/Users/Ben/AppData/Roaming/PrismLauncher/instances/1.20.1%20Pack%20(Modified)/.minecraft/mods/art_of_forging-1.8.3-1.20.1.jar: java.nio.file.NoSuchFileException: /fabric.mod.json
[18Nov2024 19:16:21.463] [Render thread/ERROR] [org.betterx.worlds.together.util.Logger/]: [worlds_together] Error for jar:file:///C:/Users/Ben/AppData/Roaming/PrismLauncher/instances/1.20.1%20Pack%20(Modified)/.minecraft/mods/athena-forge-1.20.1-3.1.2.jar: java.nio.file.NoSuchFileException: /fabric.mod.json
[18Nov2024 19:16:21.463] [Render thread/ERROR] [org.betterx.worlds.together.util.Logger/]: [worlds_together] Error for jar:file:///C:/Users/Ben/AppData/Roaming/PrismLauncher/instances/1.20.1%20Pack%20(Modified)/.minecraft/mods/AttributeFix-Forge-1.20.1-21.0.4.jar: java.nio.file.NoSuchFileException: /fabric.mod.json
[18Nov2024 19:16:21.465] [Render thread/ERROR] [org.betterx.worlds.together.util.Logger/]: [worlds_together] Error for jar:file:///C:/Users/Ben/AppData/Roaming/PrismLauncher/instances/1.20.1%20Pack%20(Modified)/.minecraft/mods/bagus_lib-1.20.1-5.3.0.jar: java.nio.file.NoSuchFileException: /fabric.mod.json
[18Nov2024 19:16:21.466] [Render thread/ERROR] [org.betterx.worlds.together.util.Logger/]: [worlds_together] Error for jar:file:///C:/Users/Ben/AppData/Roaming/PrismLauncher/instances/1.20.1%20Pack%20(Modified)/.minecraft/mods/balm-forge-1.20-7.0.7.jar: java.nio.file.NoSuchFileException: /fabric.mod.json
[18Nov2024 19:16:21.467] [Render thread/ERROR] [org.betterx.worlds.together.util.Logger/]: [worlds_together] Error for jar:file:///C:/Users/Ben/AppData/Roaming/PrismLauncher/instances/1.20.1%20Pack%20(Modified)/.minecraft/mods/balm-forge-1.20.1-7.3.9-all.jar: java.nio.file.NoSuchFileException: /fabric.mod.json
[18Nov2024 19:16:21.468] [Render thread/ERROR] [org.betterx.worlds.together.util.Logger/]: [worlds_together] Error for jar:file:///C:/Users/Ben/AppData/Roaming/PrismLauncher/instances/1.20.1%20Pack%20(Modified)/.minecraft/mods/baubley-heart-canisters-1.20.1-1.0.5.jar: java.nio.file.NoSuchFileException: /fabric.mod.json
[18Nov2024 19:16:21.470] [Render thread/ERROR] [org.betterx.worlds.together.util.Logger/]: [worlds_together] Error for jar:file:///C:/Users/Ben/AppData/Roaming/PrismLauncher/instances/1.20.1%20Pack%20(Modified)/.minecraft/mods/bdlib-1.27.0.8-mc1.20.1.jar: java.nio.file.NoSuchFileException: /fabric.mod.json
[18Nov2024 19:16:21.477] [Render thread/ERROR] [org.betterx.worlds.together.util.Logger/]: [worlds_together] Error for jar:file:///C:/Users/Ben/AppData/Roaming/PrismLauncher/instances/1.20.1%20Pack%20(Modified)/.minecraft/mods/BetterF3-7.0.2-Forge-1.20.1.jar: java.nio.file.NoSuchFileException: /fabric.mod.json
[18Nov2024 19:16:21.478] [Render thread/ERROR] [org.betterx.worlds.together.util.Logger/]: [worlds_together] Error for jar:file:///C:/Users/Ben/AppData/Roaming/PrismLauncher/instances/1.20.1%20Pack%20(Modified)/.minecraft/mods/BetterThanMending-1.7.2.jar: java.nio.file.NoSuchFileException: /fabric.mod.json
[18Nov2024 19:16:21.479] [Render thread/ERROR] [org.betterx.worlds.together.util.Logger/]: [worlds_together] Error for jar:file:///C:/Users/Ben/AppData/Roaming/PrismLauncher/instances/1.20.1%20Pack%20(Modified)/.minecraft/mods/BetterTotemOfUndying-Forge-1.20.4-2.0.1.jar: java.nio.file.NoSuchFileException: /fabric.mod.json
[18Nov2024 19:16:21.481] [Render thread/ERROR] [org.betterx.worlds.together.util.Logger/]: [worlds_together] Error for jar:file:///C:/Users/Ben/AppData/Roaming/PrismLauncher/instances/1.20.1%20Pack%20(Modified)/.minecraft/mods/bloodmagic-1.20.1-3.3.3-45.jar: java.nio.file.NoSuchFileException: /fabric.mod.json
[18Nov2024 19:16:21.482] [Render thread/ERROR] [org.betterx.worlds.together.util.Logger/]: [worlds_together] Error for jar:file:///C:/Users/Ben/AppData/Roaming/PrismLauncher/instances/1.20.1%20Pack%20(Modified)/.minecraft/mods/BOMD-Forge-1.20.1-1.1.2.jar: java.nio.file.NoSuchFileException: /fabric.mod.json
[18Nov2024 19:16:21.483] [Render thread/ERROR] [org.betterx.worlds.together.util.Logger/]: [worlds_together] Error for jar:file:///C:/Users/Ben/AppData/Roaming/PrismLauncher/instances/1.20.1%20Pack%20(Modified)/.minecraft/mods/Bookshelf-Forge-1.20.1-20.2.13.jar: java.nio.file.NoSuchFileException: /fabric.mod.json
[18Nov2024 19:16:21.484] [Render thread/ERROR] [org.betterx.worlds.together.util.Logger/]: [worlds_together] Error for jar:file:///C:/Users/Ben/AppData/Roaming/PrismLauncher/instances/1.20.1%20Pack%20(Modified)/.minecraft/mods/BorderlessWindow-1.20-1.6.0.jar: java.nio.file.NoSuchFileException: /fabric.mod.json
[18Nov2024 19:16:21.487] [Render thread/ERROR] [org.betterx.worlds.together.util.Logger/]: [worlds_together] Error for jar:file:///C:/Users/Ben/AppData/Roaming/PrismLauncher/instances/1.20.1%20Pack%20(Modified)/.minecraft/mods/Botania-1.20.1-446-FORGE.jar: java.nio.file.NoSuchFileException: /fabric.mod.json
[18Nov2024 19:16:21.488] [Render thread/ERROR] [org.betterx.worlds.together.util.Logger/]: [worlds_together] Error for jar:file:///C:/Users/Ben/AppData/Roaming/PrismLauncher/instances/1.20.1%20Pack%20(Modified)/.minecraft/mods/BotanyPots-Forge-1.20.1-13.0.39.jar: java.nio.file.NoSuchFileException: /fabric.mod.json
[18Nov2024 19:16:21.490] [Render thread/ERROR] [org.betterx.worlds.together.util.Logger/]: [worlds_together] Error for jar:file:///C:/Users/Ben/AppData/Roaming/PrismLauncher/instances/1.20.1%20Pack%20(Modified)/.minecraft/mods/BotanyPotsTiers-Forge-1.20.1-6.0.1.jar: java.nio.file.NoSuchFileException: /fabric.mod.json
[18Nov2024 19:16:21.491] [Render thread/ERROR] [org.betterx.worlds.together.util.Logger/]: [worlds_together] Error for jar:file:///C:/Users/Ben/AppData/Roaming/PrismLauncher/instances/1.20.1%20Pack%20(Modified)/.minecraft/mods/bowinfinityfix-1.20.x-forge-2.6.0.jar: java.nio.file.NoSuchFileException: /fabric.mod.json
[18Nov2024 19:16:21.493] [Render thread/ERROR] [org.betterx.worlds.together.util.Logger/]: [worlds_together] Error for jar:file:///C:/Users/Ben/AppData/Roaming/PrismLauncher/instances/1.20.1%20Pack%20(Modified)/.minecraft/mods/buildinggadgets2-1.0.7.jar: java.nio.file.NoSuchFileException: /fabric.mod.json
[18Nov2024 19:16:21.493] [Render thread/ERROR] [org.betterx.worlds.together.util.Logger/]: [worlds_together] Error for jar:file:///C:/Users/Ben/AppData/Roaming/PrismLauncher/instances/1.20.1%20Pack%20(Modified)/.minecraft/mods/caelus-forge-3.2.0+1.20.1.jar: java.nio.file.NoSuchFileException: /fabric.mod.json
[18Nov2024 19:16:21.495] [Render thread/ERROR] [org.betterx.worlds.together.util.Logger/]: [worlds_together] Error for jar:file:///C:/Users/Ben/AppData/Roaming/PrismLauncher/instances/1.20.1%20Pack%20(Modified)/.minecraft/mods/celestisynth-1.20.1-1.3.1.jar: java.nio.file.NoSuchFileException: /fabric.mod.json
[18Nov2024 19:16:21.497] [Render thread/ERROR] [org.betterx.worlds.together.util.Logger/]: [worlds_together] Error for jar:file:///C:/Users/Ben/AppData/Roaming/PrismLauncher/instances/1.20.1%20Pack%20(Modified)/.minecraft/mods/CerbonsAPI-Forge-1.20.1-1.1.0.jar: java.nio.file.NoSuchFileException: /fabric.mod.json
[18Nov2024 19:16:21.498] [Render thread/ERROR] [org.betterx.worlds.together.util.Logger/]: [worlds_together] Error for jar:file:///C:/Users/Ben/AppData/Roaming/PrismLauncher/instances/1.20.1%20Pack%20(Modified)/.minecraft/mods/charginggadgets-1.11.0.jar: java.nio.file.NoSuchFileException: /fabric.mod.json
[18Nov2024 19:16:21.499] [Render thread/ERROR] [org.betterx.worlds.together.util.Logger/]: [worlds_together] Error for jar:file:///C:/Users/Ben/AppData/Roaming/PrismLauncher/instances/1.20.1%20Pack%20(Modified)/.minecraft/mods/ChickenChunks-1.20.1-2.10.0.100-universal.jar: java.nio.file.NoSuchFileException: /fabric.mod.json
[18Nov2024 19:16:21.509] [Render thread/ERROR] [org.betterx.worlds.together.util.Logger/]: [worlds_together] Error for jar:file:///C:/Users/Ben/AppData/Roaming/PrismLauncher/instances/1.20.1%20Pack%20(Modified)/.minecraft/mods/chipped-forge-1.20.1-3.0.7.jar: java.nio.file.NoSuchFileException: /fabric.mod.json
[18Nov2024 19:16:21.514] [Render thread/ERROR] [org.betterx.worlds.together.util.Logger/]: [worlds_together] Error for jar:file:///C:/Users/Ben/AppData/Roaming/PrismLauncher/instances/1.20.1%20Pack%20(Modified)/.minecraft/mods/chisel-forge-1.20.1-1.8.0.jar: java.nio.file.NoSuchFileException: /fabric.mod.json
[18Nov2024 19:16:21.517] [Render thread/ERROR] [org.betterx.worlds.together.util.Logger/]: [worlds_together] Error for jar:file:///C:/Users/Ben/AppData/Roaming/PrismLauncher/instances/1.20.1%20Pack%20(Modified)/.minecraft/mods/citadel-2.6.0-1.20.1.jar: java.nio.file.NoSuchFileException: /fabric.mod.json
[18Nov2024 19:16:21.518] [Render thread/ERROR] [org.betterx.worlds.together.util.Logger/]: [worlds_together] Error for jar:file:///C:/Users/Ben/AppData/Roaming/PrismLauncher/instances/1.20.1%20Pack%20(Modified)/.minecraft/mods/cleanswing-1.20-1.5.jar: java.nio.file.NoSuchFileException: /fabric.mod.json
[18Nov2024 19:16:21.520] [Render thread/ERROR] [org.betterx.worlds.together.util.Logger/]: [worlds_together] Error for jar:file:///C:/Users/Ben/AppData/Roaming/PrismLauncher/instances/1.20.1%20Pack%20(Modified)/.minecraft/mods/cloth-config-11.1.136-forge.jar: java.nio.file.NoSuchFileException: /fabric.mod.json
[18Nov2024 19:16:21.521] [Render thread/ERROR] [org.betterx.worlds.together.util.Logger/]: [worlds_together] Error for jar:file:///C:/Users/Ben/AppData/Roaming/PrismLauncher/instances/1.20.1%20Pack%20(Modified)/.minecraft/mods/Clumps-forge-1.20.1-12.0.0.4.jar: java.nio.file.NoSuchFileException: /fabric.mod.json
[18Nov2024 19:16:21.522] [Render thread/ERROR] [org.betterx.worlds.together.util.Logger/]: [worlds_together] Error for jar:file:///C:/Users/Ben/AppData/Roaming/PrismLauncher/instances/1.20.1%20Pack%20(Modified)/.minecraft/mods/Coal%20Additions%201.0.0%20-%201.20.1.jar: java.nio.file.NoSuchFileException: /fabric.mod.json
[18Nov2024 19:16:21.523] [Render thread/ERROR] [org.betterx.worlds.together.util.Logger/]: [worlds_together] Error for jar:file:///C:/Users/Ben/AppData/Roaming/PrismLauncher/instances/1.20.1%20Pack%20(Modified)/.minecraft/mods/cobweb-forge-1.20.1-1.0.0.jar: java.nio.file.NoSuchFileException: /fabric.mod.json
[18Nov2024 19:16:21.525] [Render thread/ERROR] [org.betterx.worlds.together.util.Logger/]: [worlds_together] Error for jar:file:///C:/Users/Ben/AppData/Roaming/PrismLauncher/instances/1.20.1%20Pack%20(Modified)/.minecraft/mods/CodeChickenLib-1.20.1-4.4.0.516-universal.jar: java.nio.file.NoSuchFileException: /fabric.mod.json
[18Nov2024 19:16:21.526] [Render thread/ERROR] [org.betterx.worlds.together.util.Logger/]: [worlds_together] Error for jar:file:///C:/Users/Ben/AppData/Roaming/PrismLauncher/instances/1.20.1%20Pack%20(Modified)/.minecraft/mods/cofh_core-1.20.1-11.0.2.56.jar: java.nio.file.NoSuchFileException: /fabric.mod.json
[18Nov2024 19:16:21.527] [Render thread/ERROR] [org.betterx.worlds.together.util.Logger/]: [worlds_together] Error for jar:file:///C:/Users/Ben/AppData/Roaming/PrismLauncher/instances/1.20.1%20Pack%20(Modified)/.minecraft/mods/Cognition-v2.2.5-1.20.1.jar: java.nio.file.NoSuchFileException: /fabric.mod.json
[18Nov2024 19:16:21.529] [Render thread/ERROR] [org.betterx.worlds.together.util.Logger/]: [worlds_together] Error for jar:file:///C:/Users/Ben/AppData/Roaming/PrismLauncher/instances/1.20.1%20Pack%20(Modified)/.minecraft/mods/colorfulhearts-forge-1.20.1-4.3.16.jar: java.nio.file.NoSuchFileException: /fabric.mod.json
[18Nov2024 19:16:21.530] [Render thread/ERROR] [org.betterx.worlds.together.util.Logger/]: [worlds_together] Error for jar:file:///C:/Users/Ben/AppData/Roaming/PrismLauncher/instances/1.20.1%20Pack%20(Modified)/.minecraft/mods/CompactVoidMiners-R1.20.1-1.21.jar: java.nio.file.NoSuchFileException: /fabric.mod.json
[18Nov2024 19:16:21.531] [Render thread/ERROR] [org.betterx.worlds.together.util.Logger/]: [worlds_together] Error for jar:file:///C:/Users/Ben/AppData/Roaming/PrismLauncher/instances/1.20.1%20Pack%20(Modified)/.minecraft/mods/configured-forge-1.20.1-2.2.3.jar: java.nio.file.NoSuchFileException: /fabric.mod.json
[18Nov2024 19:16:21.533] [Render thread/ERROR] [org.betterx.worlds.together.util.Logger/]: [worlds_together] Error for jar:file:///C:/Users/Ben/AppData/Roaming/PrismLauncher/instances/1.20.1%20Pack%20(Modified)/.minecraft/mods/Connector-1.0.0-beta.46+1.20.1.jar: java.nio.file.NoSuchFileException: /fabric.mod.json
[18Nov2024 19:16:21.534] [Render thread/ERROR] [org.betterx.worlds.together.util.Logger/]: [worlds_together] Error for jar:file:///C:/Users/Ben/AppData/Roaming/PrismLauncher/instances/1.20.1%20Pack%20(Modified)/.minecraft/mods/ConnectorExtras-1.11.2+1.20.1.jar: java.nio.file.NoSuchFileException: /fabric.mod.json
[18Nov2024 19:16:21.536] [Render thread/ERROR] [org.betterx.worlds.together.util.Logger/]: [worlds_together] Error for jar:file:///C:/Users/Ben/AppData/Roaming/PrismLauncher/instances/1.20.1%20Pack%20(Modified)/.minecraft/mods/Controlling-forge-1.20.1-12.0.2.jar: java.nio.file.NoSuchFileException: /fabric.mod.json
[18Nov2024 19:16:21.536] [Render thread/ERROR] [org.betterx.worlds.together.util.Logger/]: [worlds_together] Error for jar:file:///C:/Users/Ben/AppData/Roaming/PrismLauncher/instances/1.20.1%20Pack%20(Modified)/.minecraft/mods/cookingforblockheads-forge-1.20.1-16.0.9.jar: java.nio.file.NoSuchFileException: /fabric.mod.json
[18Nov2024 19:16:21.538] [Render thread/ERROR] [org.betterx.worlds.together.util.Logger/]: [worlds_together] Error for jar:file:///C:/Users/Ben/AppData/Roaming/PrismLauncher/instances/1.20.1%20Pack%20(Modified)/.minecraft/mods/corpse-forge-1.20.1-1.0.17.jar: java.nio.file.NoSuchFileException: /fabric.mod.json
[18Nov2024 19:16:21.539] [Render thread/ERROR] [org.betterx.worlds.together.util.Logger/]: [worlds_together] Error for jar:file:///C:/Users/Ben/AppData/Roaming/PrismLauncher/instances/1.20.1%20Pack%20(Modified)/.minecraft/mods/craftingtweaks-forge-1.20.1-18.2.5.jar: java.nio.file.NoSuchFileException: /fabric.mod.json
[18Nov2024 19:16:21.543] [Render thread/ERROR] [org.betterx.worlds.together.util.Logger/]: [worlds_together] Error for jar:file:///C:/Users/Ben/AppData/Roaming/PrismLauncher/instances/1.20.1%20Pack%20(Modified)/.minecraft/mods/create-1.20.1-0.5.1.i.jar: java.nio.file.NoSuchFileException: /fabric.mod.json
[18Nov2024 19:16:21.544] [Render thread/ERROR] [org.betterx.worlds.together.util.Logger/]: [worlds_together] Error for jar:file:///C:/Users/Ben/AppData/Roaming/PrismLauncher/instances/1.20.1%20Pack%20(Modified)/.minecraft/mods/create-stuff-additions1.20.1_v2.0.5.jar: java.nio.file.NoSuchFileException: /fabric.mod.json
[18Nov2024 19:16:21.545] [Render thread/ERROR] [org.betterx.worlds.together.util.Logger/]: [worlds_together] Error for jar:file:///C:/Users/Ben/AppData/Roaming/PrismLauncher/instances/1.20.1%20Pack%20(Modified)/.minecraft/mods/creeperoverhaul-3.0.2-forge.jar: java.nio.file.NoSuchFileException: /fabric.mod.json
[18Nov2024 19:16:21.546] [Render thread/ERROR] [org.betterx.worlds.together.util.Logger/]: [worlds_together] Error for jar:file:///C:/Users/Ben/AppData/Roaming/PrismLauncher/instances/1.20.1%20Pack%20(Modified)/.minecraft/mods/Cucumber-1.20.1-7.0.12.jar: java.nio.file.NoSuchFileException: /fabric.mod.json
[18Nov2024 19:16:21.547] [Render thread/ERROR] [org.betterx.worlds.together.util.Logger/]: [worlds_together] Error for jar:file:///C:/Users/Ben/AppData/Roaming/PrismLauncher/instances/1.20.1%20Pack%20(Modified)/.minecraft/mods/CullLessLeaves-Reforged-1.20.1-1.0.5.jar: java.nio.file.NoSuchFileException: /fabric.mod.json
[18Nov2024 19:16:21.548] [Render thread/ERROR] [org.betterx.worlds.together.util.Logger/]: [worlds_together] Error for jar:file:///C:/Users/Ben/AppData/Roaming/PrismLauncher/instances/1.20.1%20Pack%20(Modified)/.minecraft/mods/curios-forge-5.10.0+1.20.1.jar: java.nio.file.NoSuchFileException: /fabric.mod.json
[18Nov2024 19:16:21.549] [Render thread/ERROR] [org.betterx.worlds.together.util.Logger/]: [worlds_together] Error for jar:file:///C:/Users/Ben/AppData/Roaming/PrismLauncher/instances/1.20.1%20Pack%20(Modified)/.minecraft/mods/DarkUtilities-Forge-1.20.1-17.0.5.jar: java.nio.file.NoSuchFileException: /fabric.mod.json
[18Nov2024 19:16:21.551] [Render thread/ERROR] [org.betterx.worlds.together.util.Logger/]: [worlds_together] Error for jar:file:///C:/Users/Ben/AppData/Roaming/PrismLauncher/instances/1.20.1%20Pack%20(Modified)/.minecraft/mods/deeperdarker-forge-1.20.1-1.3.2.jar: java.nio.file.NoSuchFileException: /fabric.mod.json
[18Nov2024 19:16:21.552] [Render thread/ERROR] [org.betterx.worlds.together.util.Logger/]: [worlds_together] Error for jar:file:///C:/Users/Ben/AppData/Roaming/PrismLauncher/instances/1.20.1%20Pack%20(Modified)/.minecraft/mods/deepslatecutting-forge-1.7.0.jar: java.nio.file.NoSuchFileException: /fabric.mod.json
[18Nov2024 19:16:21.553] [Render thread/ERROR] [org.betterx.worlds.together.util.Logger/]: [worlds_together] Error for jar:file:///C:/Users/Ben/AppData/Roaming/PrismLauncher/instances/1.20.1%20Pack%20(Modified)/.minecraft/mods/defaultoptions-forge-1.20-18.0.1.jar: java.nio.file.NoSuchFileException: /fabric.mod.json
[18Nov2024 19:16:21.555] [Render thread/ERROR] [org.betterx.worlds.together.util.Logger/]: [worlds_together] Error for jar:file:///C:/Users/Ben/AppData/Roaming/PrismLauncher/instances/1.20.1%20Pack%20(Modified)/.minecraft/mods/dimdungeons-194-forge-1.20.1.jar: java.nio.file.NoSuchFileException: /fabric.mod.json
[18Nov2024 19:16:21.556] [Render thread/ERROR] [org.betterx.worlds.together.util.Logger/]: [worlds_together] Error for jar:file:///C:/Users/Ben/AppData/Roaming/PrismLauncher/instances/1.20.1%20Pack%20(Modified)/.minecraft/mods/durabilitytooltip-1.1.5-forge-mc1.20.jar: java.nio.file.NoSuchFileException: /fabric.mod.json
[18Nov2024 19:16:21.557] [Render thread/ERROR] [org.betterx.worlds.together.util.Logger/]: [worlds_together] Error for jar:file:///C:/Users/Ben/AppData/Roaming/PrismLauncher/instances/1.20.1%20Pack%20(Modified)/.minecraft/mods/dynamiclights-1.20.1.2.jar: java.nio.file.NoSuchFileException: /fabric.mod.json
[18Nov2024 19:16:21.558] [Render thread/ERROR] [org.betterx.worlds.together.util.Logger/]: [worlds_together] Error for jar:file:///C:/Users/Ben/AppData/Roaming/PrismLauncher/instances/1.20.1%20Pack%20(Modified)/.minecraft/mods/EBE-1.20-1.20.1-0.9.1B.jar: java.nio.file.NoSuchFileException: /fabric.mod.json
[18Nov2024 19:16:21.559] [Render thread/ERROR] [org.betterx.worlds.together.util.Logger/]: [worlds_together] Error for jar:file:///C:/Users/Ben/AppData/Roaming/PrismLauncher/instances/1.20.1%20Pack%20(Modified)/.minecraft/mods/eccentrictome-1.20.1-1.10.2.jar: java.nio.file.NoSuchFileException: /fabric.mod.json
[18Nov2024 19:16:21.561] [Render thread/ERROR] [org.betterx.worlds.together.util.Logger/]: [worlds_together] Error for jar:file:///C:/Users/Ben/AppData/Roaming/PrismLauncher/instances/1.20.1%20Pack%20(Modified)/.minecraft/mods/eidolon_repraised-1.20.1-0.3.8.13.jar: java.nio.file.NoSuchFileException: /fabric.mod.json
[18Nov2024 19:16:21.562] [Render thread/ERROR] [org.betterx.worlds.together.util.Logger/]: [worlds_together] Error for jar:file:///C:/Users/Ben/AppData/Roaming/PrismLauncher/instances/1.20.1%20Pack%20(Modified)/.minecraft/mods/elevatorid-1.20.1-lex-1.9.jar: java.nio.file.NoSuchFileException: /fabric.mod.json
[18Nov2024 19:16:21.563] [Render thread/ERROR] [org.betterx.worlds.together.util.Logger/]: [worlds_together] Error for jar:file:///C:/Users/Ben/AppData/Roaming/PrismLauncher/instances/1.20.1%20Pack%20(Modified)/.minecraft/mods/embeddium-0.3.31+mc1.20.1.jar: java.nio.file.NoSuchFileException: /fabric.mod.json
[18Nov2024 19:16:21.564] [Render thread/ERROR] [org.betterx.worlds.together.util.Logger/]: [worlds_together] Error for jar:file:///C:/Users/Ben/AppData/Roaming/PrismLauncher/instances/1.20.1%20Pack%20(Modified)/.minecraft/mods/EnchantingInfuser-v8.0.3-1.20.1-Forge.jar: java.nio.file.NoSuchFileException: /fabric.mod.json
[18Nov2024 19:16:21.565] [Render thread/ERROR] [org.betterx.worlds.together.util.Logger/]: [worlds_together] Error for jar:file:///C:/Users/Ben/AppData/Roaming/PrismLauncher/instances/1.20.1%20Pack%20(Modified)/.minecraft/mods/EnchantmentDescriptions-Forge-1.20.1-17.1.18.jar: java.nio.file.NoSuchFileException: /fabric.mod.json
[18Nov2024 19:16:21.566] [Render thread/ERROR] [org.betterx.worlds.together.util.Logger/]: [worlds_together] Error for jar:file:///C:/Users/Ben/AppData/Roaming/PrismLauncher/instances/1.20.1%20Pack%20(Modified)/.minecraft/mods/enchantmenttransfer-0.0.6-1.20.1.jar: java.nio.file.NoSuchFileException: /fabric.mod.json
[18Nov2024 19:16:21.567] [Render thread/ERROR] [org.betterx.worlds.together.util.Logger/]: [worlds_together] Error for jar:file:///C:/Users/Ben/AppData/Roaming/PrismLauncher/instances/1.20.1%20Pack%20(Modified)/.minecraft/mods/enchantwithmob-1.20.1-11.13.1.jar: java.nio.file.NoSuchFileException: /fabric.mod.json
[18Nov2024 19:16:21.570] [Render thread/ERROR] [org.betterx.worlds.together.util.Logger/]: [worlds_together] Error for jar:file:///C:/Users/Ben/AppData/Roaming/PrismLauncher/instances/1.20.1%20Pack%20(Modified)/.minecraft/mods/EnderIO-1.20.1-6.2.1-beta-all.jar: java.nio.file.NoSuchFileException: /fabric.mod.json
[18Nov2024 19:16:21.571] [Render thread/ERROR] [org.betterx.worlds.together.util.Logger/]: [worlds_together] Error for jar:file:///C:/Users/Ben/AppData/Roaming/PrismLauncher/instances/1.20.1%20Pack%20(Modified)/.minecraft/mods/endermanoverhaul-forge-1.20.1-1.0.4.jar: java.nio.file.NoSuchFileException: /fabric.mod.json
[18Nov2024 19:16:21.572] [Render thread/ERROR] [org.betterx.worlds.together.util.Logger/]: [worlds_together] Error for jar:file:///C:/Users/Ben/AppData/Roaming/PrismLauncher/instances/1.20.1%20Pack%20(Modified)/.minecraft/mods/endertanks-forge-1.20.1-1.3.jar: java.nio.file.NoSuchFileException: /fabric.mod.json
[18Nov2024 19:16:21.574] [Render thread/ERROR] [org.betterx.worlds.together.util.Logger/]: [worlds_together] Error for jar:file:///C:/Users/Ben/AppData/Roaming/PrismLauncher/instances/1.20.1%20Pack%20(Modified)/.minecraft/mods/ensorcellation-1.20.1-5.0.2.24.jar: java.nio.file.NoSuchFileException: /fabric.mod.json
[18Nov2024 19:16:21.575] [Render thread/ERROR] [org.betterx.worlds.together.util.Logger/]: [worlds_together] Error for jar:file:///C:/Users/Ben/AppData/Roaming/PrismLauncher/instances/1.20.1%20Pack%20(Modified)/.minecraft/mods/entityculling-forge-1.7.0-mc1.20.1.jar: java.nio.file.NoSuchFileException: /fabric.mod.json
[18Nov2024 19:16:21.576] [Render thread/ERROR] [org.betterx.worlds.together.util.Logger/]: [worlds_together] Error for jar:file:///C:/Users/Ben/AppData/Roaming/PrismLauncher/instances/1.20.1%20Pack%20(Modified)/.minecraft/mods/ExplorersCompass-1.20.1-1.3.3-forge.jar: java.nio.file.NoSuchFileException: /fabric.mod.json
[18Nov2024 19:16:21.578] [Render thread/ERROR] [org.betterx.worlds.together.util.Logger/]: [worlds_together] Error for jar:file:///C:/Users/Ben/AppData/Roaming/PrismLauncher/instances/1.20.1%20Pack%20(Modified)/.minecraft/mods/ExtendedAE-1.20-1.2.1-forge.jar: java.nio.file.NoSuchFileException: /fabric.mod.json
[18Nov2024 19:16:21.581] [Render thread/ERROR] [org.betterx.worlds.together.util.Logger/]: [worlds_together] Error for jar:file:///C:/Users/Ben/AppData/Roaming/PrismLauncher/instances/1.20.1%20Pack%20(Modified)/.minecraft/mods/fabric-api-0.92.2+1.11.8+1.20.1.jar: java.nio.file.NoSuchFileException: /fabric.mod.json
[18Nov2024 19:16:21.583] [Render thread/ERROR] [org.betterx.worlds.together.util.Logger/]: [worlds_together] Error for jar:file:///C:/Users/Ben/AppData/Roaming/PrismLauncher/instances/1.20.1%20Pack%20(Modified)/.minecraft/mods/Fallingleaves-1.20.1-2.1.0.jar: java.nio.file.NoSuchFileException: /fabric.mod.json
[18Nov2024 19:16:21.584] [Render thread/ERROR] [org.betterx.worlds.together.util.Logger/]: [worlds_together] Error for jar:file:///C:/Users/Ben/AppData/Roaming/PrismLauncher/instances/1.20.1%20Pack%20(Modified)/.minecraft/mods/FarmersDelight-1.20.1-1.2.4.jar: java.nio.file.NoSuchFileException: /fabric.mod.json
[18Nov2024 19:16:21.585] [Render thread/ERROR] [org.betterx.worlds.together.util.Logger/]: [worlds_together] Error for jar:file:///C:/Users/Ben/AppData/Roaming/PrismLauncher/instances/1.20.1%20Pack%20(Modified)/.minecraft/mods/ferritecore-6.0.1-forge.jar: java.nio.file.NoSuchFileException: /fabric.mod.json
[18Nov2024 19:16:21.586] [Render thread/ERROR] [org.betterx.worlds.together.util.Logger/]: [worlds_together] Error for jar:file:///C:/Users/Ben/AppData/Roaming/PrismLauncher/instances/1.20.1%20Pack%20(Modified)/.minecraft/mods/fixexperiencebug-1.20-46.2.2.jar: java.nio.file.NoSuchFileException: /fabric.mod.json
[18Nov2024 19:16:21.588] [Render thread/ERROR] [org.betterx.worlds.together.util.Logger/]: [worlds_together] Error for jar:file:///C:/Users/Ben/AppData/Roaming/PrismLauncher/instances/1.20.1%20Pack%20(Modified)/.minecraft/mods/flatbedrock-forge-3.0.1-build.18+mc1.20.1.jar: java.nio.file.NoSuchFileException: /fabric.mod.json
[18Nov2024 19:16:21.589] [Render thread/ERROR] [org.betterx.worlds.together.util.Logger/]: [worlds_together] Error for jar:file:///C:/Users/Ben/AppData/Roaming/PrismLauncher/instances/1.20.1%20Pack%20(Modified)/.minecraft/mods/flib-1.20.1-0.0.14.jar: java.nio.file.NoSuchFileException: /fabric.mod.json
[18Nov2024 19:16:21.590] [Render thread/ERROR] [org.betterx.worlds.together.util.Logger/]: [worlds_together] Error for jar:file:///C:/Users/Ben/AppData/Roaming/PrismLauncher/instances/1.20.1%20Pack%20(Modified)/.minecraft/mods/flickerfix-1.20.1-4.0.1.jar: java.nio.file.NoSuchFileException: /fabric.mod.json
[18Nov2024 19:16:21.592] [Render thread/ERROR] [org.betterx.worlds.together.util.Logger/]: [worlds_together] Error for jar:file:///C:/Users/Ben/AppData/Roaming/PrismLauncher/instances/1.20.1%20Pack%20(Modified)/.minecraft/mods/FluxNetworks-1.20.1-7.2.1.15.jar: java.nio.file.NoSuchFileException: /fabric.mod.json
[18Nov2024 19:16:21.593] [Render thread/ERROR] [org.betterx.worlds.together.util.Logger/]: [worlds_together] Error for jar:file:///C:/Users/Ben/AppData/Roaming/PrismLauncher/instances/1.20.1%20Pack%20(Modified)/.minecraft/mods/forbidden_arcanus-1.20.1-2.2.6.jar: java.nio.file.NoSuchFileException: /fabric.mod.json
[18Nov2024 19:16:21.594] [Render thread/ERROR] [org.betterx.worlds.together.util.Logger/]: [worlds_together] Error for jar:file:///C:/Users/Ben/AppData/Roaming/PrismLauncher/instances/1.20.1%20Pack%20(Modified)/.minecraft/mods/FpsReducer2-forge-1.20-2.5.jar: java.nio.file.NoSuchFileException: /fabric.mod.json
[18Nov2024 19:16:21.595] [Render thread/ERROR] [org.betterx.worlds.together.util.Logger/]: [worlds_together] Error for jar:file:///C:/Users/Ben/AppData/Roaming/PrismLauncher/instances/1.20.1%20Pack%20(Modified)/.minecraft/mods/framework-forge-1.20.1-0.7.11.jar: java.nio.file.NoSuchFileException: /fabric.mod.json
[18Nov2024 19:16:21.597] [Render thread/ERROR] [org.betterx.worlds.together.util.Logger/]: [worlds_together] Error for jar:file:///C:/Users/Ben/AppData/Roaming/PrismLauncher/instances/1.20.1%20Pack%20(Modified)/.minecraft/mods/friendsandfoes-forge-mc1.20.1-3.0.5.jar: java.nio.file.NoSuchFileException: /fabric.mod.json
[18Nov2024 19:16:21.598] [Render thread/ERROR] [org.betterx.worlds.together.util.Logger/]: [worlds_together] Error for jar:file:///C:/Users/Ben/AppData/Roaming/PrismLauncher/instances/1.20.1%20Pack%20(Modified)/.minecraft/mods/ftb-essentials-forge-2001.2.2.jar: java.nio.file.NoSuchFileException: /fabric.mod.json
[18Nov2024 19:16:21.599] [Render thread/ERROR] [org.betterx.worlds.together.util.Logger/]: [worlds_together] Error for jar:file:///C:/Users/Ben/AppData/Roaming/PrismLauncher/instances/1.20.1%20Pack%20(Modified)/.minecraft/mods/ftb-library-forge-2001.2.4.jar: java.nio.file.NoSuchFileException: /fabric.mod.json
[18Nov2024 19:16:21.600] [Render thread/ERROR] [org.betterx.worlds.together.util.Logger/]: [worlds_together] Error for jar:file:///C:/Users/Ben/AppData/Roaming/PrismLauncher/instances/1.20.1%20Pack%20(Modified)/.minecraft/mods/fuelgoeshere-1.20.0-1.0.1.jar: java.nio.file.NoSuchFileException: /fabric.mod.json
[18Nov2024 19:16:21.601] [Render thread/ERROR] [org.betterx.worlds.together.util.Logger/]: [worlds_together] Error for jar:file:///C:/Users/Ben/AppData/Roaming/PrismLauncher/instances/1.20.1%20Pack%20(Modified)/.minecraft/mods/functionalstorage-1.20.1-1.2.12.jar: java.nio.file.NoSuchFileException: /fabric.mod.json
[18Nov2024 19:16:21.603] [Render thread/ERROR] [org.betterx.worlds.together.util.Logger/]: [worlds_together] Error for jar:file:///C:/Users/Ben/AppData/Roaming/PrismLauncher/instances/1.20.1%20Pack%20(Modified)/.minecraft/mods/fusion-1.1.1-forge-mc1.20.1.jar: java.nio.file.NoSuchFileException: /fabric.mod.json
[18Nov2024 19:16:21.606] [Render thread/ERROR] [org.betterx.worlds.together.util.Logger/]: [worlds_together] Error for jar:file:///C:/Users/Ben/AppData/Roaming/PrismLauncher/instances/1.20.1%20Pack%20(Modified)/.minecraft/mods/GatewaysToEternity-1.20.1-4.2.6.jar: java.nio.file.NoSuchFileException: /fabric.mod.json
[18Nov2024 19:16:21.607] [Render thread/ERROR] [org.betterx.worlds.together.util.Logger/]: [worlds_together] Error for jar:file:///C:/Users/Ben/AppData/Roaming/PrismLauncher/instances/1.20.1%20Pack%20(Modified)/.minecraft/mods/geckolib-forge-1.20.1-4.4.9.jar: java.nio.file.NoSuchFileException: /fabric.mod.json
[18Nov2024 19:16:21.609] [Render thread/ERROR] [org.betterx.worlds.together.util.Logger/]: [worlds_together] Error for jar:file:///C:/Users/Ben/AppData/Roaming/PrismLauncher/instances/1.20.1%20Pack%20(Modified)/.minecraft/mods/Glodium-1.20-1.5-forge.jar: java.nio.file.NoSuchFileException: /fabric.mod.json
[18Nov2024 19:16:21.610] [Render thread/ERROR] [org.betterx.worlds.together.util.Logger/]: [worlds_together] Error for jar:file:///C:/Users/Ben/AppData/Roaming/PrismLauncher/instances/1.20.1%20Pack%20(Modified)/.minecraft/mods/Gobber2-Forge-1.20.1-2.8.9.jar: java.nio.file.NoSuchFileException: /fabric.mod.json
[18Nov2024 19:16:21.613] [Render thread/ERROR] [org.betterx.worlds.together.util.Logger/]: [worlds_together] Error for jar:file:///C:/Users/Ben/AppData/Roaming/PrismLauncher/instances/1.20.1%20Pack%20(Modified)/.minecraft/mods/goety-2.5.25.0.jar: java.nio.file.NoSuchFileException: /fabric.mod.json
[18Nov2024 19:16:21.614] [Render thread/ERROR] [org.betterx.worlds.together.util.Logger/]: [worlds_together] Error for jar:file:///C:/Users/Ben/AppData/Roaming/PrismLauncher/instances/1.20.1%20Pack%20(Modified)/.minecraft/mods/GravitationalModulatingAdditionalUnit-1.20.1-3.2.jar: java.nio.file.NoSuchFileException: /fabric.mod.json
[18Nov2024 19:16:21.615] [Render thread/ERROR] [org.betterx.worlds.together.util.Logger/]: [worlds_together] Error for jar:file:///C:/Users/Ben/AppData/Roaming/PrismLauncher/instances/1.20.1%20Pack%20(Modified)/.minecraft/mods/GunpowderLib-1.20.2-2.2.2.jar: java.nio.file.NoSuchFileException: /fabric.mod.json
[18Nov2024 19:16:21.616] [Render thread/ERROR] [org.betterx.worlds.together.util.Logger/]: [worlds_together] Error for jar:file:///C:/Users/Ben/AppData/Roaming/PrismLauncher/instances/1.20.1%20Pack%20(Modified)/.minecraft/mods/HammerLib-1.20.1-20.1.33.jar: java.nio.file.NoSuchFileException: /fabric.mod.json
[18Nov2024 19:16:21.618] [Render thread/ERROR] [org.betterx.worlds.together.util.Logger/]: [worlds_together] Error for jar:file:///C:/Users/Ben/AppData/Roaming/PrismLauncher/instances/1.20.1%20Pack%20(Modified)/.minecraft/mods/HostileNeuralNetworks-1.20.1-5.3.1.jar: java.nio.file.NoSuchFileException: /fabric.mod.json
[18Nov2024 19:16:21.619] [Render thread/ERROR] [org.betterx.worlds.together.util.Logger/]: [worlds_together] Error for jar:file:///C:/Users/Ben/AppData/Roaming/PrismLauncher/instances/1.20.1%20Pack%20(Modified)/.minecraft/mods/hyperbox-1.20.1-4.0.2.0.jar: java.nio.file.NoSuchFileException: /fabric.mod.json
[18Nov2024 19:16:21.620] [Render thread/ERROR] [org.betterx.worlds.together.util.Logger/]: [worlds_together] Error for jar:file:///C:/Users/Ben/AppData/Roaming/PrismLauncher/instances/1.20.1%20Pack%20(Modified)/.minecraft/mods/Iceberg-1.20.1-forge-1.1.21.jar: java.nio.file.NoSuchFileException: /fabric.mod.json
[18Nov2024 19:16:21.621] [Render thread/ERROR] [org.betterx.worlds.together.util.Logger/]: [worlds_together] Error for jar:file:///C:/Users/Ben/AppData/Roaming/PrismLauncher/instances/1.20.1%20Pack%20(Modified)/.minecraft/mods/ImmediatelyFast-Forge-1.3.2+1.20.4.jar: java.nio.file.NoSuchFileException: /fabric.mod.json
[18Nov2024 19:16:21.622] [Render thread/ERROR] [org.betterx.worlds.together.util.Logger/]: [worlds_together] Error for jar:file:///C:/Users/Ben/AppData/Roaming/PrismLauncher/instances/1.20.1%20Pack%20(Modified)/.minecraft/mods/industrial-foregoing-1.20.1-3.5.19.jar: java.nio.file.NoSuchFileException: /fabric.mod.json
[18Nov2024 19:16:21.624] [Render thread/ERROR] [org.betterx.worlds.together.util.Logger/]: [worlds_together] Error for jar:file:///C:/Users/Ben/AppData/Roaming/PrismLauncher/instances/1.20.1%20Pack%20(Modified)/.minecraft/mods/irons_spellbooks-1.20.1-3.4.0.2.jar: java.nio.file.NoSuchFileException: /fabric.mod.json
[18Nov2024 19:16:21.625] [Render thread/ERROR] [org.betterx.worlds.together.util.Logger/]: [worlds_together] Error for jar:file:///C:/Users/Ben/AppData/Roaming/PrismLauncher/instances/1.20.1%20Pack%20(Modified)/.minecraft/mods/itemcollectors-1.1.10-forge-mc1.20.jar: java.nio.file.NoSuchFileException: /fabric.mod.json
[18Nov2024 19:16:21.626] [Render thread/ERROR] [org.betterx.worlds.together.util.Logger/]: [worlds_together] Error for jar:file:///C:/Users/Ben/AppData/Roaming/PrismLauncher/instances/1.20.1%20Pack%20(Modified)/.minecraft/mods/Jade-1.20.1-forge-11.10.1.jar: java.nio.file.NoSuchFileException: /fabric.mod.json
[18Nov2024 19:16:21.627] [Render thread/ERROR] [org.betterx.worlds.together.util.Logger/]: [worlds_together] Error for jar:file:///C:/Users/Ben/AppData/Roaming/PrismLauncher/instances/1.20.1%20Pack%20(Modified)/.minecraft/mods/JadeAddons-1.20.1-Forge-5.3.0.jar: java.nio.file.NoSuchFileException: /fabric.mod.json
[18Nov2024 19:16:21.628] [Render thread/ERROR] [org.betterx.worlds.together.util.Logger/]: [worlds_together] Error for jar:file:///C:/Users/Ben/AppData/Roaming/PrismLauncher/instances/1.20.1%20Pack%20(Modified)/.minecraft/mods/JAOPCA-1.20.1-4.4.12.22.jar: java.nio.file.NoSuchFileException: /fabric.mod.json
[18Nov2024 19:16:21.630] [Render thread/ERROR] [org.betterx.worlds.together.util.Logger/]: [worlds_together] Error for jar:file:///C:/Users/Ben/AppData/Roaming/PrismLauncher/instances/1.20.1%20Pack%20(Modified)/.minecraft/mods/jeed-1.20-2.2.2.jar: java.nio.file.NoSuchFileException: /fabric.mod.json
[18Nov2024 19:16:21.631] [Render thread/ERROR] [org.betterx.worlds.together.util.Logger/]: [worlds_together] Error for jar:file:///C:/Users/Ben/AppData/Roaming/PrismLauncher/instances/1.20.1%20Pack%20(Modified)/.minecraft/mods/jei-1.20.1-forge-15.20.0.104.jar: java.nio.file.NoSuchFileException: /fabric.mod.json
[18Nov2024 19:16:21.632] [Render thread/ERROR] [org.betterx.worlds.together.util.Logger/]: [worlds_together] Error for jar:file:///C:/Users/Ben/AppData/Roaming/PrismLauncher/instances/1.20.1%20Pack%20(Modified)/.minecraft/mods/jeiintegration_1.20.1-10.0.0.jar: java.nio.file.NoSuchFileException: /fabric.mod.json
[18Nov2024 19:16:21.633] [Render thread/ERROR] [org.betterx.worlds.together.util.Logger/]: [worlds_together] Error for jar:file:///C:/Users/Ben/AppData/Roaming/PrismLauncher/instances/1.20.1%20Pack%20(Modified)/.minecraft/mods/journeymap-1.20.1-5.10.3-forge.jar: java.nio.file.NoSuchFileException: /fabric.mod.json
[18Nov2024 19:16:21.634] [Render thread/ERROR] [org.betterx.worlds.together.util.Logger/]: [worlds_together] Error for jar:file:///C:/Users/Ben/AppData/Roaming/PrismLauncher/instances/1.20.1%20Pack%20(Modified)/.minecraft/mods/JRFTL-1.20.1-1.6.0.jar: java.nio.file.NoSuchFileException: /fabric.mod.json
[18Nov2024 19:16:21.635] [Render thread/ERROR] [org.betterx.worlds.together.util.Logger/]: [worlds_together] Error for jar:file:///C:/Users/Ben/AppData/Roaming/PrismLauncher/instances/1.20.1%20Pack%20(Modified)/.minecraft/mods/justenoughbreeding-forge-1.20.x-1.4.0.jar: java.nio.file.NoSuchFileException: /fabric.mod.json
[18Nov2024 19:16:21.636] [Render thread/ERROR] [org.betterx.worlds.together.util.Logger/]: [worlds_together] Error for jar:file:///C:/Users/Ben/AppData/Roaming/PrismLauncher/instances/1.20.1%20Pack%20(Modified)/.minecraft/mods/JustEnoughResources-1.20.1-1.4.0.247.jar: java.nio.file.NoSuchFileException: /fabric.mod.json
[18Nov2024 19:16:21.638] [Render thread/ERROR] [org.betterx.worlds.together.util.Logger/]: [worlds_together] Error for jar:file:///C:/Users/Ben/AppData/Roaming/PrismLauncher/instances/1.20.1%20Pack%20(Modified)/.minecraft/mods/kotlinforforge-4.11.0-all.jar: java.nio.file.NoSuchFileException: /fabric.mod.json
[18Nov2024 19:16:21.639] [Render thread/ERROR] [org.betterx.worlds.together.util.Logger/]: [worlds_together] Error for jar:file:///C:/Users/Ben/AppData/Roaming/PrismLauncher/instances/1.20.1%20Pack%20(Modified)/.minecraft/mods/laserio-1.6.8.jar: java.nio.file.NoSuchFileException: /fabric.mod.json
[18Nov2024 19:16:21.641] [Render thread/ERROR] [org.betterx.worlds.together.util.Logger/]: [worlds_together] Error for jar:file:///C:/Users/Ben/AppData/Roaming/PrismLauncher/instances/1.20.1%20Pack%20(Modified)/.minecraft/mods/lemonlib-4.0.1.jar: java.nio.file.NoSuchFileException: /fabric.mod.json
[18Nov2024 19:16:21.642] [Render thread/ERROR] [org.betterx.worlds.together.util.Logger/]: [worlds_together] Error for jar:file:///C:/Users/Ben/AppData/Roaming/PrismLauncher/instances/1.20.1%20Pack%20(Modified)/.minecraft/mods/letmedespawn-1.20.x-forge-1.4.4.jar: java.nio.file.NoSuchFileException: /fabric.mod.json
[18Nov2024 19:16:21.643] [Render thread/ERROR] [org.betterx.worlds.together.util.Logger/]: [worlds_together] Error for jar:file:///C:/Users/Ben/AppData/Roaming/PrismLauncher/instances/1.20.1%20Pack%20(Modified)/.minecraft/mods/LibX-1.20.1-5.0.14.jar: java.nio.file.NoSuchFileException: /fabric.mod.json
[18Nov2024 19:16:21.644] [Render thread/ERROR] [org.betterx.worlds.together.util.Logger/]: [worlds_together] Error for jar:file:///C:/Users/Ben/AppData/Roaming/PrismLauncher/instances/1.20.1%20Pack%20(Modified)/.minecraft/mods/lionfishapi-1.9.jar: java.nio.file.NoSuchFileException: /fabric.mod.json
[18Nov2024 19:16:21.645] [Render thread/ERROR] [org.betterx.worlds.together.util.Logger/]: [worlds_together] Error for jar:file:///C:/Users/Ben/AppData/Roaming/PrismLauncher/instances/1.20.1%20Pack%20(Modified)/.minecraft/mods/lodestone-1.20.1-1.6.4.jar: java.nio.file.NoSuchFileException: /fabric.mod.json
[18Nov2024 19:16:21.646] [Render thread/ERROR] [org.betterx.worlds.together.util.Logger/]: [worlds_together] Error for jar:file:///C:/Users/Ben/AppData/Roaming/PrismLauncher/instances/1.20.1%20Pack%20(Modified)/.minecraft/mods/lootr-forge-1.20-0.7.34.89.jar: java.nio.file.NoSuchFileException: /fabric.mod.json
[18Nov2024 19:16:21.648] [Render thread/ERROR] [org.betterx.worlds.together.util.Logger/]: [worlds_together] Error for jar:file:///C:/Users/Ben/AppData/Roaming/PrismLauncher/instances/1.20.1%20Pack%20(Modified)/.minecraft/mods/L_Enders_Cataclysm-2.10%20-%201.20.1.jar: java.nio.file.NoSuchFileException: /fabric.mod.json
[18Nov2024 19:16:21.649] [Render thread/ERROR] [org.betterx.worlds.together.util.Logger/]: [worlds_together] Error for jar:file:///C:/Users/Ben/AppData/Roaming/PrismLauncher/instances/1.20.1%20Pack%20(Modified)/.minecraft/mods/mahoutsukai-1.20.1-v1.34.74.jar: java.nio.file.NoSuchFileException: /fabric.mod.json
[18Nov2024 19:16:21.650] [Render thread/ERROR] [org.betterx.worlds.together.util.Logger/]: [worlds_together] Error for jar:file:///C:/Users/Ben/AppData/Roaming/PrismLauncher/instances/1.20.1%20Pack%20(Modified)/.minecraft/mods/majrusz-library-forge-1.20.1-7.0.8.jar: java.nio.file.NoSuchFileException: /fabric.mod.json
[18Nov2024 19:16:21.651] [Render thread/ERROR] [org.betterx.worlds.together.util.Logger/]: [worlds_together] Error for jar:file:///C:/Users/Ben/AppData/Roaming/PrismLauncher/instances/1.20.1%20Pack%20(Modified)/.minecraft/mods/majruszs-difficulty-forge-1.20.1-1.9.10.jar: java.nio.file.NoSuchFileException: /fabric.mod.json
[18Nov2024 19:16:21.652] [Render thread/ERROR] [org.betterx.worlds.together.util.Logger/]: [worlds_together] Error for jar:file:///C:/Users/Ben/AppData/Roaming/PrismLauncher/instances/1.20.1%20Pack%20(Modified)/.minecraft/mods/majruszs-enchantments-forge-1.20.1-1.10.8.jar: java.nio.file.NoSuchFileException: /fabric.mod.json
[18Nov2024 19:16:21.656] [Render thread/ERROR] [org.betterx.worlds.together.util.Logger/]: [worlds_together] Error for jar:file:///C:/Users/Ben/AppData/Roaming/PrismLauncher/instances/1.20.1%20Pack%20(Modified)/.minecraft/mods/malum-1.20.1-1.6.5.jar: java.nio.file.NoSuchFileException: /fabric.mod.json
[18Nov2024 19:16:21.657] [Render thread/ERROR] [org.betterx.worlds.together.util.Logger/]: [worlds_together] Error for jar:file:///C:/Users/Ben/AppData/Roaming/PrismLauncher/instances/1.20.1%20Pack%20(Modified)/.minecraft/mods/MaxHealthFix-Forge-1.20.1-12.0.3.jar: java.nio.file.NoSuchFileException: /fabric.mod.json
[18Nov2024 19:16:21.658] [Render thread/ERROR] [org.betterx.worlds.together.util.Logger/]: [worlds_together] Error for jar:file:///C:/Users/Ben/AppData/Roaming/PrismLauncher/instances/1.20.1%20Pack%20(Modified)/.minecraft/mods/mcjtylib-1.20-8.0.6.jar: java.nio.file.NoSuchFileException: /fabric.mod.json
[18Nov2024 19:16:21.659] [Render thread/ERROR] [org.betterx.worlds.together.util.Logger/]: [worlds_together] Error for jar:file:///C:/Users/Ben/AppData/Roaming/PrismLauncher/instances/1.20.1%20Pack%20(Modified)/.minecraft/mods/mcw-doors-1.1.1forge-mc1.20.1.jar: java.nio.file.NoSuchFileException: /fabric.mod.json
[18Nov2024 19:16:21.660] [Render thread/ERROR] [org.betterx.worlds.together.util.Logger/]: [worlds_together] Error for jar:file:///C:/Users/Ben/AppData/Roaming/PrismLauncher/instances/1.20.1%20Pack%20(Modified)/.minecraft/mods/mcw-paths-1.0.5-1.20.1forge.jar: java.nio.file.NoSuchFileException: /fabric.mod.json
[18Nov2024 19:16:21.662] [Render thread/ERROR] [org.betterx.worlds.together.util.Logger/]: [worlds_together] Error for jar:file:///C:/Users/Ben/AppData/Roaming/PrismLauncher/instances/1.20.1%20Pack%20(Modified)/.minecraft/mods/mcw-roofs-2.3.1-mc1.20.1forge.jar: java.nio.file.NoSuchFileException: /fabric.mod.json
[18Nov2024 19:16:21.663] [Render thread/ERROR] [org.betterx.worlds.together.util.Logger/]: [worlds_together] Error for jar:file:///C:/Users/Ben/AppData/Roaming/PrismLauncher/instances/1.20.1%20Pack%20(Modified)/.minecraft/mods/mcw-windows-2.3.0-mc1.20.1forge.jar: java.nio.file.NoSuchFileException: /fabric.mod.json
[18Nov2024 19:16:21.664] [Render thread/ERROR] [org.betterx.worlds.together.util.Logger/]: [worlds_together] Error for jar:file:///C:/Users/Ben/AppData/Roaming/PrismLauncher/instances/1.20.1%20Pack%20(Modified)/.minecraft/mods/MEED-1.20.1-4.9.jar: java.nio.file.NoSuchFileException: /fabric.mod.json
[18Nov2024 19:16:21.665] [Render thread/ERROR] [org.betterx.worlds.together.util.Logger/]: [worlds_together] Error for jar:file:///C:/Users/Ben/AppData/Roaming/PrismLauncher/instances/1.20.1%20Pack%20(Modified)/.minecraft/mods/megacells-forge-2.4.4-1.20.1.jar: java.nio.file.NoSuchFileException: /fabric.mod.json
[18Nov2024 19:16:21.669] [Render thread/ERROR] [org.betterx.worlds.together.util.Logger/]: [worlds_together] Error for jar:file:///C:/Users/Ben/AppData/Roaming/PrismLauncher/instances/1.20.1%20Pack%20(Modified)/.minecraft/mods/Mekanism-1.20.1-10.4.9.61.jar: java.nio.file.NoSuchFileException: /fabric.mod.json
[18Nov2024 19:16:21.671] [Render thread/ERROR] [org.betterx.worlds.together.util.Logger/]: [worlds_together] Error for jar:file:///C:/Users/Ben/AppData/Roaming/PrismLauncher/instances/1.20.1%20Pack%20(Modified)/.minecraft/mods/MekanismAdditions-1.20.1-10.4.9.61.jar: java.nio.file.NoSuchFileException: /fabric.mod.json
[18Nov2024 19:16:21.672] [Render thread/ERROR] [org.betterx.worlds.together.util.Logger/]: [worlds_together] Error for jar:file:///C:/Users/Ben/AppData/Roaming/PrismLauncher/instances/1.20.1%20Pack%20(Modified)/.minecraft/mods/MekanismGenerators-1.20.1-10.4.9.61.jar: java.nio.file.NoSuchFileException: /fabric.mod.json
[18Nov2024 19:16:21.672] [Render thread/ERROR] [org.betterx.worlds.together.util.Logger/]: [worlds_together] Error for jar:file:///C:/Users/Ben/AppData/Roaming/PrismLauncher/instances/1.20.1%20Pack%20(Modified)/.minecraft/mods/MekanismTools-1.20.1-10.4.9.61.jar: java.nio.file.NoSuchFileException: /fabric.mod.json
[18Nov2024 19:16:21.675] [Render thread/ERROR] [org.betterx.worlds.together.util.Logger/]: [worlds_together] Error for jar:file:///C:/Users/Ben/AppData/Roaming/PrismLauncher/instances/1.20.1%20Pack%20(Modified)/.minecraft/mods/mffs-5.1.9-all.jar: java.nio.file.NoSuchFileException: /fabric.mod.json
[18Nov2024 19:16:21.676] [Render thread/ERROR] [org.betterx.worlds.together.util.Logger/]: [worlds_together] Error for jar:file:///C:/Users/Ben/AppData/Roaming/PrismLauncher/instances/1.20.1%20Pack%20(Modified)/.minecraft/mods/miniutilities-4.1.0.jar: java.nio.file.NoSuchFileException: /fabric.mod.json
[18Nov2024 19:16:21.680] [Render thread/ERROR] [org.betterx.worlds.together.util.Logger/]: [worlds_together] Error for jar:file:///C:/Users/Ben/AppData/Roaming/PrismLauncher/instances/1.20.1%20Pack%20(Modified)/.minecraft/mods/mna-forge-1.20.1-3.1.0.1-all.jar: java.nio.file.NoSuchFileException: /fabric.mod.json
[18Nov2024 19:16:21.681] [Render thread/ERROR] [org.betterx.worlds.together.util.Logger/]: [worlds_together] Error for jar:file:///C:/Users/Ben/AppData/Roaming/PrismLauncher/instances/1.20.1%20Pack%20(Modified)/.minecraft/mods/mob_grinding_utils-1.20.1-1.1.0.jar: java.nio.file.NoSuchFileException: /fabric.mod.json
[18Nov2024 19:16:21.682] [Render thread/ERROR] [org.betterx.worlds.together.util.Logger/]: [worlds_together] Error for jar:file:///C:/Users/Ben/AppData/Roaming/PrismLauncher/instances/1.20.1%20Pack%20(Modified)/.minecraft/mods/modernfix-forge-5.19.4+mc1.20.1.jar: java.nio.file.NoSuchFileException: /fabric.mod.json
[18Nov2024 19:16:21.683] [Render thread/ERROR] [org.betterx.worlds.together.util.Logger/]: [worlds_together] Error for jar:file:///C:/Users/Ben/AppData/Roaming/PrismLauncher/instances/1.20.1%20Pack%20(Modified)/.minecraft/mods/modonomicon-1.20.1-forge-1.77.3.jar: java.nio.file.NoSuchFileException: /fabric.mod.json
[18Nov2024 19:16:21.684] [Render thread/ERROR] [org.betterx.worlds.together.util.Logger/]: [worlds_together] Error for jar:file:///C:/Users/Ben/AppData/Roaming/PrismLauncher/instances/1.20.1%20Pack%20(Modified)/.minecraft/mods/moredragoneggs-4.0.jar: java.nio.file.NoSuchFileException: /fabric.mod.json
[18Nov2024 19:16:21.685] [Render thread/ERROR] [org.betterx.worlds.together.util.Logger/]: [worlds_together] Error for jar:file:///C:/Users/Ben/AppData/Roaming/PrismLauncher/instances/1.20.1%20Pack%20(Modified)/.minecraft/mods/Morph-o-Tool-1.7-38.jar: java.nio.file.NoSuchFileException: /fabric.mod.json
[18Nov2024 19:16:21.686] [Render thread/ERROR] [org.betterx.worlds.together.util.Logger/]: [worlds_together] Error for jar:file:///C:/Users/Ben/AppData/Roaming/PrismLauncher/instances/1.20.1%20Pack%20(Modified)/.minecraft/mods/MouseTweaks-forge-mc1.20.1-2.25.1.jar: java.nio.file.NoSuchFileException: /fabric.mod.json
[18Nov2024 19:16:21.687] [Render thread/ERROR] [org.betterx.worlds.together.util.Logger/]: [worlds_together] Error for jar:file:///C:/Users/Ben/AppData/Roaming/PrismLauncher/instances/1.20.1%20Pack%20(Modified)/.minecraft/mods/mutil-1.20.1-6.1.1.jar: java.nio.file.NoSuchFileException: /fabric.mod.json
[18Nov2024 19:16:21.688] [Render thread/ERROR] [org.betterx.worlds.together.util.Logger/]: [worlds_together] Error for jar:file:///C:/Users/Ben/AppData/Roaming/PrismLauncher/instances/1.20.1%20Pack%20(Modified)/.minecraft/mods/MythicBotany-1.20.1-4.0.3.jar: java.nio.file.NoSuchFileException: /fabric.mod.json
[18Nov2024 19:16:21.689] [Render thread/ERROR] [org.betterx.worlds.together.util.Logger/]: [worlds_together] Error for jar:file:///C:/Users/Ben/AppData/Roaming/PrismLauncher/instances/1.20.1%20Pack%20(Modified)/.minecraft/mods/NaturesCompass-1.20.1-1.11.2-forge.jar: java.nio.file.NoSuchFileException: /fabric.mod.json
[18Nov2024 19:16:21.691] [Render thread/ERROR] [org.betterx.worlds.together.util.Logger/]: [worlds_together] Error for jar:file:///C:/Users/Ben/AppData/Roaming/PrismLauncher/instances/1.20.1%20Pack%20(Modified)/.minecraft/mods/NekosEnchantedBooks-1.20.1-1.8.0.jar: java.nio.file.NoSuchFileException: /fabric.mod.json
[18Nov2024 19:16:21.692] [Render thread/ERROR] [org.betterx.worlds.together.util.Logger/]: [worlds_together] Error for jar:file:///C:/Users/Ben/AppData/Roaming/PrismLauncher/instances/1.20.1%20Pack%20(Modified)/.minecraft/mods/netherportalfix-forge-1.20-13.0.1.jar: java.nio.file.NoSuchFileException: /fabric.mod.json
[18Nov2024 19:16:21.693] [Render thread/ERROR] [org.betterx.worlds.together.util.Logger/]: [worlds_together] Error for jar:file:///C:/Users/Ben/AppData/Roaming/PrismLauncher/instances/1.20.1%20Pack%20(Modified)/.minecraft/mods/noisium-forge-2.3.0+mc1.20-1.20.1.jar: java.nio.file.NoSuchFileException: /fabric.mod.json
[18Nov2024 19:16:21.694] [Render thread/ERROR] [org.betterx.worlds.together.util.Logger/]: [worlds_together] Error for jar:file:///C:/Users/Ben/AppData/Roaming/PrismLauncher/instances/1.20.1%20Pack%20(Modified)/.minecraft/mods/Not%20Enough%20Recipe%20Book-FORGE-0.4.1+1.20.1.jar: java.nio.file.NoSuchFileException: /fabric.mod.json
[18Nov2024 19:16:21.695] [Render thread/ERROR] [org.betterx.worlds.together.util.Logger/]: [worlds_together] Error for jar:file:///C:/Users/Ben/AppData/Roaming/PrismLauncher/instances/1.20.1%20Pack%20(Modified)/.minecraft/mods/notenoughcrashes-4.4.7+1.20.1-forge.jar: java.nio.file.NoSuchFileException: /fabric.mod.json
[18Nov2024 19:16:21.697] [Render thread/ERROR] [org.betterx.worlds.together.util.Logger/]: [worlds_together] Error for jar:file:///C:/Users/Ben/AppData/Roaming/PrismLauncher/instances/1.20.1%20Pack%20(Modified)/.minecraft/mods/obscure_api-15.jar: java.nio.file.NoSuchFileException: /fabric.mod.json
[18Nov2024 19:16:21.698] [Render thread/ERROR] [org.betterx.worlds.together.util.Logger/]: [worlds_together] Error for jar:file:///C:/Users/Ben/AppData/Roaming/PrismLauncher/instances/1.20.1%20Pack%20(Modified)/.minecraft/mods/observable-4.4.2.jar: java.nio.file.NoSuchFileException: /fabric.mod.json
[18Nov2024 19:16:21.699] [Render thread/ERROR] [org.betterx.worlds.together.util.Logger/]: [worlds_together] Error for jar:file:///C:/Users/Ben/AppData/Roaming/PrismLauncher/instances/1.20.1%20Pack%20(Modified)/.minecraft/mods/occultism-1.20.1-1.140.1.jar: java.nio.file.NoSuchFileException: /fabric.mod.json
[18Nov2024 19:16:21.701] [Render thread/ERROR] [org.betterx.worlds.together.util.Logger/]: [worlds_together] Error for jar:file:///C:/Users/Ben/AppData/Roaming/PrismLauncher/instances/1.20.1%20Pack%20(Modified)/.minecraft/mods/OctoLib-FORGE-0.4.2+1.20.1.jar: java.nio.file.NoSuchFileException: /fabric.mod.json
[18Nov2024 19:16:21.702] [Render thread/ERROR] [org.betterx.worlds.together.util.Logger/]: [worlds_together] Error for jar:file:///C:/Users/Ben/AppData/Roaming/PrismLauncher/instances/1.20.1%20Pack%20(Modified)/.minecraft/mods/oculus-mc1.20.1-1.7.0.jar: java.nio.file.NoSuchFileException: /fabric.mod.json
[18Nov2024 19:16:21.703] [Render thread/ERROR] [org.betterx.worlds.together.util.Logger/]: [worlds_together] Error for jar:file:///C:/Users/Ben/AppData/Roaming/PrismLauncher/instances/1.20.1%20Pack%20(Modified)/.minecraft/mods/oooh_pinky-forge-1.20.1-2.0.jar: java.nio.file.NoSuchFileException: /fabric.mod.json
[18Nov2024 19:16:21.704] [Render thread/ERROR] [org.betterx.worlds.together.util.Logger/]: [worlds_together] Error for jar:file:///C:/Users/Ben/AppData/Roaming/PrismLauncher/instances/1.20.1%20Pack%20(Modified)/.minecraft/mods/overloadedarmorbar-1.20.1-1.jar: java.nio.file.NoSuchFileException: /fabric.mod.json
[18Nov2024 19:16:21.706] [Render thread/ERROR] [org.betterx.worlds.together.util.Logger/]: [worlds_together] Error for jar:file:///C:/Users/Ben/AppData/Roaming/PrismLauncher/instances/1.20.1%20Pack%20(Modified)/.minecraft/mods/Patchouli-1.20.1-84-FORGE.jar: java.nio.file.NoSuchFileException: /fabric.mod.json
[18Nov2024 19:16:21.709] [Render thread/ERROR] [org.betterx.worlds.together.util.Logger/]: [worlds_together] Error for jar:file:///C:/Users/Ben/AppData/Roaming/PrismLauncher/instances/1.20.1%20Pack%20(Modified)/.minecraft/mods/PigPen-Forge-1.20.1-15.0.2.jar: java.nio.file.NoSuchFileException: /fabric.mod.json
[18Nov2024 19:16:21.710] [Render thread/ERROR] [org.betterx.worlds.together.util.Logger/]: [worlds_together] Error for jar:file:///C:/Users/Ben/AppData/Roaming/PrismLauncher/instances/1.20.1%20Pack%20(Modified)/.minecraft/mods/pipez-forge-1.20.1-1.2.16.jar: java.nio.file.NoSuchFileException: /fabric.mod.json
[18Nov2024 19:16:21.711] [Render thread/ERROR] [org.betterx.worlds.together.util.Logger/]: [worlds_together] Error for jar:file:///C:/Users/Ben/AppData/Roaming/PrismLauncher/instances/1.20.1%20Pack%20(Modified)/.minecraft/mods/Placebo-1.20.1-8.6.2.jar: java.nio.file.NoSuchFileException: /fabric.mod.json
[18Nov2024 19:16:21.712] [Render thread/ERROR] [org.betterx.worlds.together.util.Logger/]: [worlds_together] Error for jar:file:///C:/Users/Ben/AppData/Roaming/PrismLauncher/instances/1.20.1%20Pack%20(Modified)/.minecraft/mods/player-animation-lib-forge-1.0.2-rc1+1.20.jar: java.nio.file.NoSuchFileException: /fabric.mod.json
[18Nov2024 19:16:21.713] [Render thread/ERROR] [org.betterx.worlds.together.util.Logger/]: [worlds_together] Error for jar:file:///C:/Users/Ben/AppData/Roaming/PrismLauncher/instances/1.20.1%20Pack%20(Modified)/.minecraft/mods/pneumaticcraft-repressurized-6.0.17+mc1.20.1.jar: java.nio.file.NoSuchFileException: /fabric.mod.json
[18Nov2024 19:16:21.714] [Render thread/ERROR] [org.betterx.worlds.together.util.Logger/]: [worlds_together] Error for jar:file:///C:/Users/Ben/AppData/Roaming/PrismLauncher/instances/1.20.1%20Pack%20(Modified)/.minecraft/mods/polyeng-forge-0.1.1-1.20.1.jar: java.nio.file.NoSuchFileException: /fabric.mod.json
[18Nov2024 19:16:21.715] [Render thread/ERROR] [org.betterx.worlds.together.util.Logger/]: [worlds_together] Error for jar:file:///C:/Users/Ben/AppData/Roaming/PrismLauncher/instances/1.20.1%20Pack%20(Modified)/.minecraft/mods/polymorph-forge-0.49.5+1.20.1.jar: java.nio.file.NoSuchFileException: /fabric.mod.json
[18Nov2024 19:16:21.716] [Render thread/ERROR] [org.betterx.worlds.together.util.Logger/]: [worlds_together] Error for jar:file:///C:/Users/Ben/AppData/Roaming/PrismLauncher/instances/1.20.1%20Pack%20(Modified)/.minecraft/mods/potionsmaster-1.20.1-47.1.70-0.6.0.jar: java.nio.file.NoSuchFileException: /fabric.mod.json
[18Nov2024 19:16:21.718] [Render thread/ERROR] [org.betterx.worlds.together.util.Logger/]: [worlds_together] Error for jar:file:///C:/Users/Ben/AppData/Roaming/PrismLauncher/instances/1.20.1%20Pack%20(Modified)/.minecraft/mods/Powah-5.0.7.jar: java.nio.file.NoSuchFileException: /fabric.mod.json
[18Nov2024 19:16:21.719] [Render thread/ERROR] [org.betterx.worlds.together.util.Logger/]: [worlds_together] Error for jar:file:///C:/Users/Ben/AppData/Roaming/PrismLauncher/instances/1.20.1%20Pack%20(Modified)/.minecraft/mods/Prism-1.20.1-forge-1.0.5.jar: java.nio.file.NoSuchFileException: /fabric.mod.json
[18Nov2024 19:16:21.720] [Render thread/ERROR] [org.betterx.worlds.together.util.Logger/]: [worlds_together] Error for jar:file:///C:/Users/Ben/AppData/Roaming/PrismLauncher/instances/1.20.1%20Pack%20(Modified)/.minecraft/mods/projectile_damage-forge-3.2.2+1.20.1.jar: java.nio.file.NoSuchFileException: /fabric.mod.json
[18Nov2024 19:16:21.721] [Render thread/ERROR] [org.betterx.worlds.together.util.Logger/]: [worlds_together] Error for jar:file:///C:/Users/Ben/AppData/Roaming/PrismLauncher/instances/1.20.1%20Pack%20(Modified)/.minecraft/mods/PuzzlesLib-v8.1.24-1.20.1-Forge.jar: java.nio.file.NoSuchFileException: /fabric.mod.json
[18Nov2024 19:16:21.722] [Render thread/ERROR] [org.betterx.worlds.together.util.Logger/]: [worlds_together] Error for jar:file:///C:/Users/Ben/AppData/Roaming/PrismLauncher/instances/1.20.1%20Pack%20(Modified)/.minecraft/mods/pylons-1.20.1-4.2.1.jar: java.nio.file.NoSuchFileException: /fabric.mod.json
[18Nov2024 19:16:21.723] [Render thread/ERROR] [org.betterx.worlds.together.util.Logger/]: [worlds_together] Error for jar:file:///C:/Users/Ben/AppData/Roaming/PrismLauncher/instances/1.20.1%20Pack%20(Modified)/.minecraft/mods/radium-mc1.20.1-0.12.4+git.26c9d8e.jar: java.nio.file.NoSuchFileException: /fabric.mod.json
[18Nov2024 19:16:21.724] [Render thread/ERROR] [org.betterx.worlds.together.util.Logger/]: [worlds_together] Error for jar:file:///C:/Users/Ben/AppData/Roaming/PrismLauncher/instances/1.20.1%20Pack%20(Modified)/.minecraft/mods/rangedpumps-1.1.0.jar: java.nio.file.NoSuchFileException: /fabric.mod.json
[18Nov2024 19:16:21.728] [Render thread/ERROR] [org.betterx.worlds.together.util.Logger/]: [worlds_together] Error for jar:file:///C:/Users/Ben/AppData/Roaming/PrismLauncher/instances/1.20.1%20Pack%20(Modified)/.minecraft/mods/rechiseled-1.1.6-forge-mc1.20.jar: java.nio.file.NoSuchFileException: /fabric.mod.json
[18Nov2024 19:16:21.729] [Render thread/ERROR] [org.betterx.worlds.together.util.Logger/]: [worlds_together] Error for jar:file:///C:/Users/Ben/AppData/Roaming/PrismLauncher/instances/1.20.1%20Pack%20(Modified)/.minecraft/mods/rechiseled_chipped-1.1.jar: java.nio.file.NoSuchFileException: /fabric.mod.json
[18Nov2024 19:16:21.730] [Render thread/ERROR] [org.betterx.worlds.together.util.Logger/]: [worlds_together] Error for jar:file:///C:/Users/Ben/AppData/Roaming/PrismLauncher/instances/1.20.1%20Pack%20(Modified)/.minecraft/mods/redstone_arsenal-1.20.1-8.0.1.24.jar: java.nio.file.NoSuchFileException: /fabric.mod.json
[18Nov2024 19:16:21.732] [Render thread/ERROR] [org.betterx.worlds.together.util.Logger/]: [worlds_together] Error for jar:file:///C:/Users/Ben/AppData/Roaming/PrismLauncher/instances/1.20.1%20Pack%20(Modified)/.minecraft/mods/RegionsUnexploredForge-0.5.6+1.20.1.jar: java.nio.file.NoSuchFileException: /fabric.mod.json
[18Nov2024 19:16:21.733] [Render thread/ERROR] [org.betterx.worlds.together.util.Logger/]: [worlds_together] Error for jar:file:///C:/Users/Ben/AppData/Roaming/PrismLauncher/instances/1.20.1%20Pack%20(Modified)/.minecraft/mods/reliquary-1.20.1-2.0.44.1243.jar: java.nio.file.NoSuchFileException: /fabric.mod.json
[18Nov2024 19:16:21.734] [Render thread/ERROR] [org.betterx.worlds.together.util.Logger/]: [worlds_together] Error for jar:file:///C:/Users/Ben/AppData/Roaming/PrismLauncher/instances/1.20.1%20Pack%20(Modified)/.minecraft/mods/resourcefulconfig-forge-1.20.1-2.1.2.jar: java.nio.file.NoSuchFileException: /fabric.mod.json
[18Nov2024 19:16:21.735] [Render thread/ERROR] [org.betterx.worlds.together.util.Logger/]: [worlds_together] Error for jar:file:///C:/Users/Ben/AppData/Roaming/PrismLauncher/instances/1.20.1%20Pack%20(Modified)/.minecraft/mods/resourcefullib-forge-1.20.1-2.1.29.jar: java.nio.file.NoSuchFileException: /fabric.mod.json
[18Nov2024 19:16:21.737] [Render thread/ERROR] [org.betterx.worlds.together.util.Logger/]: [worlds_together] Error for jar:file:///C:/Users/Ben/AppData/Roaming/PrismLauncher/instances/1.20.1%20Pack%20(Modified)/.minecraft/mods/rftoolsbase-1.20-5.0.5.jar: java.nio.file.NoSuchFileException: /fabric.mod.json
[18Nov2024 19:16:21.738] [Render thread/ERROR] [org.betterx.worlds.together.util.Logger/]: [worlds_together] Error for jar:file:///C:/Users/Ben/AppData/Roaming/PrismLauncher/instances/1.20.1%20Pack%20(Modified)/.minecraft/mods/rftoolsbuilder-1.20-6.0.8.jar: java.nio.file.NoSuchFileException: /fabric.mod.json
[18Nov2024 19:16:21.739] [Render thread/ERROR] [org.betterx.worlds.together.util.Logger/]: [worlds_together] Error for jar:file:///C:/Users/Ben/AppData/Roaming/PrismLauncher/instances/1.20.1%20Pack%20(Modified)/.minecraft/mods/rftoolsdim-1.20-11.0.9.jar: java.nio.file.NoSuchFileException: /fabric.mod.json
[18Nov2024 19:16:21.741] [Render thread/ERROR] [org.betterx.worlds.together.util.Logger/]: [worlds_together] Error for jar:file:///C:/Users/Ben/AppData/Roaming/PrismLauncher/instances/1.20.1%20Pack%20(Modified)/.minecraft/mods/rftoolspower-1.20-6.0.2.jar: java.nio.file.NoSuchFileException: /fabric.mod.json
[18Nov2024 19:16:21.742] [Render thread/ERROR] [org.betterx.worlds.together.util.Logger/]: [worlds_together] Error for jar:file:///C:/Users/Ben/AppData/Roaming/PrismLauncher/instances/1.20.1%20Pack%20(Modified)/.minecraft/mods/rftoolsutility-1.20-6.0.6.jar: java.nio.file.NoSuchFileException: /fabric.mod.json
[18Nov2024 19:16:21.743] [Render thread/ERROR] [org.betterx.worlds.together.util.Logger/]: [worlds_together] Error for jar:file:///C:/Users/Ben/AppData/Roaming/PrismLauncher/instances/1.20.1%20Pack%20(Modified)/.minecraft/mods/rhino-forge-2001.2.3-build.6.jar: java.nio.file.NoSuchFileException: /fabric.mod.json
[18Nov2024 19:16:21.745] [Render thread/ERROR] [org.betterx.worlds.together.util.Logger/]: [worlds_together] Error for jar:file:///C:/Users/Ben/AppData/Roaming/PrismLauncher/instances/1.20.1%20Pack%20(Modified)/.minecraft/mods/Runelic-Forge-1.20.1-18.0.2.jar: java.nio.file.NoSuchFileException: /fabric.mod.json
[18Nov2024 19:16:21.747] [Render thread/ERROR] [org.betterx.worlds.together.util.Logger/]: [worlds_together] Error for jar:file:///C:/Users/Ben/AppData/Roaming/PrismLauncher/instances/1.20.1%20Pack%20(Modified)/.minecraft/mods/ScalableCatsForce-3.3.1-build-0-with-library.jar: java.nio.file.NoSuchFileException: /fabric.mod.json
[18Nov2024 19:16:21.748] [Render thread/ERROR] [org.betterx.worlds.together.util.Logger/]: [worlds_together] Error for jar:file:///C:/Users/Ben/AppData/Roaming/PrismLauncher/instances/1.20.1%20Pack%20(Modified)/.minecraft/mods/Searchables-forge-1.20.1-1.0.3.jar: java.nio.file.NoSuchFileException: /fabric.mod.json
[18Nov2024 19:16:21.749] [Render thread/ERROR] [org.betterx.worlds.together.util.Logger/]: [worlds_together] Error for jar:file:///C:/Users/Ben/AppData/Roaming/PrismLauncher/instances/1.20.1%20Pack%20(Modified)/.minecraft/mods/shadowizardlib-1.20.1-1.2.2.jar: java.nio.file.NoSuchFileException: /fabric.mod.json
[18Nov2024 19:16:21.750] [Render thread/ERROR] [org.betterx.worlds.together.util.Logger/]: [worlds_together] Error for jar:file:///C:/Users/Ben/AppData/Roaming/PrismLauncher/instances/1.20.1%20Pack%20(Modified)/.minecraft/mods/shetiphiancore-forge-1.20.1-1.3.jar: java.nio.file.NoSuchFileException: /fabric.mod.json
[18Nov2024 19:16:21.751] [Render thread/ERROR] [org.betterx.worlds.together.util.Logger/]: [worlds_together] Error for jar:file:///C:/Users/Ben/AppData/Roaming/PrismLauncher/instances/1.20.1%20Pack%20(Modified)/.minecraft/mods/ShiftedLib-1.3.3-1.20.1.jar: java.nio.file.NoSuchFileException: /fabric.mod.json
[18Nov2024 19:16:21.752] [Render thread/ERROR] [org.betterx.worlds.together.util.Logger/]: [worlds_together] Error for jar:file:///C:/Users/Ben/AppData/Roaming/PrismLauncher/instances/1.20.1%20Pack%20(Modified)/.minecraft/mods/skillcloaks-1.20.1-1.2.4.1.jar: java.nio.file.NoSuchFileException: /fabric.mod.json
[18Nov2024 19:16:21.753] [Render thread/ERROR] [org.betterx.worlds.together.util.Logger/]: [worlds_together] Error for jar:file:///C:/Users/Ben/AppData/Roaming/PrismLauncher/instances/1.20.1%20Pack%20(Modified)/.minecraft/mods/SmartBrainLib-forge-1.20.1-1.15.jar: java.nio.file.NoSuchFileException: /fabric.mod.json
[18Nov2024 19:16:21.754] [Render thread/ERROR] [org.betterx.worlds.together.util.Logger/]: [worlds_together] Error for jar:file:///C:/Users/Ben/AppData/Roaming/PrismLauncher/instances/1.20.1%20Pack%20(Modified)/.minecraft/mods/SolarFluxReborn-1.20.1-20.1.6.jar: java.nio.file.NoSuchFileException: /fabric.mod.json
[18Nov2024 19:16:21.755] [Render thread/ERROR] [org.betterx.worlds.together.util.Logger/]: [worlds_together] Error for jar:file:///C:/Users/Ben/AppData/Roaming/PrismLauncher/instances/1.20.1%20Pack%20(Modified)/.minecraft/mods/sophisticatedbackpacks-1.20.1-3.20.11.1115.jar: java.nio.file.NoSuchFileException: /fabric.mod.json
[18Nov2024 19:16:21.756] [Render thread/ERROR] [org.betterx.worlds.together.util.Logger/]: [worlds_together] Error for jar:file:///C:/Users/Ben/AppData/Roaming/PrismLauncher/instances/1.20.1%20Pack%20(Modified)/.minecraft/mods/sophisticatedcore-1.20.1-0.6.34.718.jar: java.nio.file.NoSuchFileException: /fabric.mod.json
[18Nov2024 19:16:21.758] [Render thread/ERROR] [org.betterx.worlds.together.util.Logger/]: [worlds_together] Error for jar:file:///C:/Users/Ben/AppData/Roaming/PrismLauncher/instances/1.20.1%20Pack%20(Modified)/.minecraft/mods/sophisticatedstorage-1.20.1-0.10.45.912.jar: java.nio.file.NoSuchFileException: /fabric.mod.json
[18Nov2024 19:16:21.759] [Render thread/ERROR] [org.betterx.worlds.together.util.Logger/]: [worlds_together] Error for jar:file:///C:/Users/Ben/AppData/Roaming/PrismLauncher/instances/1.20.1%20Pack%20(Modified)/.minecraft/mods/soul-fire-d-forge-1.20.1-4.0.6.jar: java.nio.file.NoSuchFileException: /fabric.mod.json
[18Nov2024 19:16:21.761] [Render thread/ERROR] [org.betterx.worlds.together.util.Logger/]: [worlds_together] Error for jar:file:///C:/Users/Ben/AppData/Roaming/PrismLauncher/instances/1.20.1%20Pack%20(Modified)/.minecraft/mods/soulslike-weaponry-1.1.4.4d-1.20.1-forge.jar: java.nio.file.NoSuchFileException: /fabric.mod.json
[18Nov2024 19:16:21.762] [Render thread/ERROR] [org.betterx.worlds.together.util.Logger/]: [worlds_together] Error for jar:file:///C:/Users/Ben/AppData/Roaming/PrismLauncher/instances/1.20.1%20Pack%20(Modified)/.minecraft/mods/SpartanShields-1.20.1-forge-3.1.1.jar: java.nio.file.NoSuchFileException: /fabric.mod.json
[18Nov2024 19:16:21.763] [Render thread/ERROR] [org.betterx.worlds.together.util.Logger/]: [worlds_together] Error for jar:file:///C:/Users/Ben/AppData/Roaming/PrismLauncher/instances/1.20.1%20Pack%20(Modified)/.minecraft/mods/Special%20Drops%201.0.0%20-%201.20.1.jar: java.nio.file.NoSuchFileException: /fabric.mod.json
[18Nov2024 19:16:21.769] [Render thread/ERROR] [org.betterx.worlds.together.util.Logger/]: [worlds_together] Error for jar:file:///C:/Users/Ben/AppData/Roaming/PrismLauncher/instances/1.20.1%20Pack%20(Modified)/.minecraft/mods/stalwart-dungeons-1.20.1-1.2.8.jar: java.nio.file.NoSuchFileException: /fabric.mod.json
[18Nov2024 19:16:21.771] [Render thread/ERROR] [org.betterx.worlds.together.util.Logger/]: [worlds_together] Error for jar:file:///C:/Users/Ben/AppData/Roaming/PrismLauncher/instances/1.20.1%20Pack%20(Modified)/.minecraft/mods/supermartijn642configlib-1.1.8-forge-mc1.20.jar: java.nio.file.NoSuchFileException: /fabric.mod.json
[18Nov2024 19:16:21.772] [Render thread/ERROR] [org.betterx.worlds.together.util.Logger/]: [worlds_together] Error for jar:file:///C:/Users/Ben/AppData/Roaming/PrismLauncher/instances/1.20.1%20Pack%20(Modified)/.minecraft/mods/supermartijn642corelib-1.1.17a-forge-mc1.20.1.jar: java.nio.file.NoSuchFileException: /fabric.mod.json
[18Nov2024 19:16:21.773] [Render thread/ERROR] [org.betterx.worlds.together.util.Logger/]: [worlds_together] Error for jar:file:///C:/Users/Ben/AppData/Roaming/PrismLauncher/instances/1.20.1%20Pack%20(Modified)/.minecraft/mods/takesapillage-1.0.3-1.20.1.jar: java.nio.file.NoSuchFileException: /fabric.mod.json
[18Nov2024 19:16:21.774] [Render thread/ERROR] [org.betterx.worlds.together.util.Logger/]: [worlds_together] Error for jar:file:///C:/Users/Ben/AppData/Roaming/PrismLauncher/instances/1.20.1%20Pack%20(Modified)/.minecraft/mods/TankNull-forge-1.20.1-0.jar: java.nio.file.NoSuchFileException: /fabric.mod.json
[18Nov2024 19:16:21.775] [Render thread/ERROR] [org.betterx.worlds.together.util.Logger/]: [worlds_together] Error for jar:file:///C:/Users/Ben/AppData/Roaming/PrismLauncher/instances/1.20.1%20Pack%20(Modified)/.minecraft/mods/tarotcards-1.20-1.6.4.jar: java.nio.file.NoSuchFileException: /fabric.mod.json
[18Nov2024 19:16:21.779] [Render thread/ERROR] [org.betterx.worlds.together.util.Logger/]: [worlds_together] Error for jar:file:///C:/Users/Ben/AppData/Roaming/PrismLauncher/instances/1.20.1%20Pack%20(Modified)/.minecraft/mods/TerraBlender-forge-1.20.1-3.0.1.7.jar: java.nio.file.NoSuchFileException: /fabric.mod.json
[18Nov2024 19:16:21.784] [Render thread/ERROR] [org.betterx.worlds.together.util.Logger/]: [worlds_together] Error for jar:file:///C:/Users/Ben/AppData/Roaming/PrismLauncher/instances/1.20.1%20Pack%20(Modified)/.minecraft/mods/terramity-0.9.6.1-forge-1.20.1.jar: java.nio.file.NoSuchFileException: /fabric.mod.json
[18Nov2024 19:16:21.785] [Render thread/ERROR] [org.betterx.worlds.together.util.Logger/]: [worlds_together] Error for jar:file:///C:/Users/Ben/AppData/Roaming/PrismLauncher/instances/1.20.1%20Pack%20(Modified)/.minecraft/mods/TES-forge-1.20.1-1.5.1.jar: java.nio.file.NoSuchFileException: /fabric.mod.json
[18Nov2024 19:16:21.786] [Render thread/ERROR] [org.betterx.worlds.together.util.Logger/]: [worlds_together] Error for jar:file:///C:/Users/Ben/AppData/Roaming/PrismLauncher/instances/1.20.1%20Pack%20(Modified)/.minecraft/mods/tesseract-1.0.35a-forge-mc1.20.1.jar: java.nio.file.NoSuchFileException: /fabric.mod.json
[18Nov2024 19:16:21.788] [Render thread/ERROR] [org.betterx.worlds.together.util.Logger/]: [worlds_together] Error for jar:file:///C:/Users/Ben/AppData/Roaming/PrismLauncher/instances/1.20.1%20Pack%20(Modified)/.minecraft/mods/tetra-1.20.1-6.4.0.jar: java.nio.file.NoSuchFileException: /fabric.mod.json
[18Nov2024 19:16:21.789] [Render thread/ERROR] [org.betterx.worlds.together.util.Logger/]: [worlds_together] Error for jar:file:///C:/Users/Ben/AppData/Roaming/PrismLauncher/instances/1.20.1%20Pack%20(Modified)/.minecraft/mods/tetracelium-1.20.1-1.3.0.jar: java.nio.file.NoSuchFileException: /fabric.mod.json
[18Nov2024 19:16:21.790] [Render thread/ERROR] [org.betterx.worlds.together.util.Logger/]: [worlds_together] Error for jar:file:///C:/Users/Ben/AppData/Roaming/PrismLauncher/instances/1.20.1%20Pack%20(Modified)/.minecraft/mods/tetraextras-0.1.4-1.20.1.jar: java.nio.file.NoSuchFileException: /fabric.mod.json
[18Nov2024 19:16:21.791] [Render thread/ERROR] [org.betterx.worlds.together.util.Logger/]: [worlds_together] Error for jar:file:///C:/Users/Ben/AppData/Roaming/PrismLauncher/instances/1.20.1%20Pack%20(Modified)/.minecraft/mods/tetranomicon-1.5.3-1.20.1.jar: java.nio.file.NoSuchFileException: /fabric.mod.json
[18Nov2024 19:16:21.793] [Render thread/ERROR] [org.betterx.worlds.together.util.Logger/]: [worlds_together] Error for jar:file:///C:/Users/Ben/AppData/Roaming/PrismLauncher/instances/1.20.1%20Pack%20(Modified)/.minecraft/mods/thermalendergy-1.20.1-1.0.0.jar: java.nio.file.NoSuchFileException: /fabric.mod.json
[18Nov2024 19:16:21.793] [Render thread/ERROR] [org.betterx.worlds.together.util.Logger/]: [worlds_together] Error for jar:file:///C:/Users/Ben/AppData/Roaming/PrismLauncher/instances/1.20.1%20Pack%20(Modified)/.minecraft/mods/thermal_cultivation-1.20.1-11.0.1.24.jar: java.nio.file.NoSuchFileException: /fabric.mod.json
[18Nov2024 19:16:21.795] [Render thread/ERROR] [org.betterx.worlds.together.util.Logger/]: [worlds_together] Error for jar:file:///C:/Users/Ben/AppData/Roaming/PrismLauncher/instances/1.20.1%20Pack%20(Modified)/.minecraft/mods/thermal_dynamics-1.20.1-11.0.1.23.jar: java.nio.file.NoSuchFileException: /fabric.mod.json
[18Nov2024 19:16:21.796] [Render thread/ERROR] [org.betterx.worlds.together.util.Logger/]: [worlds_together] Error for jar:file:///C:/Users/Ben/AppData/Roaming/PrismLauncher/instances/1.20.1%20Pack%20(Modified)/.minecraft/mods/thermal_expansion-1.20.1-11.0.1.29.jar: java.nio.file.NoSuchFileException: /fabric.mod.json
[18Nov2024 19:16:21.797] [Render thread/ERROR] [org.betterx.worlds.together.util.Logger/]: [worlds_together] Error for jar:file:///C:/Users/Ben/AppData/Roaming/PrismLauncher/instances/1.20.1%20Pack%20(Modified)/.minecraft/mods/thermal_foundation-1.20.1-11.0.6.70.jar: java.nio.file.NoSuchFileException: /fabric.mod.json
[18Nov2024 19:16:21.798] [Render thread/ERROR] [org.betterx.worlds.together.util.Logger/]: [worlds_together] Error for jar:file:///C:/Users/Ben/AppData/Roaming/PrismLauncher/instances/1.20.1%20Pack%20(Modified)/.minecraft/mods/thermal_innovation-1.20.1-11.0.1.23.jar: java.nio.file.NoSuchFileException: /fabric.mod.json
[18Nov2024 19:16:21.799] [Render thread/ERROR] [org.betterx.worlds.together.util.Logger/]: [worlds_together] Error for jar:file:///C:/Users/Ben/AppData/Roaming/PrismLauncher/instances/1.20.1%20Pack%20(Modified)/.minecraft/mods/thermal_integration-1.20.1-11.0.1.27.jar: java.nio.file.NoSuchFileException: /fabric.mod.json
[18Nov2024 19:16:21.801] [Render thread/ERROR] [org.betterx.worlds.together.util.Logger/]: [worlds_together] Error for jar:file:///C:/Users/Ben/AppData/Roaming/PrismLauncher/instances/1.20.1%20Pack%20(Modified)/.minecraft/mods/theurgy-1.20.1-1.21.2.jar: java.nio.file.NoSuchFileException: /fabric.mod.json
[18Nov2024 19:16:21.803] [Render thread/ERROR] [org.betterx.worlds.together.util.Logger/]: [worlds_together] Error for jar:file:///C:/Users/Ben/AppData/Roaming/PrismLauncher/instances/1.20.1%20Pack%20(Modified)/.minecraft/mods/The_Graveyard_3.1_(FORGE)_for_1.20.1.jar: java.nio.file.NoSuchFileException: /fabric.mod.json
[18Nov2024 19:16:21.804] [Render thread/ERROR] [org.betterx.worlds.together.util.Logger/]: [worlds_together] Error for jar:file:///C:/Users/Ben/AppData/Roaming/PrismLauncher/instances/1.20.1%20Pack%20(Modified)/.minecraft/mods/time-in-a-bottle-4.0.4-mc1.20.1.jar: java.nio.file.NoSuchFileException: /fabric.mod.json
[18Nov2024 19:16:21.805] [Render thread/ERROR] [org.betterx.worlds.together.util.Logger/]: [worlds_together] Error for jar:file:///C:/Users/Ben/AppData/Roaming/PrismLauncher/instances/1.20.1%20Pack%20(Modified)/.minecraft/mods/titanium-1.20.1-3.8.32.jar: java.nio.file.NoSuchFileException: /fabric.mod.json
[18Nov2024 19:16:21.806] [Render thread/ERROR] [org.betterx.worlds.together.util.Logger/]: [worlds_together] Error for jar:file:///C:/Users/Ben/AppData/Roaming/PrismLauncher/instances/1.20.1%20Pack%20(Modified)/.minecraft/mods/ToadLib-1.20-1.20.4-1.1.5.jar: java.nio.file.NoSuchFileException: /fabric.mod.json
[18Nov2024 19:16:21.807] [Render thread/ERROR] [org.betterx.worlds.together.util.Logger/]: [worlds_together] Error for jar:file:///C:/Users/Ben/AppData/Roaming/PrismLauncher/instances/1.20.1%20Pack%20(Modified)/.minecraft/mods/tomeofblood-1.20.1-0.4.4-all.jar: java.nio.file.NoSuchFileException: /fabric.mod.json
[18Nov2024 19:16:21.809] [Render thread/ERROR] [org.betterx.worlds.together.util.Logger/]: [worlds_together] Error for jar:file:///C:/Users/Ben/AppData/Roaming/PrismLauncher/instances/1.20.1%20Pack%20(Modified)/.minecraft/mods/ToolStats-Forge-1.20.1-16.0.9.jar: java.nio.file.NoSuchFileException: /fabric.mod.json
[18Nov2024 19:16:21.811] [Render thread/ERROR] [org.betterx.worlds.together.util.Logger/]: [worlds_together] Error for jar:file:///C:/Users/Ben/AppData/Roaming/PrismLauncher/instances/1.20.1%20Pack%20(Modified)/.minecraft/mods/toomanyglyphs-1.20.1-2.3.2.12345.jar: java.nio.file.NoSuchFileException: /fabric.mod.json
[18Nov2024 19:16:21.812] [Render thread/ERROR] [org.betterx.worlds.together.util.Logger/]: [worlds_together] Error for jar:file:///C:/Users/Ben/AppData/Roaming/PrismLauncher/instances/1.20.1%20Pack%20(Modified)/.minecraft/mods/torchmaster-20.1.9.jar: java.nio.file.NoSuchFileException: /fabric.mod.json
[18Nov2024 19:16:21.812] [Render thread/ERROR] [org.betterx.worlds.together.util.Logger/]: [worlds_together] Error for jar:file:///C:/Users/Ben/AppData/Roaming/PrismLauncher/instances/1.20.1%20Pack%20(Modified)/.minecraft/mods/TrampleStopper-Forge-5.0.0+mc1.20.1.jar: java.nio.file.NoSuchFileException: /fabric.mod.json
[18Nov2024 19:16:21.814] [Render thread/ERROR] [org.betterx.worlds.together.util.Logger/]: [worlds_together] Error for jar:file:///C:/Users/Ben/AppData/Roaming/PrismLauncher/instances/1.20.1%20Pack%20(Modified)/.minecraft/mods/transmog-forge-1.3.0+1.20.jar: java.nio.file.NoSuchFileException: /fabric.mod.json
[18Nov2024 19:16:21.815] [Render thread/ERROR] [org.betterx.worlds.together.util.Logger/]: [worlds_together] Error for jar:file:///C:/Users/Ben/AppData/Roaming/PrismLauncher/instances/1.20.1%20Pack%20(Modified)/.minecraft/mods/TravellersBootsReloaded-1.20.1-2.1.1-forge.jar: java.nio.file.NoSuchFileException: /fabric.mod.json
[18Nov2024 19:16:21.817] [Render thread/ERROR] [org.betterx.worlds.together.util.Logger/]: [worlds_together] Error for jar:file:///C:/Users/Ben/AppData/Roaming/PrismLauncher/instances/1.20.1%20Pack%20(Modified)/.minecraft/mods/trenzalore-forge-3.3.10+mc1.20.1-all.jar: java.nio.file.NoSuchFileException: /fabric.mod.json
[18Nov2024 19:16:21.819] [Render thread/ERROR] [org.betterx.worlds.together.util.Logger/]: [worlds_together] Unable to parse Version in jar:file:///C:/Users/Ben/AppData/Roaming/PrismLauncher/instances/1.20.1%20Pack%20(Modified)/.minecraft/mods/triqueapi-mc1.20.1-1.1.0.jar
[18Nov2024 19:16:21.820] [Render thread/ERROR] [org.betterx.worlds.together.util.Logger/]: [worlds_together] Error for jar:file:///C:/Users/Ben/AppData/Roaming/PrismLauncher/instances/1.20.1%20Pack%20(Modified)/.minecraft/mods/valhelsia_core-forge-1.20.1-1.1.2.jar: java.nio.file.NoSuchFileException: /fabric.mod.json
[18Nov2024 19:16:21.822] [Render thread/ERROR] [org.betterx.worlds.together.util.Logger/]: [worlds_together] Error for jar:file:///C:/Users/Ben/AppData/Roaming/PrismLauncher/instances/1.20.1%20Pack%20(Modified)/.minecraft/mods/Voidscape-1.20.1-1.5.389.jar: java.nio.file.NoSuchFileException: /fabric.mod.json
[18Nov2024 19:16:21.825] [Render thread/ERROR] [org.betterx.worlds.together.util.Logger/]: [worlds_together] Error for jar:file:///C:/Users/Ben/AppData/Roaming/PrismLauncher/instances/1.20.1%20Pack%20(Modified)/.minecraft/mods/waystones-forge-1.20-14.1.5.jar: java.nio.file.NoSuchFileException: /fabric.mod.json
[18Nov2024 19:16:21.829] [Render thread/ERROR] [org.betterx.worlds.together.util.Logger/]: [worlds_together] Error for jar:file:///C:/Users/Ben/AppData/Roaming/PrismLauncher/instances/1.20.1%20Pack%20(Modified)/.minecraft/mods/Wesley's%20Roguelike%20Dungeons%201.20.1-2.3.2.jar: java.nio.file.NoSuchFileException: /fabric.mod.json
[18Nov2024 19:16:21.831] [Render thread/ERROR] [org.betterx.worlds.together.util.Logger/]: [worlds_together] Error for jar:file:///C:/Users/Ben/AppData/Roaming/PrismLauncher/instances/1.20.1%20Pack%20(Modified)/.minecraft/mods/wirelesschargers-1.0.9a-forge-mc1.20.jar: java.nio.file.NoSuchFileException: /fabric.mod.json
[18Nov2024 19:16:21.832] [Render thread/ERROR] [org.betterx.worlds.together.util.Logger/]: [worlds_together] Error for jar:file:///C:/Users/Ben/AppData/Roaming/PrismLauncher/instances/1.20.1%20Pack%20(Modified)/.minecraft/mods/witheringboon-1.8.3.jar: java.nio.file.NoSuchFileException: /fabric.mod.json
[18Nov2024 19:16:21.833] [Render thread/ERROR] [org.betterx.worlds.together.util.Logger/]: [worlds_together] Error for jar:file:///C:/Users/Ben/AppData/Roaming/PrismLauncher/instances/1.20.1%20Pack%20(Modified)/.minecraft/mods/Witherproofed-2.9.3-1.20.1.jar: java.nio.file.NoSuchFileException: /fabric.mod.json
[18Nov2024 19:16:21.833] [Render thread/ERROR] [org.betterx.worlds.together.util.Logger/]: [worlds_together] Error for jar:file:///C:/Users/Ben/AppData/Roaming/PrismLauncher/instances/1.20.1%20Pack%20(Modified)/.minecraft/mods/WitherSkeletonTweaks-1.20.1-9.1.0.jar: java.nio.file.NoSuchFileException: /fabric.mod.json
[18Nov2024 19:16:21.834] [Render thread/ERROR] [org.betterx.worlds.together.util.Logger/]: [worlds_together] Error for jar:file:///C:/Users/Ben/AppData/Roaming/PrismLauncher/instances/1.20.1%20Pack%20(Modified)/.minecraft/mods/xptome-1.20.1-2.2.1.jar: java.nio.file.NoSuchFileException: /fabric.mod.json
[18Nov2024 19:16:21.835] [Render thread/ERROR] [org.betterx.worlds.together.util.Logger/]: [worlds_together] Error for jar:file:///C:/Users/Ben/AppData/Roaming/PrismLauncher/instances/1.20.1%20Pack%20(Modified)/.minecraft/mods/YeetusExperimentus-Forge-2.3.1-build.6+mc1.20.1.jar: java.nio.file.NoSuchFileException: /fabric.mod.json
[18Nov2024 19:16:21.837] [Render thread/ERROR] [org.betterx.worlds.together.util.Logger/]: [worlds_together] Error for jar:file:///C:/Users/Ben/AppData/Roaming/PrismLauncher/instances/1.20.1%20Pack%20(Modified)/.minecraft/mods/YungsApi-1.20-Forge-4.0.6.jar: java.nio.file.NoSuchFileException: /fabric.mod.json
[18Nov2024 19:16:21.838] [Render thread/ERROR] [org.betterx.worlds.together.util.Logger/]: [worlds_together] Error for jar:file:///C:/Users/Ben/AppData/Roaming/PrismLauncher/instances/1.20.1%20Pack%20(Modified)/.minecraft/mods/YungsBetterStrongholds-1.20-Forge-4.0.3.jar: java.nio.file.NoSuchFileException: /fabric.mod.json
[18Nov2024 19:16:21.839] [Render thread/ERROR] [org.betterx.worlds.together.util.Logger/]: [worlds_together] Error for jar:file:///C:/Users/Ben/AppData/Roaming/PrismLauncher/instances/1.20.1%20Pack%20(Modified)/.minecraft/mods/YungsCaveBiomes-1.20.1-Forge-2.0.1.jar: java.nio.file.NoSuchFileException: /fabric.mod.json
[18Nov2024 19:16:21.840] [Render thread/ERROR] [org.betterx.worlds.together.util.Logger/]: [worlds_together] Error for jar:file:///C:/Users/Ben/AppData/Roaming/PrismLauncher/instances/1.20.1%20Pack%20(Modified)/.minecraft/mods/Zeta-1.0-24.jar: java.nio.file.NoSuchFileException: /fabric.mod.json
[18Nov2024 19:16:21.854] [Render thread/INFO] [org.betterx.worlds.together.util.Logger/]: [DataFixerAPI] Ignoring Patch{betternether:5.3.5:21020677}
[18Nov2024 19:16:21.854] [Render thread/INFO] [org.betterx.worlds.together.util.Logger/]: [DataFixerAPI] Ignoring Patch{betternether:8.2.2:33587202}
[18Nov2024 19:16:21.854] [Render thread/INFO] [org.betterx.worlds.together.util.Logger/]: [DataFixerAPI] Ignoring Patch{betternether:9.0.1:37748737}
[18Nov2024 19:16:21.854] [Render thread/INFO] [org.betterx.worlds.together.util.Logger/]: [DataFixerAPI] Ignoring Patch{bclib:3.0.11:12582923}
[18Nov2024 19:16:21.854] [Render thread/INFO] [org.betterx.worlds.together.util.Logger/]: [bclib] Running Pre Patchers on C:\Users\Ben\AppData\Roaming\PrismLauncher\instances\1.20.1 Pack (Modified)\.minecraft\saves\blarghgkjfdskjlasdf\.
[18Nov2024 19:16:21.879] [Render thread/INFO] [org.betterx.worlds.together.util.Logger/]: [DataFixerAPI] Everything up to date
[18Nov2024 19:16:22.545] [Render thread/INFO] [net.minecraft.resources.RegistryDataLoader/]: Using path as content location for registry worlds_together:worldgen/betterx/biome
[18Nov2024 19:16:23.483] [Render thread/INFO] [org.betterx.worlds.together.util.Logger/]: [bclib] Did not manage biome betterend:empty_aurora_cave
[18Nov2024 19:16:23.483] [Render thread/INFO] [org.betterx.worlds.together.util.Logger/]: [bclib] Did not manage biome betterend:empty_end_cave
[18Nov2024 19:16:23.483] [Render thread/INFO] [org.betterx.worlds.together.util.Logger/]: [bclib] Did not manage biome betterend:empty_smaragdant_cave
[18Nov2024 19:16:23.484] [Render thread/INFO] [org.betterx.worlds.together.util.Logger/]: [bclib] Did not manage biome betterend:jade_cave
[18Nov2024 19:16:23.485] [Render thread/INFO] [org.betterx.worlds.together.util.Logger/]: [bclib] Did not manage biome betterend:lush_aurora_cave
[18Nov2024 19:16:23.485] [Render thread/INFO] [org.betterx.worlds.together.util.Logger/]: [bclib] Did not manage biome betterend:lush_smaragdant_cave
[18Nov2024 19:16:23.486] [Render thread/INFO] [org.betterx.worlds.together.util.Logger/]: [bclib] Did not manage biome betterend:megalake_grove
[18Nov2024 19:16:23.486] [Render thread/INFO] [org.betterx.worlds.together.util.Logger/]: [bclib] Did not manage biome betterend:neon_oasis
[18Nov2024 19:16:23.486] [Render thread/INFO] [org.betterx.worlds.together.util.Logger/]: [bclib] Did not manage biome betterend:painted_mountains
[18Nov2024 19:16:24.124] [Render thread/INFO] [org.betterx.worlds.together.util.Logger/]: [bclib] Updating Pickers for BCLib - The End  BiomeSource (6921378)
[18Nov2024 19:16:24.126] [Render thread/INFO] [org.betterx.worlds.together.util.Logger/]: [bclib] Unable to build Biome List yet
[18Nov2024 19:16:24.127] [Render thread/INFO] [org.betterx.worlds.together.util.Logger/]: [bclib] No Void Biomes found. Disabling by using barrens
[18Nov2024 19:16:24.127] [Render thread/INFO] [org.betterx.worlds.together.util.Logger/]: [bclib] No Barrens Biomes found. Disabling by using land Biomes
[18Nov2024 19:16:24.127] [Render thread/WARN] [org.betterx.worlds.together.util.Logger/]: [bclib] No Center Island Biomes found. Forcing use of vanilla center.
[18Nov2024 19:16:24.134] [Render thread/INFO] [org.betterx.worlds.together.util.Logger/]: [bclib] Make sure features are loaded from terrablender:org.betterx.bclib.api.v2.generator.BCLibEndBiomeSource
[18Nov2024 19:16:24.135] [Render thread/INFO] [org.betterx.worlds.together.util.Logger/]: [bclib] Updating Pickers for BCLib - Nether BiomeSource (1f8d7e45)
[18Nov2024 19:16:24.135] [Render thread/INFO] [org.betterx.worlds.together.util.Logger/]: [bclib] Unable to build Biome List yet
[18Nov2024 19:16:24.139] [Render thread/INFO] [org.betterx.worlds.together.util.Logger/]: [bclib] Make sure features are loaded from terrablender:org.betterx.bclib.api.v2.generator.BCLibNetherBiomeSource
[18Nov2024 19:16:24.144] [Render thread/INFO] [org.betterx.worlds.together.util.Logger/]: [bclib] Updating Pickers for BCLib - The End  BiomeSource (5cc5f4d4)
[18Nov2024 19:16:24.144] [Render thread/INFO] [org.betterx.worlds.together.util.Logger/]: [bclib] Unable to build Biome List yet
[18Nov2024 19:16:24.144] [Render thread/INFO] [org.betterx.worlds.together.util.Logger/]: [bclib] No Void Biomes found. Disabling by using barrens
[18Nov2024 19:16:24.144] [Render thread/INFO] [org.betterx.worlds.together.util.Logger/]: [bclib] No Barrens Biomes found. Disabling by using land Biomes
[18Nov2024 19:16:24.144] [Render thread/WARN] [org.betterx.worlds.together.util.Logger/]: [bclib] No Center Island Biomes found. Forcing use of vanilla center.
[18Nov2024 19:16:24.144] [Render thread/INFO] [org.betterx.worlds.together.util.Logger/]: [bclib] Make sure features are loaded from terrablender:org.betterx.bclib.api.v2.generator.BCLibEndBiomeSource
[18Nov2024 19:16:24.145] [Render thread/INFO] [org.betterx.worlds.together.util.Logger/]: [bclib] Updating Pickers for BCLib - Nether BiomeSource (29e2101b)
[18Nov2024 19:16:24.145] [Render thread/INFO] [org.betterx.worlds.together.util.Logger/]: [bclib] Unable to build Biome List yet
[18Nov2024 19:16:24.145] [Render thread/INFO] [org.betterx.worlds.together.util.Logger/]: [bclib] Make sure features are loaded from terrablender:org.betterx.bclib.api.v2.generator.BCLibNetherBiomeSource
[18Nov2024 19:16:24.145] [Render thread/INFO] [org.betterx.worlds.together.util.Logger/]: [bclib] Updating Pickers for BCLib - The End  BiomeSource (57b9c5b1)
[18Nov2024 19:16:24.145] [Render thread/INFO] [org.betterx.worlds.together.util.Logger/]: [bclib] Unable to build Biome List yet
[18Nov2024 19:16:24.145] [Render thread/INFO] [org.betterx.worlds.together.util.Logger/]: [bclib] No Void Biomes found. Disabling by using barrens
[18Nov2024 19:16:24.145] [Render thread/INFO] [org.betterx.worlds.together.util.Logger/]: [bclib] No Barrens Biomes found. Disabling by using land Biomes
[18Nov2024 19:16:24.145] [Render thread/WARN] [org.betterx.worlds.together.util.Logger/]: [bclib] No Center Island Biomes found. Forcing use of vanilla center.
[18Nov2024 19:16:24.146] [Render thread/INFO] [org.betterx.worlds.together.util.Logger/]: [bclib] Make sure features are loaded from terrablender:org.betterx.bclib.api.v2.generator.BCLibEndBiomeSource
[18Nov2024 19:16:24.146] [Render thread/INFO] [org.betterx.worlds.together.util.Logger/]: [bclib] Updating Pickers for BCLib - Nether BiomeSource (5e230fcd)
[18Nov2024 19:16:24.146] [Render thread/INFO] [org.betterx.worlds.together.util.Logger/]: [bclib] Unable to build Biome List yet
[18Nov2024 19:16:24.146] [Render thread/INFO] [org.betterx.worlds.together.util.Logger/]: [bclib] Make sure features are loaded from terrablender:org.betterx.bclib.api.v2.generator.BCLibNetherBiomeSource
[18Nov2024 19:16:24.146] [Render thread/INFO] [org.betterx.worlds.together.util.Logger/]: [bclib] Updating Pickers for BCLib - The End  BiomeSource (2f70e7e4)
[18Nov2024 19:16:24.147] [Render thread/INFO] [org.betterx.worlds.together.util.Logger/]: [bclib] Unable to build Biome List yet
[18Nov2024 19:16:24.147] [Render thread/INFO] [org.betterx.worlds.together.util.Logger/]: [bclib] No Void Biomes found. Disabling by using barrens
[18Nov2024 19:16:24.147] [Render thread/INFO] [org.betterx.worlds.together.util.Logger/]: [bclib] No Barrens Biomes found. Disabling by using land Biomes
[18Nov2024 19:16:24.147] [Render thread/WARN] [org.betterx.worlds.together.util.Logger/]: [bclib] No Center Island Biomes found. Forcing use of vanilla center.
[18Nov2024 19:16:24.147] [Render thread/INFO] [org.betterx.worlds.together.util.Logger/]: [bclib] Make sure features are loaded from terrablender:org.betterx.bclib.api.v2.generator.BCLibEndBiomeSource
[18Nov2024 19:16:24.147] [Render thread/INFO] [org.betterx.worlds.together.util.Logger/]: [bclib] Updating Pickers for BCLib - Nether BiomeSource (6e11c74)
[18Nov2024 19:16:24.147] [Render thread/INFO] [org.betterx.worlds.together.util.Logger/]: [bclib] Unable to build Biome List yet
[18Nov2024 19:16:24.147] [Render thread/INFO] [org.betterx.worlds.together.util.Logger/]: [bclib] Make sure features are loaded from terrablender:org.betterx.bclib.api.v2.generator.BCLibNetherBiomeSource
[18Nov2024 19:16:24.312] [Render thread/INFO] [net.minecraft.resources.RegistryDataLoader/]: Using path as content location for registry worlds_together:worldgen/betterx/surface_rules
[18Nov2024 19:16:24.448] [Render thread/WARN] [org.betterx.worlds.together.util.Logger/]: [bclib] No valid Biome Registry available!
[18Nov2024 19:16:24.448] [Render thread/WARN] [org.betterx.worlds.together.util.Logger/]: [bclib] No valid BCLBiome Registry available!
[18Nov2024 19:16:24.789] [Render thread/INFO] [org.betterx.worlds.together.util.Logger/]: [bclib] Updating Pickers for BCLib - The End  BiomeSource (7f363f02)
[18Nov2024 19:16:24.789] [Render thread/INFO] [org.betterx.worlds.together.util.Logger/]: [bclib] Unable to build Biome List yet
[18Nov2024 19:16:24.789] [Render thread/INFO] [org.betterx.worlds.together.util.Logger/]: [bclib] No Void Biomes found. Disabling by using barrens
[18Nov2024 19:16:24.789] [Render thread/INFO] [org.betterx.worlds.together.util.Logger/]: [bclib] No Barrens Biomes found. Disabling by using land Biomes
[18Nov2024 19:16:24.789] [Render thread/WARN] [org.betterx.worlds.together.util.Logger/]: [bclib] No Center Island Biomes found. Forcing use of vanilla center.
[18Nov2024 19:16:24.789] [Render thread/INFO] [org.betterx.worlds.together.util.Logger/]: [bclib] Make sure features are loaded from terrablender:org.betterx.bclib.api.v2.generator.BCLibEndBiomeSource
[18Nov2024 19:16:24.817] [Render thread/INFO] [org.betterx.worlds.together.util.Logger/]: [bclib] Updating Pickers for BCLib - Nether BiomeSource (78a92383)
[18Nov2024 19:16:24.817] [Render thread/INFO] [org.betterx.worlds.together.util.Logger/]: [bclib] Unable to build Biome List yet
[18Nov2024 19:16:24.817] [Render thread/INFO] [org.betterx.worlds.together.util.Logger/]: [bclib] Make sure features are loaded from terrablender:org.betterx.bclib.api.v2.generator.BCLibNetherBiomeSource
[18Nov2024 19:16:24.995] [Render thread/INFO] [net.minecraftforge.coremod.CoreMod.apotheosis/COREMODLOG]: Replaced 2 calls to Enchantment#getMaxLevel() in net/minecraft/server/commands/EnchantCommand
[18Nov2024 19:16:25.398] [Worker-ResourceReload-32/WARN] [HammerLib/]: Unable to find registry for tag directory tags/worldgen/structure_pool_element
[18Nov2024 19:16:25.398] [Worker-ResourceReload-19/WARN] [HammerLib/]: Unable to find registry for tag directory tags/position_source_type
[18Nov2024 19:16:25.398] [Worker-ResourceReload-3/WARN] [HammerLib/]: Unable to find registry for tag directory tags/spectrum/stamp_data_category
[18Nov2024 19:16:25.398] [Worker-ResourceReload-31/WARN] [HammerLib/]: Unable to find registry for tag directory tags/forge/structure_modifier
[18Nov2024 19:16:25.398] [Worker-ResourceReload-30/WARN] [HammerLib/]: Unable to find registry for tag directory tags/chat_type
[18Nov2024 19:16:25.398] [Worker-ResourceReload-23/WARN] [HammerLib/]: Unable to find registry for tag directory tags/worldgen/placement_modifier_type
[18Nov2024 19:16:25.398] [Worker-ResourceReload-9/WARN] [HammerLib/]: Unable to find registry for tag directory tags/creative_mode_tab
[18Nov2024 19:16:25.398] [Worker-ResourceReload-24/WARN] [HammerLib/]: Unable to find registry for tag directory tags/worldgen/structure_placement
[18Nov2024 19:16:25.398] [Worker-ResourceReload-13/WARN] [HammerLib/]: Unable to find registry for tag directory tags/mekanism/robit_skin
[18Nov2024 19:16:25.398] [Worker-ResourceReload-2/WARN] [HammerLib/]: Unable to find registry for tag directory tags/float_provider_type
[18Nov2024 19:16:25.398] [Worker-ResourceReload-28/WARN] [HammerLib/]: Unable to find registry for tag directory tags/frog_variant
[18Nov2024 19:16:25.398] [Worker-ResourceReload-21/WARN] [HammerLib/]: Unable to find registry for tag directory tags/forbidden_arcanus/enhancer/definition
[18Nov2024 19:16:25.398] [Worker-ResourceReload-4/WARN] [HammerLib/]: Unable to find registry for tag directory tags/worldgen/configured_feature
[18Nov2024 19:16:25.398] [Worker-ResourceReload-10/WARN] [HammerLib/]: Unable to find registry for tag directory tags/loot_nbt_provider_type
[18Nov2024 19:16:25.398] [Worker-ResourceReload-27/WARN] [HammerLib/]: Unable to find registry for tag directory tags/worldgen/chunk_generator
[18Nov2024 19:16:25.398] [Worker-ResourceReload-16/WARN] [HammerLib/]: Unable to find registry for tag directory tags/worldgen/noise
[18Nov2024 19:16:25.399] [Worker-ResourceReload-14/WARN] [HammerLib/]: Unable to find registry for tag directory tags/worldgen/flat_level_generator_preset
[18Nov2024 19:16:25.399] [Worker-ResourceReload-6/WARN] [HammerLib/]: Unable to find registry for tag directory tags/worldgen/structure_set
[18Nov2024 19:16:25.400] [Worker-ResourceReload-12/WARN] [HammerLib/]: Unable to find registry for tag directory tags/game_events
[18Nov2024 19:16:25.443] [Worker-ResourceReload-2/WARN] [HammerLib/]: Unable to find registry for tag directory tags/libx/biome_surface
[18Nov2024 19:16:25.443] [Worker-ResourceReload-6/WARN] [HammerLib/]: Unable to find registry for tag directory tags/worldgen/structure_type
[18Nov2024 19:16:25.443] [Worker-ResourceReload-30/WARN] [HammerLib/]: Unable to find registry for tag directory tags/worldgen/material_rule
[18Nov2024 19:16:25.443] [Worker-ResourceReload-17/WARN] [HammerLib/]: Unable to find registry for tag directory tags/worldgen/noise_settings
[18Nov2024 19:16:25.443] [Worker-ResourceReload-16/WARN] [HammerLib/]: Unable to find registry for tag directory tags/libx/biome_layer
[18Nov2024 19:16:25.443] [Worker-ResourceReload-5/WARN] [HammerLib/]: Unable to find registry for tag directory tags/reverb/sound_effects
[18Nov2024 19:16:25.443] [Worker-ResourceReload-31/WARN] [HammerLib/]: Unable to find registry for tag directory tags/trim_material
[18Nov2024 19:16:25.443] [Worker-ResourceReload-22/WARN] [HammerLib/]: Unable to find registry for tag directory tags/spectrum/kindling_variant
[18Nov2024 19:16:25.443] [Worker-ResourceReload-27/WARN] [HammerLib/]: Unable to find registry for tag directory tags/fzzy_core/modifier_predicate_type
[18Nov2024 19:16:25.443] [Worker-ResourceReload-32/WARN] [HammerLib/]: Unable to find registry for tag directory tags/worldgen/configured_carver
[18Nov2024 19:16:25.443] [Worker-ResourceReload-20/WARN] [HammerLib/]: Unable to find registry for tag directory tags/dimension_type
[18Nov2024 19:16:25.444] [Worker-ResourceReload-21/WARN] [HammerLib/]: Unable to find registry for tag directory tags/height_provider_type
[18Nov2024 19:16:25.443] [Worker-ResourceReload-11/WARN] [HammerLib/]: Unable to find registry for tag directory tags/worldgen/processor_list
[18Nov2024 19:16:25.444] [Worker-ResourceReload-4/WARN] [HammerLib/]: Unable to find registry for tag directory tags/spectrum/lizard_frill_variant
[18Nov2024 19:16:25.443] [Worker-ResourceReload-14/WARN] [HammerLib/]: Unable to find registry for tag directory tags/spectrum/explosion_effect_family
[18Nov2024 19:16:25.444] [Worker-ResourceReload-28/WARN] [HammerLib/]: Unable to find registry for tag directory tags/worldgen/multi_noise_biome_source_parameter_list
[18Nov2024 19:16:25.443] [Worker-ResourceReload-3/WARN] [HammerLib/]: Unable to find registry for tag directory tags/loot_number_provider_type
[18Nov2024 19:16:25.443] [Worker-ResourceReload-23/WARN] [HammerLib/]: Unable to find registry for tag directory tags/forge/biome_modifier
[18Nov2024 19:16:25.443] [Worker-ResourceReload-26/WARN] [HammerLib/]: Unable to find registry for tag directory tags/forbidden_arcanus/hephaestus_forge/ritual
[18Nov2024 19:16:25.445] [Worker-ResourceReload-24/WARN] [HammerLib/]: Unable to find registry for tag directory tags/spectrum/lizard_horn_variant
[18Nov2024 19:16:25.447] [Worker-ResourceReload-8/WARN] [HammerLib/]: Unable to find registry for tag directory tags/worldgen/structure
[18Nov2024 19:16:25.485] [Worker-ResourceReload-14/WARN] [HammerLib/]: Unable to find registry for tag directory tags/worldgen/density_function
[18Nov2024 19:16:25.485] [Worker-ResourceReload-17/WARN] [HammerLib/]: Unable to find registry for tag directory tags/spectrum/pastel_upgrade
[18Nov2024 19:16:25.485] [Worker-ResourceReload-9/WARN] [HammerLib/]: Unable to find registry for tag directory tags/worldgen/biome_source
[18Nov2024 19:16:25.485] [Worker-ResourceReload-31/WARN] [HammerLib/]: Unable to find registry for tag directory tags/block_predicate_type
[18Nov2024 19:16:25.485] [Worker-ResourceReload-4/WARN] [HammerLib/]: Unable to find registry for tag directory tags/trim_pattern
[18Nov2024 19:16:25.485] [Worker-ResourceReload-22/WARN] [HammerLib/]: Unable to find registry for tag directory tags/worldgen/structure_piece
[18Nov2024 19:16:25.485] [Worker-ResourceReload-16/WARN] [HammerLib/]: Unable to find registry for tag directory tags/cat_variant
[18Nov2024 19:16:25.485] [Worker-ResourceReload-26/WARN] [HammerLib/]: Unable to find registry for tag directory tags/worlds_together/worldgen/betterx/biome
[18Nov2024 19:16:25.485] [Worker-ResourceReload-32/WARN] [HammerLib/]: Unable to find registry for tag directory tags/worlds_together/worldgen/betterx/biome_codec
[18Nov2024 19:16:25.485] [Worker-ResourceReload-2/WARN] [HammerLib/]: Unable to find registry for tag directory tags/loot_score_provider_type
[18Nov2024 19:16:25.485] [Worker-ResourceReload-13/WARN] [HammerLib/]: Unable to find registry for tag directory tags/worldgen/root_placer_type
[18Nov2024 19:16:25.485] [Worker-ResourceReload-20/WARN] [HammerLib/]: Unable to find registry for tag directory tags/fzzy_core/modifier_consumer_type
[18Nov2024 19:16:25.485] [Worker-ResourceReload-1/WARN] [HammerLib/]: Unable to find registry for tag directory tags/int_provider_type
[18Nov2024 19:16:25.485] [Worker-ResourceReload-12/WARN] [HammerLib/]: Unable to find registry for tag directory tags/loot_function_type
[18Nov2024 19:16:25.485] [Worker-ResourceReload-7/WARN] [HammerLib/]: Unable to find registry for tag directory tags/loot_condition_type
[18Nov2024 19:16:25.485] [Worker-ResourceReload-21/WARN] [HammerLib/]: Unable to find registry for tag directory tags/rule_block_entity_modifier
[18Nov2024 19:16:25.485] [Worker-ResourceReload-30/WARN] [HammerLib/]: Unable to find registry for tag directory tags/spectrum/ink_color
[18Nov2024 19:16:25.485] [Worker-ResourceReload-10/WARN] [HammerLib/]: Unable to find registry for tag directory tags/reverb/reverb_effect
[18Nov2024 19:16:25.485] [Worker-ResourceReload-8/WARN] [HammerLib/]: Unable to find registry for tag directory tags/worldgen/placed_feature
[18Nov2024 19:16:25.487] [Worker-ResourceReload-23/WARN] [HammerLib/]: Unable to find registry for tag directory tags/worldgen/density_function_type
[18Nov2024 19:16:25.485] [Worker-ResourceReload-11/WARN] [HammerLib/]: Unable to find registry for tag directory tags/libx/template_pool_extension
[18Nov2024 19:16:25.485] [Worker-ResourceReload-27/WARN] [HammerLib/]: Unable to find registry for tag directory tags/custom_stat
[18Nov2024 19:16:25.523] [Worker-ResourceReload-8/WARN] [HammerLib/]: Unable to find registry for tag directory tags/spectrum/explosion_effect_modifier
[18Nov2024 19:16:25.523] [Worker-ResourceReload-21/WARN] [HammerLib/]: Unable to find registry for tag directory tags/loot_pool_entry_type
[18Nov2024 19:16:25.523] [Worker-ResourceReload-14/WARN] [HammerLib/]: Unable to find registry for tag directory tags/instrument
[18Nov2024 19:16:25.523] [Worker-ResourceReload-20/WARN] [HammerLib/]: Unable to find registry for tag directory tags/villager_type
[18Nov2024 19:16:25.523] [Worker-ResourceReload-13/WARN] [HammerLib/]: Unable to find registry for tag directory tags/forbidden_arcanus/hephaestus_forge/input
[18Nov2024 19:16:25.524] [Worker-ResourceReload-32/WARN] [HammerLib/]: Unable to find registry for tag directory tags/worldgen/material_condition
[18Nov2024 19:16:25.524] [Worker-ResourceReload-31/WARN] [HammerLib/]: Unable to find registry for tag directory tags/dimension
[18Nov2024 19:16:25.523] [Worker-ResourceReload-28/WARN] [HammerLib/]: Unable to find registry for tag directory tags/worldgen/world_preset
[18Nov2024 19:16:25.524] [Worker-ResourceReload-9/WARN] [HammerLib/]: Unable to find registry for tag directory tags/worldgen/structure_processor
[18Nov2024 19:16:25.524] [Worker-ResourceReload-2/WARN] [HammerLib/]: Unable to find registry for tag directory tags/worldgen/template_pool
[18Nov2024 19:16:25.524] [Worker-ResourceReload-12/WARN] [HammerLib/]: Unable to find registry for tag directory tags/worldgen/trunk_placer_type
[18Nov2024 19:16:25.524] [Worker-ResourceReload-25/WARN] [HammerLib/]: Unable to find registry for tag directory tags/rule_test
[18Nov2024 19:16:25.524] [Worker-ResourceReload-10/WARN] [HammerLib/]: Unable to find registry for tag directory tags/spectrum/glass_arrow_variant
[18Nov2024 19:16:25.524] [Worker-ResourceReload-1/WARN] [HammerLib/]: Unable to find registry for tag directory tags/libx/surface_rule_set
[18Nov2024 19:16:25.524] [Worker-ResourceReload-7/WARN] [HammerLib/]: Unable to find registry for tag directory tags/reverb/distortion_effect
[18Nov2024 19:16:25.524] [Worker-ResourceReload-22/WARN] [HammerLib/]: Unable to find registry for tag directory tags/decorated_pot_patterns
[18Nov2024 19:16:25.525] [Worker-ResourceReload-17/WARN] [HammerLib/]: Unable to find registry for tag directory tags/banner_pattern
[18Nov2024 19:16:25.526] [Worker-ResourceReload-30/WARN] [HammerLib/]: Unable to find registry for tag directory tags/pos_rule_test
[18Nov2024 19:16:25.541] [Worker-ResourceReload-6/WARN] [HammerLib/]: Unable to find registry for tag directory tags/damage_type
[18Nov2024 19:16:25.574] [Worker-ResourceReload-21/WARN] [HammerLib/]: Unable to find registry for tag directory tags/fzzy_core/modifier_helper_type
[18Nov2024 19:16:25.581] [Worker-ResourceReload-8/WARN] [HammerLib/]: Unable to find registry for tag directory tags/worldgen/feature_size_type
[18Nov2024 19:16:25.595] [Worker-ResourceReload-23/WARN] [HammerLib/]: Unable to find registry for tag directory tags/worlds_together/worldgen/betterx/surface_rules
[18Nov2024 19:16:25.785] [Worker-ResourceReload-18/ERROR] [net.minecraft.tags.TagLoader/]: Couldn't load tag [mythicupgrades:jade_leggings (from triqueapi-mc1.20.1-1.1.0_mapped_srg_1.20.1.jar), mythicupgrades:topaz_leggings (from triqueapi-mc1.20.1-1.1.0_mapped_srg_1.20.1.jar), mythicupgrades:sapphire_leggings (from triqueapi-mc1.20.1-1.1.0_mapped_srg_1.20.1.jar), mythicupgrades:ametrine_leggings (from triqueapi-mc1.20.1-1.1.0_mapped_srg_1.20.1.jar)] as it is missing following references: mythicupgrades:jade_leggings (from triqueapi-mc1.20.1-1.1.0_mapped_srg_1.20.1.jar), 
	mythicupgrades:topaz_leggings (from triqueapi-mc1.20.1-1.1.0_mapped_srg_1.20.1.jar), 
	mythicupgrades:sapphire_leggings (from triqueapi-mc1.20.1-1.1.0_mapped_srg_1.20.1.jar), 
	mythicupgrades:ametrine_leggings (from triqueapi-mc1.20.1-1.1.0_mapped_srg_1.20.1.jar)
[18Nov2024 19:16:25.806] [Worker-ResourceReload-18/ERROR] [net.minecraft.tags.TagLoader/]: Couldn't load tag [mythicupgrades:jade_boots (from triqueapi-mc1.20.1-1.1.0_mapped_srg_1.20.1.jar), mythicupgrades:topaz_boots (from triqueapi-mc1.20.1-1.1.0_mapped_srg_1.20.1.jar), mythicupgrades:sapphire_boots (from triqueapi-mc1.20.1-1.1.0_mapped_srg_1.20.1.jar), mythicupgrades:ametrine_boots (from triqueapi-mc1.20.1-1.1.0_mapped_srg_1.20.1.jar)] as it is missing following references: mythicupgrades:jade_boots (from triqueapi-mc1.20.1-1.1.0_mapped_srg_1.20.1.jar), 
	mythicupgrades:topaz_boots (from triqueapi-mc1.20.1-1.1.0_mapped_srg_1.20.1.jar), 
	mythicupgrades:sapphire_boots (from triqueapi-mc1.20.1-1.1.0_mapped_srg_1.20.1.jar), 
	mythicupgrades:ametrine_boots (from triqueapi-mc1.20.1-1.1.0_mapped_srg_1.20.1.jar)
[18Nov2024 19:16:25.806] [Worker-ResourceReload-18/ERROR] [net.minecraft.tags.TagLoader/]: Couldn't load tag [mythicupgrades:jade_chestplate (from triqueapi-mc1.20.1-1.1.0_mapped_srg_1.20.1.jar), mythicupgrades:topaz_chestplate (from triqueapi-mc1.20.1-1.1.0_mapped_srg_1.20.1.jar), mythicupgrades:sapphire_chestplate (from triqueapi-mc1.20.1-1.1.0_mapped_srg_1.20.1.jar), mythicupgrades:ametrine_chestplate (from triqueapi-mc1.20.1-1.1.0_mapped_srg_1.20.1.jar)] as it is missing following references: mythicupgrades:jade_chestplate (from triqueapi-mc1.20.1-1.1.0_mapped_srg_1.20.1.jar), 
	mythicupgrades:topaz_chestplate (from triqueapi-mc1.20.1-1.1.0_mapped_srg_1.20.1.jar), 
	mythicupgrades:sapphire_chestplate (from triqueapi-mc1.20.1-1.1.0_mapped_srg_1.20.1.jar), 
	mythicupgrades:ametrine_chestplate (from triqueapi-mc1.20.1-1.1.0_mapped_srg_1.20.1.jar)
[18Nov2024 19:16:25.809] [Worker-ResourceReload-18/ERROR] [net.minecraft.tags.TagLoader/]: Couldn't load tag [mythicupgrades:topaz_hoe (from triqueapi-mc1.20.1-1.1.0_mapped_srg_1.20.1.jar), mythicupgrades:ruby_hoe (from triqueapi-mc1.20.1-1.1.0_mapped_srg_1.20.1.jar)] as it is missing following references: mythicupgrades:topaz_hoe (from triqueapi-mc1.20.1-1.1.0_mapped_srg_1.20.1.jar), 
	mythicupgrades:ruby_hoe (from triqueapi-mc1.20.1-1.1.0_mapped_srg_1.20.1.jar)
[18Nov2024 19:16:25.809] [Worker-ResourceReload-18/ERROR] [net.minecraft.tags.TagLoader/]: Couldn't load tag [mythicupgrades:topaz_pickaxe (from triqueapi-mc1.20.1-1.1.0_mapped_srg_1.20.1.jar), mythicupgrades:ruby_pickaxe (from triqueapi-mc1.20.1-1.1.0_mapped_srg_1.20.1.jar)] as it is missing following references: mythicupgrades:topaz_pickaxe (from triqueapi-mc1.20.1-1.1.0_mapped_srg_1.20.1.jar), 
	mythicupgrades:ruby_pickaxe (from triqueapi-mc1.20.1-1.1.0_mapped_srg_1.20.1.jar)
[18Nov2024 19:16:25.811] [Worker-ResourceReload-18/ERROR] [net.minecraft.tags.TagLoader/]: Couldn't load tag [mythicupgrades:jade_sword (from triqueapi-mc1.20.1-1.1.0_mapped_srg_1.20.1.jar), mythicupgrades:topaz_sword (from triqueapi-mc1.20.1-1.1.0_mapped_srg_1.20.1.jar), mythicupgrades:sapphire_sword (from triqueapi-mc1.20.1-1.1.0_mapped_srg_1.20.1.jar), mythicupgrades:ruby_sword (from triqueapi-mc1.20.1-1.1.0_mapped_srg_1.20.1.jar), mythicupgrades:ametrine_sword (from triqueapi-mc1.20.1-1.1.0_mapped_srg_1.20.1.jar)] as it is missing following references: mythicupgrades:jade_sword (from triqueapi-mc1.20.1-1.1.0_mapped_srg_1.20.1.jar), 
	mythicupgrades:topaz_sword (from triqueapi-mc1.20.1-1.1.0_mapped_srg_1.20.1.jar), 
	mythicupgrades:sapphire_sword (from triqueapi-mc1.20.1-1.1.0_mapped_srg_1.20.1.jar), 
	mythicupgrades:ruby_sword (from triqueapi-mc1.20.1-1.1.0_mapped_srg_1.20.1.jar), 
	mythicupgrades:ametrine_sword (from triqueapi-mc1.20.1-1.1.0_mapped_srg_1.20.1.jar)
[18Nov2024 19:16:25.813] [Worker-ResourceReload-18/ERROR] [net.minecraft.tags.TagLoader/]: Couldn't load tag [apotheosis:common_material (from Apotheosis-1.20.1-7.4.3.jar), apotheosis:uncommon_material (from Apotheosis-1.20.1-7.4.3.jar), apotheosis:rare_material (from Apotheosis-1.20.1-7.4.3.jar), apotheosis:epic_material (from Apotheosis-1.20.1-7.4.3.jar), apotheosis:mythic_material (from Apotheosis-1.20.1-7.4.3.jar), apotheosis:ancient_material (from Apotheosis-1.20.1-7.4.3.jar)] as it is missing following references: apotheosis:common_material (from Apotheosis-1.20.1-7.4.3.jar), 
	apotheosis:uncommon_material (from Apotheosis-1.20.1-7.4.3.jar), 
	apotheosis:rare_material (from Apotheosis-1.20.1-7.4.3.jar), 
	apotheosis:epic_material (from Apotheosis-1.20.1-7.4.3.jar), 
	apotheosis:mythic_material (from Apotheosis-1.20.1-7.4.3.jar), 
	apotheosis:ancient_material (from Apotheosis-1.20.1-7.4.3.jar)
[18Nov2024 19:16:25.814] [Worker-ResourceReload-18/ERROR] [net.minecraft.tags.TagLoader/]: Couldn't load tag [mythicupgrades:jade_axe (from triqueapi-mc1.20.1-1.1.0_mapped_srg_1.20.1.jar), mythicupgrades:topaz_axe (from triqueapi-mc1.20.1-1.1.0_mapped_srg_1.20.1.jar), mythicupgrades:sapphire_axe (from triqueapi-mc1.20.1-1.1.0_mapped_srg_1.20.1.jar), mythicupgrades:ruby_axe (from triqueapi-mc1.20.1-1.1.0_mapped_srg_1.20.1.jar), mythicupgrades:ametrine_axe (from triqueapi-mc1.20.1-1.1.0_mapped_srg_1.20.1.jar)] as it is missing following references: mythicupgrades:jade_axe (from triqueapi-mc1.20.1-1.1.0_mapped_srg_1.20.1.jar), 
	mythicupgrades:topaz_axe (from triqueapi-mc1.20.1-1.1.0_mapped_srg_1.20.1.jar), 
	mythicupgrades:sapphire_axe (from triqueapi-mc1.20.1-1.1.0_mapped_srg_1.20.1.jar), 
	mythicupgrades:ruby_axe (from triqueapi-mc1.20.1-1.1.0_mapped_srg_1.20.1.jar), 
	mythicupgrades:ametrine_axe (from triqueapi-mc1.20.1-1.1.0_mapped_srg_1.20.1.jar)
[18Nov2024 19:16:25.814] [Worker-ResourceReload-18/ERROR] [net.minecraft.tags.TagLoader/]: Couldn't load tag [mythicupgrades:topaz_shovel (from triqueapi-mc1.20.1-1.1.0_mapped_srg_1.20.1.jar), mythicupgrades:ruby_shovel (from triqueapi-mc1.20.1-1.1.0_mapped_srg_1.20.1.jar)] as it is missing following references: mythicupgrades:topaz_shovel (from triqueapi-mc1.20.1-1.1.0_mapped_srg_1.20.1.jar), 
	mythicupgrades:ruby_shovel (from triqueapi-mc1.20.1-1.1.0_mapped_srg_1.20.1.jar)
[18Nov2024 19:16:25.815] [Worker-ResourceReload-18/ERROR] [net.minecraft.tags.TagLoader/]: Couldn't load tag [mythicupgrades:jade_helmet (from triqueapi-mc1.20.1-1.1.0_mapped_srg_1.20.1.jar), mythicupgrades:topaz_helmet (from triqueapi-mc1.20.1-1.1.0_mapped_srg_1.20.1.jar), mythicupgrades:sapphire_helmet (from triqueapi-mc1.20.1-1.1.0_mapped_srg_1.20.1.jar), mythicupgrades:ametrine_helmet (from triqueapi-mc1.20.1-1.1.0_mapped_srg_1.20.1.jar)] as it is missing following references: mythicupgrades:jade_helmet (from triqueapi-mc1.20.1-1.1.0_mapped_srg_1.20.1.jar), 
	mythicupgrades:topaz_helmet (from triqueapi-mc1.20.1-1.1.0_mapped_srg_1.20.1.jar), 
	mythicupgrades:sapphire_helmet (from triqueapi-mc1.20.1-1.1.0_mapped_srg_1.20.1.jar), 
	mythicupgrades:ametrine_helmet (from triqueapi-mc1.20.1-1.1.0_mapped_srg_1.20.1.jar)
[18Nov2024 19:16:25.851] [Worker-ResourceReload-29/WARN] [AlmostUnified/]: The following tags are invalid and will be ignored: [forge:raw_materials/amber, forge:nuggets/coal, forge:ores/cobalt, forge:wires/silver, forge:raw_materials/coal_coke, forge:wires/charcoal, forge:storage_blocks/raw_constantan, forge:storage_blocks/raw_electrum, forge:ores/lumium, forge:storage_blocks/raw_lumium, forge:raw_materials/peridot, forge:nuggets/lapis, forge:plates/mithril, forge:storage_blocks/raw_netherite, forge:gears/chrome, forge:ingots/peridot, forge:storage_blocks/raw_cobalt, forge:raw_materials/emerald, forge:wires/iridium, forge:raw_materials/chrome, forge:wires/coal, forge:ingots/potassium_nitrate, forge:storage_blocks/raw_mithril, forge:rods/emerald, forge:raw_materials/steel, forge:rods/uranium, forge:storage_blocks/raw_coal_coke, forge:dusts/elementium, forge:rods/osmium, forge:gears/mithril, forge:wires/graphite, forge:raw_materials/signalum, forge:nuggets/apatite, forge:gears/platinum, forge:ores/obsidian, forge:plates/fluorite, forge:ores/bitumen, forge:plates/elementium, forge:storage_blocks/raw_invar, forge:ores/steel, forge:wires/constantan, forge:wires/zinc, forge:storage_blocks/raw_obsidian, forge:rods/iridium, forge:gems/aluminum, forge:wires/fluorite, forge:rods/cobalt, forge:gears/coal, forge:storage_blocks/raw_lapis, forge:nuggets/cobalt, forge:wires/netherite, forge:nuggets/ruby, forge:gears/coal_coke, forge:ores/amber, forge:ores/mithril, forge:storage_blocks/raw_cinnabar, forge:raw_materials/graphite, forge:ingots/sapphire, forge:storage_blocks/raw_potassium_nitrate, forge:raw_materials/lumium, forge:gems/cobalt, forge:rods/potassium_nitrate, forge:ores/chrome, forge:plates/cobalt, forge:rods/brass, forge:ingots/sulfur, forge:wires/lead, forge:gears/apatite, forge:gems/enderium, forge:rods/enderium, forge:rods/ruby, forge:storage_blocks/raw_enderium, forge:wires/peridot, forge:rods/invar, forge:dusts/coal_coke, forge:gems/netherite, forge:ores/aeternium, forge:nuggets/amber, forge:ores/signalum, forge:raw_materials/bronze, forge:plates/amber, forge:storage_blocks/raw_diamond, forge:rods/electrum, forge:nuggets/chrome, forge:wires/diamond, forge:ingots/fluorite, forge:rods/netherite, forge:gears/osmium, forge:storage_blocks/mithril, forge:ores/invar, forge:gears/potassium_nitrate, forge:gems/graphite, forge:raw_materials/charcoal, forge:gears/amber, forge:gears/bitumen, forge:gems/coal, forge:dusts/amber, forge:wires/uranium, forge:wires/tungsten, forge:ores/enderium, forge:rods/lumium, forge:ingots/apatite, forge:rods/signalum, forge:rods/bitumen, forge:raw_materials/sulfur, forge:raw_materials/obsidian, forge:rods/constantan, forge:ores/electrum, forge:wires/potassium_nitrate, forge:storage_blocks/raw_brass, forge:rods/elementium, forge:nuggets/cinnabar, forge:rods/platinum, forge:raw_materials/invar, forge:wires/cobalt, forge:storage_blocks/raw_sapphire, forge:gems/tin, forge:rods/aeternium, forge:nuggets/peridot, forge:rods/charcoal, forge:rods/coal, forge:rods/lapis, forge:dusts/mithril, forge:gears/obsidian, forge:wires/bitumen, forge:wires/sulfur, forge:ores/platinum, forge:rods/zinc, forge:storage_blocks/raw_bitumen, forge:wires/steel, forge:gears/fluorite, forge:gears/uranium, forge:gems/lead, forge:gears/elementium, forge:gems/iridium, forge:nuggets/graphite, forge:dusts/potassium_nitrate, forge:storage_blocks/raw_charcoal, forge:storage_blocks/graphite, forge:gems/potassium_nitrate, forge:gems/coal_coke, forge:wires/mithril, forge:plates/aeternium, forge:gems/tungsten, forge:rods/fluorite, forge:dusts/bitumen, forge:gears/zinc, forge:raw_materials/elementium, forge:rods/amber, forge:gems/invar, forge:ingots/emerald, forge:rods/silver, forge:wires/iron, forge:raw_materials/cobalt, forge:ingots/chrome, forge:plates/bitumen, forge:storage_blocks/raw_fluorite, forge:raw_materials/lapis, forge:rods/steel, forge:raw_materials/constantan, forge:rods/sapphire, forge:ingots/aeternium, forge:gears/charcoal, forge:rods/chrome, forge:wires/amber, forge:rods/lead, forge:gems/brass, forge:wires/tin, forge:rods/bronze, forge:rods/gold, forge:ingots/graphite, forge:wires/gold, forge:wires/cinnabar, forge:gears/aluminum, forge:wires/copper, forge:nuggets/sulfur, forge:storage_blocks/chrome, forge:storage_blocks/raw_signalum, forge:ores/netherite, forge:wires/bronze, forge:storage_blocks/raw_elementium, forge:raw_materials/coal, forge:ores/potassium_nitrate, forge:wires/obsidian, forge:storage_blocks/amber, forge:storage_blocks/raw_coal, forge:ores/brass, forge:ingots/ruby, forge:gears/peridot, forge:gems/zinc, forge:gems/bitumen, forge:nuggets/aeternium, forge:storage_blocks/raw_sulfur, forge:gems/bronze, forge:storage_blocks/raw_steel, forge:wires/lapis, forge:wires/aeternium, forge:wires/elementium, forge:raw_materials/mithril, forge:storage_blocks/raw_platinum, forge:gems/copper, forge:gems/mithril, forge:storage_blocks/raw_aeternium, forge:rods/mithril, forge:wires/chrome, forge:ingots/charcoal, forge:raw_materials/aeternium, forge:raw_materials/brass, forge:plates/graphite, forge:rods/obsidian, forge:ingots/lapis, forge:ores/charcoal, forge:rods/nickel, forge:dusts/tungsten, forge:plates/sulfur, forge:nuggets/bitumen, forge:raw_materials/ruby, forge:wires/electrum, forge:ingots/cobalt, forge:dusts/chrome, forge:ingots/amber, forge:ores/coal_coke, forge:ores/bronze, forge:rods/iron, forge:wires/invar, forge:raw_materials/apatite, forge:storage_blocks/potassium_nitrate, forge:rods/cinnabar, forge:rods/diamond, forge:rods/sulfur, forge:nuggets/mithril, forge:ingots/coal, forge:gems/steel, forge:raw_materials/electrum, forge:dusts/iridium, forge:gears/brass, forge:raw_materials/fluorite, forge:raw_materials/sapphire, forge:wires/enderium, forge:dusts/aeternium, forge:raw_materials/platinum, forge:gears/cobalt, forge:wires/brass, forge:rods/coal_coke, forge:raw_materials/bitumen, forge:plates/cinnabar, forge:plates/uranium, forge:ingots/diamond, forge:gems/elementium, forge:rods/tin, forge:wires/emerald, forge:wires/aluminum, forge:gears/aeternium, forge:plates/charcoal, forge:rods/graphite, forge:gears/sulfur, forge:gems/nickel, forge:gems/amber, forge:nuggets/potassium_nitrate, forge:rods/aluminum, forge:gems/obsidian, forge:gems/uranium, forge:gems/signalum, forge:storage_blocks/raw_emerald, forge:dusts/graphite, forge:gears/cinnabar, forge:nuggets/coal_coke, forge:wires/sapphire, forge:storage_blocks/raw_chrome, forge:gems/iron, forge:ores/graphite, forge:gems/constantan, forge:wires/apatite, forge:wires/coal_coke, forge:gems/chrome, forge:gems/platinum, forge:storage_blocks/raw_bronze, forge:raw_materials/potassium_nitrate, forge:wires/lumium, forge:gems/silver, forge:gears/tungsten, forge:plates/chrome, forge:storage_blocks/aeternium, forge:ingots/cinnabar, forge:nuggets/fluorite, forge:raw_materials/diamond, forge:gems/lumium, forge:plates/osmium, forge:nuggets/sapphire, forge:rods/apatite, forge:gems/charcoal, forge:nuggets/obsidian, forge:ingots/bitumen, forge:gems/gold, forge:plates/potassium_nitrate, forge:wires/osmium, forge:storage_blocks/raw_amber, forge:rods/peridot, forge:ores/constantan, forge:wires/signalum, forge:storage_blocks/raw_peridot, forge:gems/aeternium, forge:storage_blocks/raw_ruby, forge:gears/graphite, forge:raw_materials/enderium, forge:storage_blocks/raw_apatite, forge:wires/platinum, forge:storage_blocks/raw_graphite, forge:nuggets/charcoal, forge:ores/elementium, forge:raw_materials/cinnabar, forge:rods/tungsten, forge:gems/electrum, forge:plates/apatite, forge:gears/iridium, forge:plates/coal_coke, forge:ingots/coal_coke, forge:wires/ruby, forge:gems/osmium, forge:rods/copper, forge:wires/nickel, forge:raw_materials/netherite, forge:ingots/mithril]
[18Nov2024 19:16:26.091] [Worker-ResourceReload-16/ERROR] [net.minecraftforge.common.ForgeHooks/]: Couldn't parse element loot_tables:megacells:blocks/mega_emc_interface
com.google.gson.JsonSyntaxException: Expected name to be an item, was unknown string 'megacells:mega_emc_interface'
	at net.minecraft.util.GsonHelper.m_13866_(GsonHelper.java:145) ~[client-1.20.1-20230612.114412-srg.jar%23794!/:?]
	at java.util.Optional.orElseThrow(Optional.java:403) ~[?:?]
	at net.minecraft.util.GsonHelper.m_13874_(GsonHelper.java:145) ~[client-1.20.1-20230612.114412-srg.jar%23794!/:?]
	at net.minecraft.util.GsonHelper.m_13909_(GsonHelper.java:153) ~[client-1.20.1-20230612.114412-srg.jar%23794!/:?]
	at net.minecraft.world.level.storage.loot.entries.LootItem$Serializer.m_7267_(LootItem.java:55) ~[client-1.20.1-20230612.114412-srg.jar%23794!/:?]
	at net.minecraft.world.level.storage.loot.entries.LootItem$Serializer.m_7267_(LootItem.java:40) ~[client-1.20.1-20230612.114412-srg.jar%23794!/:?]
	at net.minecraft.world.level.storage.loot.entries.LootPoolSingletonContainer$Serializer.m_5921_(LootPoolSingletonContainer.java:151) ~[client-1.20.1-20230612.114412-srg.jar%23794!/:?]
	at net.minecraft.world.level.storage.loot.entries.LootPoolSingletonContainer$Serializer.m_5921_(LootPoolSingletonContainer.java:129) ~[client-1.20.1-20230612.114412-srg.jar%23794!/:?]
	at net.minecraft.world.level.storage.loot.entries.LootPoolEntryContainer$Serializer.m_7561_(LootPoolEntryContainer.java:86) ~[client-1.20.1-20230612.114412-srg.jar%23794!/:?]
	at net.minecraft.world.level.storage.loot.entries.LootPoolEntryContainer$Serializer.m_7561_(LootPoolEntryContainer.java:74) ~[client-1.20.1-20230612.114412-srg.jar%23794!/:?]
	at net.minecraft.world.level.storage.loot.GsonAdapterFactory$JsonAdapter.deserialize(GsonAdapterFactory.java:102) ~[client-1.20.1-20230612.114412-srg.jar%23794!/:?]
	at com.google.gson.internal.bind.TreeTypeAdapter.read(TreeTypeAdapter.java:76) ~[gson-2.10.jar%23100!/:?]
	at com.google.gson.internal.bind.TypeAdapterRuntimeTypeWrapper.read(TypeAdapterRuntimeTypeWrapper.java:40) ~[gson-2.10.jar%23100!/:?]
	at com.google.gson.internal.bind.ArrayTypeAdapter.read(ArrayTypeAdapter.java:72) ~[gson-2.10.jar%23100!/:?]
	at com.google.gson.Gson.fromJson(Gson.java:1214) ~[gson-2.10.jar%23100!/:?]
	at com.google.gson.Gson.fromJson(Gson.java:1319) ~[gson-2.10.jar%23100!/:?]
	at com.google.gson.Gson.fromJson(Gson.java:1290) ~[gson-2.10.jar%23100!/:?]
	at com.google.gson.internal.bind.TreeTypeAdapter$GsonContextImpl.deserialize(TreeTypeAdapter.java:179) ~[gson-2.10.jar%23100!/:?]
	at net.minecraft.util.GsonHelper.m_13808_(GsonHelper.java:463) ~[client-1.20.1-20230612.114412-srg.jar%23794!/:?]
	at net.minecraft.util.GsonHelper.m_13836_(GsonHelper.java:471) ~[client-1.20.1-20230612.114412-srg.jar%23794!/:?]
	at net.minecraft.world.level.storage.loot.LootPool$Serializer.deserialize(LootPool.java:192) ~[client-1.20.1-20230612.114412-srg.jar%23794!/:?]
	at net.minecraft.world.level.storage.loot.LootPool$Serializer.deserialize(LootPool.java:189) ~[client-1.20.1-20230612.114412-srg.jar%23794!/:?]
	at com.google.gson.internal.bind.TreeTypeAdapter.read(TreeTypeAdapter.java:76) ~[gson-2.10.jar%23100!/:?]
	at com.google.gson.internal.bind.TypeAdapterRuntimeTypeWrapper.read(TypeAdapterRuntimeTypeWrapper.java:40) ~[gson-2.10.jar%23100!/:?]
	at com.google.gson.internal.bind.ArrayTypeAdapter.read(ArrayTypeAdapter.java:72) ~[gson-2.10.jar%23100!/:?]
	at com.google.gson.Gson.fromJson(Gson.java:1214) ~[gson-2.10.jar%23100!/:?]
	at com.google.gson.Gson.fromJson(Gson.java:1319) ~[gson-2.10.jar%23100!/:?]
	at com.google.gson.Gson.fromJson(Gson.java:1290) ~[gson-2.10.jar%23100!/:?]
	at com.google.gson.internal.bind.TreeTypeAdapter$GsonContextImpl.deserialize(TreeTypeAdapter.java:179) ~[gson-2.10.jar%23100!/:?]
	at net.minecraft.util.GsonHelper.m_13808_(GsonHelper.java:463) ~[client-1.20.1-20230612.114412-srg.jar%23794!/:?]
	at net.minecraft.util.GsonHelper.m_13845_(GsonHelper.java:481) ~[client-1.20.1-20230612.114412-srg.jar%23794!/:?]
	at net.minecraft.world.level.storage.loot.LootTable$Serializer.deserialize(LootTable.java:294) ~[client-1.20.1-20230612.114412-srg.jar%23794!/:?]
	at net.minecraft.world.level.storage.loot.LootTable$Serializer.deserialize(LootTable.java:291) ~[client-1.20.1-20230612.114412-srg.jar%23794!/:?]
	at com.google.gson.internal.bind.TreeTypeAdapter.read(TreeTypeAdapter.java:76) ~[gson-2.10.jar%23100!/:?]
	at com.google.gson.Gson.fromJson(Gson.java:1214) ~[gson-2.10.jar%23100!/:?]
	at com.google.gson.Gson.fromJson(Gson.java:1319) ~[gson-2.10.jar%23100!/:?]
	at com.google.gson.Gson.fromJson(Gson.java:1261) ~[gson-2.10.jar%23100!/:?]
	at net.minecraftforge.common.ForgeHooks.loadLootTable(ForgeHooks.java:871) ~[forge-1.20.1-47.2.0-universal.jar%23799!/:?]
	at net.minecraftforge.common.ForgeHooks.lambda$getLootTableDeserializer$3(ForgeHooks.java:848) ~[forge-1.20.1-47.2.0-universal.jar%23799!/:?]
	at net.minecraft.world.level.storage.loot.LootDataType.deserialize(LootDataType.java:45) ~[client-1.20.1-20230612.114412-srg.jar%23794!/:?]
	at net.minecraft.world.level.storage.loot.LootDataManager.lambda$scheduleElementParse$4(LootDataManager.java:56) ~[client-1.20.1-20230612.114412-srg.jar%23794!/:?]
	at java.util.HashMap.forEach(HashMap.java:1421) ~[?:?]
	at net.minecraft.world.level.storage.loot.LootDataManager.m_278660_(LootDataManager.java:55) ~[client-1.20.1-20230612.114412-srg.jar%23794!/:?]
	at java.util.concurrent.CompletableFuture$AsyncRun.run(CompletableFuture.java:1804) ~[?:?]
	at java.util.concurrent.CompletableFuture$AsyncRun.exec(CompletableFuture.java:1796) ~[?:?]
	at java.util.concurrent.ForkJoinTask.doExec(ForkJoinTask.java:373) ~[?:?]
	at java.util.concurrent.ForkJoinPool$WorkQueue.topLevelExec(ForkJoinPool.java:1182) ~[?:?]
	at java.util.concurrent.ForkJoinPool.scan(ForkJoinPool.java:1655) ~[?:?]
	at java.util.concurrent.ForkJoinPool.runWorker(ForkJoinPool.java:1622) ~[?:?]
	at java.util.concurrent.ForkJoinWorkerThread.run(ForkJoinWorkerThread.java:165) ~[?:?]
[18Nov2024 19:16:26.238] [Worker-ResourceReload-16/ERROR] [net.minecraftforge.common.ForgeHooks/]: Couldn't parse element loot_tables:advgenerators:blocks/eu_output_iv
com.google.gson.JsonSyntaxException: Expected name to be an item, was unknown string 'advgenerators:eu_output_iv'
	at net.minecraft.util.GsonHelper.m_13866_(GsonHelper.java:145) ~[client-1.20.1-20230612.114412-srg.jar%23794!/:?]
	at java.util.Optional.orElseThrow(Optional.java:403) ~[?:?]
	at net.minecraft.util.GsonHelper.m_13874_(GsonHelper.java:145) ~[client-1.20.1-20230612.114412-srg.jar%23794!/:?]
	at net.minecraft.util.GsonHelper.m_13909_(GsonHelper.java:153) ~[client-1.20.1-20230612.114412-srg.jar%23794!/:?]
	at net.minecraft.world.level.storage.loot.entries.LootItem$Serializer.m_7267_(LootItem.java:55) ~[client-1.20.1-20230612.114412-srg.jar%23794!/:?]
	at net.minecraft.world.level.storage.loot.entries.LootItem$Serializer.m_7267_(LootItem.java:40) ~[client-1.20.1-20230612.114412-srg.jar%23794!/:?]
	at net.minecraft.world.level.storage.loot.entries.LootPoolSingletonContainer$Serializer.m_5921_(LootPoolSingletonContainer.java:151) ~[client-1.20.1-20230612.114412-srg.jar%23794!/:?]
	at net.minecraft.world.level.storage.loot.entries.LootPoolSingletonContainer$Serializer.m_5921_(LootPoolSingletonContainer.java:129) ~[client-1.20.1-20230612.114412-srg.jar%23794!/:?]
	at net.minecraft.world.level.storage.loot.entries.LootPoolEntryContainer$Serializer.m_7561_(LootPoolEntryContainer.java:86) ~[client-1.20.1-20230612.114412-srg.jar%23794!/:?]
	at net.minecraft.world.level.storage.loot.entries.LootPoolEntryContainer$Serializer.m_7561_(LootPoolEntryContainer.java:74) ~[client-1.20.1-20230612.114412-srg.jar%23794!/:?]
	at net.minecraft.world.level.storage.loot.GsonAdapterFactory$JsonAdapter.deserialize(GsonAdapterFactory.java:102) ~[client-1.20.1-20230612.114412-srg.jar%23794!/:?]
	at com.google.gson.internal.bind.TreeTypeAdapter.read(TreeTypeAdapter.java:76) ~[gson-2.10.jar%23100!/:?]
	at com.google.gson.internal.bind.TypeAdapterRuntimeTypeWrapper.read(TypeAdapterRuntimeTypeWrapper.java:40) ~[gson-2.10.jar%23100!/:?]
	at com.google.gson.internal.bind.ArrayTypeAdapter.read(ArrayTypeAdapter.java:72) ~[gson-2.10.jar%23100!/:?]
	at com.google.gson.Gson.fromJson(Gson.java:1214) ~[gson-2.10.jar%23100!/:?]
	at com.google.gson.Gson.fromJson(Gson.java:1319) ~[gson-2.10.jar%23100!/:?]
	at com.google.gson.Gson.fromJson(Gson.java:1290) ~[gson-2.10.jar%23100!/:?]
	at com.google.gson.internal.bind.TreeTypeAdapter$GsonContextImpl.deserialize(TreeTypeAdapter.java:179) ~[gson-2.10.jar%23100!/:?]
	at net.minecraft.util.GsonHelper.m_13808_(GsonHelper.java:463) ~[client-1.20.1-20230612.114412-srg.jar%23794!/:?]
	at net.minecraft.util.GsonHelper.m_13836_(GsonHelper.java:471) ~[client-1.20.1-20230612.114412-srg.jar%23794!/:?]
	at net.minecraft.world.level.storage.loot.LootPool$Serializer.deserialize(LootPool.java:192) ~[client-1.20.1-20230612.114412-srg.jar%23794!/:?]
	at net.minecraft.world.level.storage.loot.LootPool$Serializer.deserialize(LootPool.java:189) ~[client-1.20.1-20230612.114412-srg.jar%23794!/:?]
	at com.google.gson.internal.bind.TreeTypeAdapter.read(TreeTypeAdapter.java:76) ~[gson-2.10.jar%23100!/:?]
	at com.google.gson.internal.bind.TypeAdapterRuntimeTypeWrapper.read(TypeAdapterRuntimeTypeWrapper.java:40) ~[gson-2.10.jar%23100!/:?]
	at com.google.gson.internal.bind.ArrayTypeAdapter.read(ArrayTypeAdapter.java:72) ~[gson-2.10.jar%23100!/:?]
	at com.google.gson.Gson.fromJson(Gson.java:1214) ~[gson-2.10.jar%23100!/:?]
	at com.google.gson.Gson.fromJson(Gson.java:1319) ~[gson-2.10.jar%23100!/:?]
	at com.google.gson.Gson.fromJson(Gson.java:1290) ~[gson-2.10.jar%23100!/:?]
	at com.google.gson.internal.bind.TreeTypeAdapter$GsonContextImpl.deserialize(TreeTypeAdapter.java:179) ~[gson-2.10.jar%23100!/:?]
	at net.minecraft.util.GsonHelper.m_13808_(GsonHelper.java:463) ~[client-1.20.1-20230612.114412-srg.jar%23794!/:?]
	at net.minecraft.util.GsonHelper.m_13845_(GsonHelper.java:481) ~[client-1.20.1-20230612.114412-srg.jar%23794!/:?]
	at net.minecraft.world.level.storage.loot.LootTable$Serializer.deserialize(LootTable.java:294) ~[client-1.20.1-20230612.114412-srg.jar%23794!/:?]
	at net.minecraft.world.level.storage.loot.LootTable$Serializer.deserialize(LootTable.java:291) ~[client-1.20.1-20230612.114412-srg.jar%23794!/:?]
	at com.google.gson.internal.bind.TreeTypeAdapter.read(TreeTypeAdapter.java:76) ~[gson-2.10.jar%23100!/:?]
	at com.google.gson.Gson.fromJson(Gson.java:1214) ~[gson-2.10.jar%23100!/:?]
	at com.google.gson.Gson.fromJson(Gson.java:1319) ~[gson-2.10.jar%23100!/:?]
	at com.google.gson.Gson.fromJson(Gson.java:1261) ~[gson-2.10.jar%23100!/:?]
	at net.minecraftforge.common.ForgeHooks.loadLootTable(ForgeHooks.java:871) ~[forge-1.20.1-47.2.0-universal.jar%23799!/:?]
	at net.minecraftforge.common.ForgeHooks.lambda$getLootTableDeserializer$3(ForgeHooks.java:848) ~[forge-1.20.1-47.2.0-universal.jar%23799!/:?]
	at net.minecraft.world.level.storage.loot.LootDataType.deserialize(LootDataType.java:45) ~[client-1.20.1-20230612.114412-srg.jar%23794!/:?]
	at net.minecraft.world.level.storage.loot.LootDataManager.lambda$scheduleElementParse$4(LootDataManager.java:56) ~[client-1.20.1-20230612.114412-srg.jar%23794!/:?]
	at java.util.HashMap.forEach(HashMap.java:1421) ~[?:?]
	at net.minecraft.world.level.storage.loot.LootDataManager.m_278660_(LootDataManager.java:55) ~[client-1.20.1-20230612.114412-srg.jar%23794!/:?]
	at java.util.concurrent.CompletableFuture$AsyncRun.run(CompletableFuture.java:1804) ~[?:?]
	at java.util.concurrent.CompletableFuture$AsyncRun.exec(CompletableFuture.java:1796) ~[?:?]
	at java.util.concurrent.ForkJoinTask.doExec(ForkJoinTask.java:373) ~[?:?]
	at java.util.concurrent.ForkJoinPool$WorkQueue.topLevelExec(ForkJoinPool.java:1182) ~[?:?]
	at java.util.concurrent.ForkJoinPool.scan(ForkJoinPool.java:1655) ~[?:?]
	at java.util.concurrent.ForkJoinPool.runWorker(ForkJoinPool.java:1622) ~[?:?]
	at java.util.concurrent.ForkJoinWorkerThread.run(ForkJoinWorkerThread.java:165) ~[?:?]
[18Nov2024 19:16:26.240] [Worker-ResourceReload-16/ERROR] [net.minecraftforge.common.ForgeHooks/]: Couldn't parse element loot_tables:advgenerators:blocks/eu_output_hv
com.google.gson.JsonSyntaxException: Expected name to be an item, was unknown string 'advgenerators:eu_output_hv'
	at net.minecraft.util.GsonHelper.m_13866_(GsonHelper.java:145) ~[client-1.20.1-20230612.114412-srg.jar%23794!/:?]
	at java.util.Optional.orElseThrow(Optional.java:403) ~[?:?]
	at net.minecraft.util.GsonHelper.m_13874_(GsonHelper.java:145) ~[client-1.20.1-20230612.114412-srg.jar%23794!/:?]
	at net.minecraft.util.GsonHelper.m_13909_(GsonHelper.java:153) ~[client-1.20.1-20230612.114412-srg.jar%23794!/:?]
	at net.minecraft.world.level.storage.loot.entries.LootItem$Serializer.m_7267_(LootItem.java:55) ~[client-1.20.1-20230612.114412-srg.jar%23794!/:?]
	at net.minecraft.world.level.storage.loot.entries.LootItem$Serializer.m_7267_(LootItem.java:40) ~[client-1.20.1-20230612.114412-srg.jar%23794!/:?]
	at net.minecraft.world.level.storage.loot.entries.LootPoolSingletonContainer$Serializer.m_5921_(LootPoolSingletonContainer.java:151) ~[client-1.20.1-20230612.114412-srg.jar%23794!/:?]
	at net.minecraft.world.level.storage.loot.entries.LootPoolSingletonContainer$Serializer.m_5921_(LootPoolSingletonContainer.java:129) ~[client-1.20.1-20230612.114412-srg.jar%23794!/:?]
	at net.minecraft.world.level.storage.loot.entries.LootPoolEntryContainer$Serializer.m_7561_(LootPoolEntryContainer.java:86) ~[client-1.20.1-20230612.114412-srg.jar%23794!/:?]
	at net.minecraft.world.level.storage.loot.entries.LootPoolEntryContainer$Serializer.m_7561_(LootPoolEntryContainer.java:74) ~[client-1.20.1-20230612.114412-srg.jar%23794!/:?]
	at net.minecraft.world.level.storage.loot.GsonAdapterFactory$JsonAdapter.deserialize(GsonAdapterFactory.java:102) ~[client-1.20.1-20230612.114412-srg.jar%23794!/:?]
	at com.google.gson.internal.bind.TreeTypeAdapter.read(TreeTypeAdapter.java:76) ~[gson-2.10.jar%23100!/:?]
	at com.google.gson.internal.bind.TypeAdapterRuntimeTypeWrapper.read(TypeAdapterRuntimeTypeWrapper.java:40) ~[gson-2.10.jar%23100!/:?]
	at com.google.gson.internal.bind.ArrayTypeAdapter.read(ArrayTypeAdapter.java:72) ~[gson-2.10.jar%23100!/:?]
	at com.google.gson.Gson.fromJson(Gson.java:1214) ~[gson-2.10.jar%23100!/:?]
	at com.google.gson.Gson.fromJson(Gson.java:1319) ~[gson-2.10.jar%23100!/:?]
	at com.google.gson.Gson.fromJson(Gson.java:1290) ~[gson-2.10.jar%23100!/:?]
	at com.google.gson.internal.bind.TreeTypeAdapter$GsonContextImpl.deserialize(TreeTypeAdapter.java:179) ~[gson-2.10.jar%23100!/:?]
	at net.minecraft.util.GsonHelper.m_13808_(GsonHelper.java:463) ~[client-1.20.1-20230612.114412-srg.jar%23794!/:?]
	at net.minecraft.util.GsonHelper.m_13836_(GsonHelper.java:471) ~[client-1.20.1-20230612.114412-srg.jar%23794!/:?]
	at net.minecraft.world.level.storage.loot.LootPool$Serializer.deserialize(LootPool.java:192) ~[client-1.20.1-20230612.114412-srg.jar%23794!/:?]
	at net.minecraft.world.level.storage.loot.LootPool$Serializer.deserialize(LootPool.java:189) ~[client-1.20.1-20230612.114412-srg.jar%23794!/:?]
	at com.google.gson.internal.bind.TreeTypeAdapter.read(TreeTypeAdapter.java:76) ~[gson-2.10.jar%23100!/:?]
	at com.google.gson.internal.bind.TypeAdapterRuntimeTypeWrapper.read(TypeAdapterRuntimeTypeWrapper.java:40) ~[gson-2.10.jar%23100!/:?]
	at com.google.gson.internal.bind.ArrayTypeAdapter.read(ArrayTypeAdapter.java:72) ~[gson-2.10.jar%23100!/:?]
	at com.google.gson.Gson.fromJson(Gson.java:1214) ~[gson-2.10.jar%23100!/:?]
	at com.google.gson.Gson.fromJson(Gson.java:1319) ~[gson-2.10.jar%23100!/:?]
	at com.google.gson.Gson.fromJson(Gson.java:1290) ~[gson-2.10.jar%23100!/:?]
	at com.google.gson.internal.bind.TreeTypeAdapter$GsonContextImpl.deserialize(TreeTypeAdapter.java:179) ~[gson-2.10.jar%23100!/:?]
	at net.minecraft.util.GsonHelper.m_13808_(GsonHelper.java:463) ~[client-1.20.1-20230612.114412-srg.jar%23794!/:?]
	at net.minecraft.util.GsonHelper.m_13845_(GsonHelper.java:481) ~[client-1.20.1-20230612.114412-srg.jar%23794!/:?]
	at net.minecraft.world.level.storage.loot.LootTable$Serializer.deserialize(LootTable.java:294) ~[client-1.20.1-20230612.114412-srg.jar%23794!/:?]
	at net.minecraft.world.level.storage.loot.LootTable$Serializer.deserialize(LootTable.java:291) ~[client-1.20.1-20230612.114412-srg.jar%23794!/:?]
	at com.google.gson.internal.bind.TreeTypeAdapter.read(TreeTypeAdapter.java:76) ~[gson-2.10.jar%23100!/:?]
	at com.google.gson.Gson.fromJson(Gson.java:1214) ~[gson-2.10.jar%23100!/:?]
	at com.google.gson.Gson.fromJson(Gson.java:1319) ~[gson-2.10.jar%23100!/:?]
	at com.google.gson.Gson.fromJson(Gson.java:1261) ~[gson-2.10.jar%23100!/:?]
	at net.minecraftforge.common.ForgeHooks.loadLootTable(ForgeHooks.java:871) ~[forge-1.20.1-47.2.0-universal.jar%23799!/:?]
	at net.minecraftforge.common.ForgeHooks.lambda$getLootTableDeserializer$3(ForgeHooks.java:848) ~[forge-1.20.1-47.2.0-universal.jar%23799!/:?]
	at net.minecraft.world.level.storage.loot.LootDataType.deserialize(LootDataType.java:45) ~[client-1.20.1-20230612.114412-srg.jar%23794!/:?]
	at net.minecraft.world.level.storage.loot.LootDataManager.lambda$scheduleElementParse$4(LootDataManager.java:56) ~[client-1.20.1-20230612.114412-srg.jar%23794!/:?]
	at java.util.HashMap.forEach(HashMap.java:1421) ~[?:?]
	at net.minecraft.world.level.storage.loot.LootDataManager.m_278660_(LootDataManager.java:55) ~[client-1.20.1-20230612.114412-srg.jar%23794!/:?]
	at java.util.concurrent.CompletableFuture$AsyncRun.run(CompletableFuture.java:1804) ~[?:?]
	at java.util.concurrent.CompletableFuture$AsyncRun.exec(CompletableFuture.java:1796) ~[?:?]
	at java.util.concurrent.ForkJoinTask.doExec(ForkJoinTask.java:373) ~[?:?]
	at java.util.concurrent.ForkJoinPool$WorkQueue.topLevelExec(ForkJoinPool.java:1182) ~[?:?]
	at java.util.concurrent.ForkJoinPool.scan(ForkJoinPool.java:1655) ~[?:?]
	at java.util.concurrent.ForkJoinPool.runWorker(ForkJoinPool.java:1622) ~[?:?]
	at java.util.concurrent.ForkJoinWorkerThread.run(ForkJoinWorkerThread.java:165) ~[?:?]
[18Nov2024 19:16:26.242] [Worker-ResourceReload-16/ERROR] [net.minecraftforge.common.ForgeHooks/]: Couldn't parse element loot_tables:advgenerators:blocks/eu_output_ev
com.google.gson.JsonSyntaxException: Expected name to be an item, was unknown string 'advgenerators:eu_output_ev'
	at net.minecraft.util.GsonHelper.m_13866_(GsonHelper.java:145) ~[client-1.20.1-20230612.114412-srg.jar%23794!/:?]
	at java.util.Optional.orElseThrow(Optional.java:403) ~[?:?]
	at net.minecraft.util.GsonHelper.m_13874_(GsonHelper.java:145) ~[client-1.20.1-20230612.114412-srg.jar%23794!/:?]
	at net.minecraft.util.GsonHelper.m_13909_(GsonHelper.java:153) ~[client-1.20.1-20230612.114412-srg.jar%23794!/:?]
	at net.minecraft.world.level.storage.loot.entries.LootItem$Serializer.m_7267_(LootItem.java:55) ~[client-1.20.1-20230612.114412-srg.jar%23794!/:?]
	at net.minecraft.world.level.storage.loot.entries.LootItem$Serializer.m_7267_(LootItem.java:40) ~[client-1.20.1-20230612.114412-srg.jar%23794!/:?]
	at net.minecraft.world.level.storage.loot.entries.LootPoolSingletonContainer$Serializer.m_5921_(LootPoolSingletonContainer.java:151) ~[client-1.20.1-20230612.114412-srg.jar%23794!/:?]
	at net.minecraft.world.level.storage.loot.entries.LootPoolSingletonContainer$Serializer.m_5921_(LootPoolSingletonContainer.java:129) ~[client-1.20.1-20230612.114412-srg.jar%23794!/:?]
	at net.minecraft.world.level.storage.loot.entries.LootPoolEntryContainer$Serializer.m_7561_(LootPoolEntryContainer.java:86) ~[client-1.20.1-20230612.114412-srg.jar%23794!/:?]
	at net.minecraft.world.level.storage.loot.entries.LootPoolEntryContainer$Serializer.m_7561_(LootPoolEntryContainer.java:74) ~[client-1.20.1-20230612.114412-srg.jar%23794!/:?]
	at net.minecraft.world.level.storage.loot.GsonAdapterFactory$JsonAdapter.deserialize(GsonAdapterFactory.java:102) ~[client-1.20.1-20230612.114412-srg.jar%23794!/:?]
	at com.google.gson.internal.bind.TreeTypeAdapter.read(TreeTypeAdapter.java:76) ~[gson-2.10.jar%23100!/:?]
	at com.google.gson.internal.bind.TypeAdapterRuntimeTypeWrapper.read(TypeAdapterRuntimeTypeWrapper.java:40) ~[gson-2.10.jar%23100!/:?]
	at com.google.gson.internal.bind.ArrayTypeAdapter.read(ArrayTypeAdapter.java:72) ~[gson-2.10.jar%23100!/:?]
	at com.google.gson.Gson.fromJson(Gson.java:1214) ~[gson-2.10.jar%23100!/:?]
	at com.google.gson.Gson.fromJson(Gson.java:1319) ~[gson-2.10.jar%23100!/:?]
	at com.google.gson.Gson.fromJson(Gson.java:1290) ~[gson-2.10.jar%23100!/:?]
	at com.google.gson.internal.bind.TreeTypeAdapter$GsonContextImpl.deserialize(TreeTypeAdapter.java:179) ~[gson-2.10.jar%23100!/:?]
	at net.minecraft.util.GsonHelper.m_13808_(GsonHelper.java:463) ~[client-1.20.1-20230612.114412-srg.jar%23794!/:?]
	at net.minecraft.util.GsonHelper.m_13836_(GsonHelper.java:471) ~[client-1.20.1-20230612.114412-srg.jar%23794!/:?]
	at net.minecraft.world.level.storage.loot.LootPool$Serializer.deserialize(LootPool.java:192) ~[client-1.20.1-20230612.114412-srg.jar%23794!/:?]
	at net.minecraft.world.level.storage.loot.LootPool$Serializer.deserialize(LootPool.java:189) ~[client-1.20.1-20230612.114412-srg.jar%23794!/:?]
	at com.google.gson.internal.bind.TreeTypeAdapter.read(TreeTypeAdapter.java:76) ~[gson-2.10.jar%23100!/:?]
	at com.google.gson.internal.bind.TypeAdapterRuntimeTypeWrapper.read(TypeAdapterRuntimeTypeWrapper.java:40) ~[gson-2.10.jar%23100!/:?]
	at com.google.gson.internal.bind.ArrayTypeAdapter.read(ArrayTypeAdapter.java:72) ~[gson-2.10.jar%23100!/:?]
	at com.google.gson.Gson.fromJson(Gson.java:1214) ~[gson-2.10.jar%23100!/:?]
	at com.google.gson.Gson.fromJson(Gson.java:1319) ~[gson-2.10.jar%23100!/:?]
	at com.google.gson.Gson.fromJson(Gson.java:1290) ~[gson-2.10.jar%23100!/:?]
	at com.google.gson.internal.bind.TreeTypeAdapter$GsonContextImpl.deserialize(TreeTypeAdapter.java:179) ~[gson-2.10.jar%23100!/:?]
	at net.minecraft.util.GsonHelper.m_13808_(GsonHelper.java:463) ~[client-1.20.1-20230612.114412-srg.jar%23794!/:?]
	at net.minecraft.util.GsonHelper.m_13845_(GsonHelper.java:481) ~[client-1.20.1-20230612.114412-srg.jar%23794!/:?]
	at net.minecraft.world.level.storage.loot.LootTable$Serializer.deserialize(LootTable.java:294) ~[client-1.20.1-20230612.114412-srg.jar%23794!/:?]
	at net.minecraft.world.level.storage.loot.LootTable$Serializer.deserialize(LootTable.java:291) ~[client-1.20.1-20230612.114412-srg.jar%23794!/:?]
	at com.google.gson.internal.bind.TreeTypeAdapter.read(TreeTypeAdapter.java:76) ~[gson-2.10.jar%23100!/:?]
	at com.google.gson.Gson.fromJson(Gson.java:1214) ~[gson-2.10.jar%23100!/:?]
	at com.google.gson.Gson.fromJson(Gson.java:1319) ~[gson-2.10.jar%23100!/:?]
	at com.google.gson.Gson.fromJson(Gson.java:1261) ~[gson-2.10.jar%23100!/:?]
	at net.minecraftforge.common.ForgeHooks.loadLootTable(ForgeHooks.java:871) ~[forge-1.20.1-47.2.0-universal.jar%23799!/:?]
	at net.minecraftforge.common.ForgeHooks.lambda$getLootTableDeserializer$3(ForgeHooks.java:848) ~[forge-1.20.1-47.2.0-universal.jar%23799!/:?]
	at net.minecraft.world.level.storage.loot.LootDataType.deserialize(LootDataType.java:45) ~[client-1.20.1-20230612.114412-srg.jar%23794!/:?]
	at net.minecraft.world.level.storage.loot.LootDataManager.lambda$scheduleElementParse$4(LootDataManager.java:56) ~[client-1.20.1-20230612.114412-srg.jar%23794!/:?]
	at java.util.HashMap.forEach(HashMap.java:1421) ~[?:?]
	at net.minecraft.world.level.storage.loot.LootDataManager.m_278660_(LootDataManager.java:55) ~[client-1.20.1-20230612.114412-srg.jar%23794!/:?]
	at java.util.concurrent.CompletableFuture$AsyncRun.run(CompletableFuture.java:1804) ~[?:?]
	at java.util.concurrent.CompletableFuture$AsyncRun.exec(CompletableFuture.java:1796) ~[?:?]
	at java.util.concurrent.ForkJoinTask.doExec(ForkJoinTask.java:373) ~[?:?]
	at java.util.concurrent.ForkJoinPool$WorkQueue.topLevelExec(ForkJoinPool.java:1182) ~[?:?]
	at java.util.concurrent.ForkJoinPool.scan(ForkJoinPool.java:1655) ~[?:?]
	at java.util.concurrent.ForkJoinPool.runWorker(ForkJoinPool.java:1622) ~[?:?]
	at java.util.concurrent.ForkJoinWorkerThread.run(ForkJoinWorkerThread.java:165) ~[?:?]
[18Nov2024 19:16:26.285] [Worker-ResourceReload-16/ERROR] [net.minecraftforge.common.ForgeHooks/]: Couldn't parse element loot_tables:advgenerators:blocks/eu_output_mv
com.google.gson.JsonSyntaxException: Expected name to be an item, was unknown string 'advgenerators:eu_output_mv'
	at net.minecraft.util.GsonHelper.m_13866_(GsonHelper.java:145) ~[client-1.20.1-20230612.114412-srg.jar%23794!/:?]
	at java.util.Optional.orElseThrow(Optional.java:403) ~[?:?]
	at net.minecraft.util.GsonHelper.m_13874_(GsonHelper.java:145) ~[client-1.20.1-20230612.114412-srg.jar%23794!/:?]
	at net.minecraft.util.GsonHelper.m_13909_(GsonHelper.java:153) ~[client-1.20.1-20230612.114412-srg.jar%23794!/:?]
	at net.minecraft.world.level.storage.loot.entries.LootItem$Serializer.m_7267_(LootItem.java:55) ~[client-1.20.1-20230612.114412-srg.jar%23794!/:?]
	at net.minecraft.world.level.storage.loot.entries.LootItem$Serializer.m_7267_(LootItem.java:40) ~[client-1.20.1-20230612.114412-srg.jar%23794!/:?]
	at net.minecraft.world.level.storage.loot.entries.LootPoolSingletonContainer$Serializer.m_5921_(LootPoolSingletonContainer.java:151) ~[client-1.20.1-20230612.114412-srg.jar%23794!/:?]
	at net.minecraft.world.level.storage.loot.entries.LootPoolSingletonContainer$Serializer.m_5921_(LootPoolSingletonContainer.java:129) ~[client-1.20.1-20230612.114412-srg.jar%23794!/:?]
	at net.minecraft.world.level.storage.loot.entries.LootPoolEntryContainer$Serializer.m_7561_(LootPoolEntryContainer.java:86) ~[client-1.20.1-20230612.114412-srg.jar%23794!/:?]
	at net.minecraft.world.level.storage.loot.entries.LootPoolEntryContainer$Serializer.m_7561_(LootPoolEntryContainer.java:74) ~[client-1.20.1-20230612.114412-srg.jar%23794!/:?]
	at net.minecraft.world.level.storage.loot.GsonAdapterFactory$JsonAdapter.deserialize(GsonAdapterFactory.java:102) ~[client-1.20.1-20230612.114412-srg.jar%23794!/:?]
	at com.google.gson.internal.bind.TreeTypeAdapter.read(TreeTypeAdapter.java:76) ~[gson-2.10.jar%23100!/:?]
	at com.google.gson.internal.bind.TypeAdapterRuntimeTypeWrapper.read(TypeAdapterRuntimeTypeWrapper.java:40) ~[gson-2.10.jar%23100!/:?]
	at com.google.gson.internal.bind.ArrayTypeAdapter.read(ArrayTypeAdapter.java:72) ~[gson-2.10.jar%23100!/:?]
	at com.google.gson.Gson.fromJson(Gson.java:1214) ~[gson-2.10.jar%23100!/:?]
	at com.google.gson.Gson.fromJson(Gson.java:1319) ~[gson-2.10.jar%23100!/:?]
	at com.google.gson.Gson.fromJson(Gson.java:1290) ~[gson-2.10.jar%23100!/:?]
	at com.google.gson.internal.bind.TreeTypeAdapter$GsonContextImpl.deserialize(TreeTypeAdapter.java:179) ~[gson-2.10.jar%23100!/:?]
	at net.minecraft.util.GsonHelper.m_13808_(GsonHelper.java:463) ~[client-1.20.1-20230612.114412-srg.jar%23794!/:?]
	at net.minecraft.util.GsonHelper.m_13836_(GsonHelper.java:471) ~[client-1.20.1-20230612.114412-srg.jar%23794!/:?]
	at net.minecraft.world.level.storage.loot.LootPool$Serializer.deserialize(LootPool.java:192) ~[client-1.20.1-20230612.114412-srg.jar%23794!/:?]
	at net.minecraft.world.level.storage.loot.LootPool$Serializer.deserialize(LootPool.java:189) ~[client-1.20.1-20230612.114412-srg.jar%23794!/:?]
	at com.google.gson.internal.bind.TreeTypeAdapter.read(TreeTypeAdapter.java:76) ~[gson-2.10.jar%23100!/:?]
	at com.google.gson.internal.bind.TypeAdapterRuntimeTypeWrapper.read(TypeAdapterRuntimeTypeWrapper.java:40) ~[gson-2.10.jar%23100!/:?]
	at com.google.gson.internal.bind.ArrayTypeAdapter.read(ArrayTypeAdapter.java:72) ~[gson-2.10.jar%23100!/:?]
	at com.google.gson.Gson.fromJson(Gson.java:1214) ~[gson-2.10.jar%23100!/:?]
	at com.google.gson.Gson.fromJson(Gson.java:1319) ~[gson-2.10.jar%23100!/:?]
	at com.google.gson.Gson.fromJson(Gson.java:1290) ~[gson-2.10.jar%23100!/:?]
	at com.google.gson.internal.bind.TreeTypeAdapter$GsonContextImpl.deserialize(TreeTypeAdapter.java:179) ~[gson-2.10.jar%23100!/:?]
	at net.minecraft.util.GsonHelper.m_13808_(GsonHelper.java:463) ~[client-1.20.1-20230612.114412-srg.jar%23794!/:?]
	at net.minecraft.util.GsonHelper.m_13845_(GsonHelper.java:481) ~[client-1.20.1-20230612.114412-srg.jar%23794!/:?]
	at net.minecraft.world.level.storage.loot.LootTable$Serializer.deserialize(LootTable.java:294) ~[client-1.20.1-20230612.114412-srg.jar%23794!/:?]
	at net.minecraft.world.level.storage.loot.LootTable$Serializer.deserialize(LootTable.java:291) ~[client-1.20.1-20230612.114412-srg.jar%23794!/:?]
	at com.google.gson.internal.bind.TreeTypeAdapter.read(TreeTypeAdapter.java:76) ~[gson-2.10.jar%23100!/:?]
	at com.google.gson.Gson.fromJson(Gson.java:1214) ~[gson-2.10.jar%23100!/:?]
	at com.google.gson.Gson.fromJson(Gson.java:1319) ~[gson-2.10.jar%23100!/:?]
	at com.google.gson.Gson.fromJson(Gson.java:1261) ~[gson-2.10.jar%23100!/:?]
	at net.minecraftforge.common.ForgeHooks.loadLootTable(ForgeHooks.java:871) ~[forge-1.20.1-47.2.0-universal.jar%23799!/:?]
	at net.minecraftforge.common.ForgeHooks.lambda$getLootTableDeserializer$3(ForgeHooks.java:848) ~[forge-1.20.1-47.2.0-universal.jar%23799!/:?]
	at net.minecraft.world.level.storage.loot.LootDataType.deserialize(LootDataType.java:45) ~[client-1.20.1-20230612.114412-srg.jar%23794!/:?]
	at net.minecraft.world.level.storage.loot.LootDataManager.lambda$scheduleElementParse$4(LootDataManager.java:56) ~[client-1.20.1-20230612.114412-srg.jar%23794!/:?]
	at java.util.HashMap.forEach(HashMap.java:1421) ~[?:?]
	at net.minecraft.world.level.storage.loot.LootDataManager.m_278660_(LootDataManager.java:55) ~[client-1.20.1-20230612.114412-srg.jar%23794!/:?]
	at java.util.concurrent.CompletableFuture$AsyncRun.run(CompletableFuture.java:1804) ~[?:?]
	at java.util.concurrent.CompletableFuture$AsyncRun.exec(CompletableFuture.java:1796) ~[?:?]
	at java.util.concurrent.ForkJoinTask.doExec(ForkJoinTask.java:373) ~[?:?]
	at java.util.concurrent.ForkJoinPool$WorkQueue.topLevelExec(ForkJoinPool.java:1182) ~[?:?]
	at java.util.concurrent.ForkJoinPool.scan(ForkJoinPool.java:1655) ~[?:?]
	at java.util.concurrent.ForkJoinPool.runWorker(ForkJoinPool.java:1622) ~[?:?]
	at java.util.concurrent.ForkJoinWorkerThread.run(ForkJoinWorkerThread.java:165) ~[?:?]
[18Nov2024 19:16:26.286] [Worker-ResourceReload-16/ERROR] [net.minecraftforge.common.ForgeHooks/]: Couldn't parse element loot_tables:advgenerators:blocks/eu_output_lv
com.google.gson.JsonSyntaxException: Expected name to be an item, was unknown string 'advgenerators:eu_output_lv'
	at net.minecraft.util.GsonHelper.m_13866_(GsonHelper.java:145) ~[client-1.20.1-20230612.114412-srg.jar%23794!/:?]
	at java.util.Optional.orElseThrow(Optional.java:403) ~[?:?]
	at net.minecraft.util.GsonHelper.m_13874_(GsonHelper.java:145) ~[client-1.20.1-20230612.114412-srg.jar%23794!/:?]
	at net.minecraft.util.GsonHelper.m_13909_(GsonHelper.java:153) ~[client-1.20.1-20230612.114412-srg.jar%23794!/:?]
	at net.minecraft.world.level.storage.loot.entries.LootItem$Serializer.m_7267_(LootItem.java:55) ~[client-1.20.1-20230612.114412-srg.jar%23794!/:?]
	at net.minecraft.world.level.storage.loot.entries.LootItem$Serializer.m_7267_(LootItem.java:40) ~[client-1.20.1-20230612.114412-srg.jar%23794!/:?]
	at net.minecraft.world.level.storage.loot.entries.LootPoolSingletonContainer$Serializer.m_5921_(LootPoolSingletonContainer.java:151) ~[client-1.20.1-20230612.114412-srg.jar%23794!/:?]
	at net.minecraft.world.level.storage.loot.entries.LootPoolSingletonContainer$Serializer.m_5921_(LootPoolSingletonContainer.java:129) ~[client-1.20.1-20230612.114412-srg.jar%23794!/:?]
	at net.minecraft.world.level.storage.loot.entries.LootPoolEntryContainer$Serializer.m_7561_(LootPoolEntryContainer.java:86) ~[client-1.20.1-20230612.114412-srg.jar%23794!/:?]
	at net.minecraft.world.level.storage.loot.entries.LootPoolEntryContainer$Serializer.m_7561_(LootPoolEntryContainer.java:74) ~[client-1.20.1-20230612.114412-srg.jar%23794!/:?]
	at net.minecraft.world.level.storage.loot.GsonAdapterFactory$JsonAdapter.deserialize(GsonAdapterFactory.java:102) ~[client-1.20.1-20230612.114412-srg.jar%23794!/:?]
	at com.google.gson.internal.bind.TreeTypeAdapter.read(TreeTypeAdapter.java:76) ~[gson-2.10.jar%23100!/:?]
	at com.google.gson.internal.bind.TypeAdapterRuntimeTypeWrapper.read(TypeAdapterRuntimeTypeWrapper.java:40) ~[gson-2.10.jar%23100!/:?]
	at com.google.gson.internal.bind.ArrayTypeAdapter.read(ArrayTypeAdapter.java:72) ~[gson-2.10.jar%23100!/:?]
	at com.google.gson.Gson.fromJson(Gson.java:1214) ~[gson-2.10.jar%23100!/:?]
	at com.google.gson.Gson.fromJson(Gson.java:1319) ~[gson-2.10.jar%23100!/:?]
	at com.google.gson.Gson.fromJson(Gson.java:1290) ~[gson-2.10.jar%23100!/:?]
	at com.google.gson.internal.bind.TreeTypeAdapter$GsonContextImpl.deserialize(TreeTypeAdapter.java:179) ~[gson-2.10.jar%23100!/:?]
	at net.minecraft.util.GsonHelper.m_13808_(GsonHelper.java:463) ~[client-1.20.1-20230612.114412-srg.jar%23794!/:?]
	at net.minecraft.util.GsonHelper.m_13836_(GsonHelper.java:471) ~[client-1.20.1-20230612.114412-srg.jar%23794!/:?]
	at net.minecraft.world.level.storage.loot.LootPool$Serializer.deserialize(LootPool.java:192) ~[client-1.20.1-20230612.114412-srg.jar%23794!/:?]
	at net.minecraft.world.level.storage.loot.LootPool$Serializer.deserialize(LootPool.java:189) ~[client-1.20.1-20230612.114412-srg.jar%23794!/:?]
	at com.google.gson.internal.bind.TreeTypeAdapter.read(TreeTypeAdapter.java:76) ~[gson-2.10.jar%23100!/:?]
	at com.google.gson.internal.bind.TypeAdapterRuntimeTypeWrapper.read(TypeAdapterRuntimeTypeWrapper.java:40) ~[gson-2.10.jar%23100!/:?]
	at com.google.gson.internal.bind.ArrayTypeAdapter.read(ArrayTypeAdapter.java:72) ~[gson-2.10.jar%23100!/:?]
	at com.google.gson.Gson.fromJson(Gson.java:1214) ~[gson-2.10.jar%23100!/:?]
	at com.google.gson.Gson.fromJson(Gson.java:1319) ~[gson-2.10.jar%23100!/:?]
	at com.google.gson.Gson.fromJson(Gson.java:1290) ~[gson-2.10.jar%23100!/:?]
	at com.google.gson.internal.bind.TreeTypeAdapter$GsonContextImpl.deserialize(TreeTypeAdapter.java:179) ~[gson-2.10.jar%23100!/:?]
	at net.minecraft.util.GsonHelper.m_13808_(GsonHelper.java:463) ~[client-1.20.1-20230612.114412-srg.jar%23794!/:?]
	at net.minecraft.util.GsonHelper.m_13845_(GsonHelper.java:481) ~[client-1.20.1-20230612.114412-srg.jar%23794!/:?]
	at net.minecraft.world.level.storage.loot.LootTable$Serializer.deserialize(LootTable.java:294) ~[client-1.20.1-20230612.114412-srg.jar%23794!/:?]
	at net.minecraft.world.level.storage.loot.LootTable$Serializer.deserialize(LootTable.java:291) ~[client-1.20.1-20230612.114412-srg.jar%23794!/:?]
	at com.google.gson.internal.bind.TreeTypeAdapter.read(TreeTypeAdapter.java:76) ~[gson-2.10.jar%23100!/:?]
	at com.google.gson.Gson.fromJson(Gson.java:1214) ~[gson-2.10.jar%23100!/:?]
	at com.google.gson.Gson.fromJson(Gson.java:1319) ~[gson-2.10.jar%23100!/:?]
	at com.google.gson.Gson.fromJson(Gson.java:1261) ~[gson-2.10.jar%23100!/:?]
	at net.minecraftforge.common.ForgeHooks.loadLootTable(ForgeHooks.java:871) ~[forge-1.20.1-47.2.0-universal.jar%23799!/:?]
	at net.minecraftforge.common.ForgeHooks.lambda$getLootTableDeserializer$3(ForgeHooks.java:848) ~[forge-1.20.1-47.2.0-universal.jar%23799!/:?]
	at net.minecraft.world.level.storage.loot.LootDataType.deserialize(LootDataType.java:45) ~[client-1.20.1-20230612.114412-srg.jar%23794!/:?]
	at net.minecraft.world.level.storage.loot.LootDataManager.lambda$scheduleElementParse$4(LootDataManager.java:56) ~[client-1.20.1-20230612.114412-srg.jar%23794!/:?]
	at java.util.HashMap.forEach(HashMap.java:1421) ~[?:?]
	at net.minecraft.world.level.storage.loot.LootDataManager.m_278660_(LootDataManager.java:55) ~[client-1.20.1-20230612.114412-srg.jar%23794!/:?]
	at java.util.concurrent.CompletableFuture$AsyncRun.run(CompletableFuture.java:1804) ~[?:?]
	at java.util.concurrent.CompletableFuture$AsyncRun.exec(CompletableFuture.java:1796) ~[?:?]
	at java.util.concurrent.ForkJoinTask.doExec(ForkJoinTask.java:373) ~[?:?]
	at java.util.concurrent.ForkJoinPool$WorkQueue.topLevelExec(ForkJoinPool.java:1182) ~[?:?]
	at java.util.concurrent.ForkJoinPool.scan(ForkJoinPool.java:1655) ~[?:?]
	at java.util.concurrent.ForkJoinPool.runWorker(ForkJoinPool.java:1622) ~[?:?]
	at java.util.concurrent.ForkJoinWorkerThread.run(ForkJoinWorkerThread.java:165) ~[?:?]
[18Nov2024 19:16:26.302] [Render thread/WARN] [net.minecraft.world.level.storage.loot.LootDataManager/]: Datapack tried to redefine minecraft:empty loot table, ignoring
[18Nov2024 19:16:26.341] [Render thread/WARN] [net.minecraft.world.level.storage.loot.LootDataManager/]: Found loot table element validation problem in {loot_tables:minecraft:entities/villager}.pools[0].entries[0].functions[1]: Parameters [<parameter minecraft:tool>] are not provided in this context
[18Nov2024 19:16:26.344] [Render thread/INFO] [placebo/]: Registered 31 additional loot tables.
[18Nov2024 19:16:26.409] [Render thread/ERROR] [org.betterx.worlds.together.util.Logger/]: [bclib] ERROR building loot table: 'void net.minecraft.world.level.storage.loot.LootPool.<init>(net.minecraft.world.level.storage.loot.entries.LootPoolEntryContainer[], net.minecraft.world.level.storage.loot.predicates.LootItemCondition[], net.minecraft.world.level.storage.loot.functions.LootItemFunction[], net.minecraft.world.level.storage.loot.providers.number.NumberProvider, net.minecraft.world.level.storage.loot.providers.number.NumberProvider)'
[18Nov2024 19:16:26.409] [Render thread/ERROR] [org.betterx.worlds.together.util.Logger/]: [betternether] Unable to building bartering table
[18Nov2024 19:16:26.784] [Render thread/INFO] [thelm.jaopca.data.DataInjector/]: Injected 726 recipes, 36376 recipes total
[18Nov2024 19:16:26.803] [Render thread/INFO] [org.betterx.worlds.together.util.Logger/]: [bclib] Disabling Recipe: bclib:test_star
[18Nov2024 19:16:26.836] [Render thread/WARN] [AlmostUnified/]: Recipe count: 36866
[18Nov2024 19:16:29.707] [Render thread/WARN] [AlmostUnified/]: Recipe count afterwards: 36567 (done in 2.870 s)
[18Nov2024 19:16:29.709] [Render thread/INFO] [Cucumber Library/]: Registered 0 recipes in 0 ms
[18Nov2024 19:16:29.744] [Render thread/INFO] [net.minecraft.world.item.crafting.RecipeManager/]: Skipping loading recipe reliquary:squid_beak as it's serializer returned null
[18Nov2024 19:16:29.754] [Render thread/ERROR] [net.minecraft.world.item.crafting.RecipeManager/]: Parsing error loading recipe triqueapi:ametrine_chestplate_smithing_universal: com.google.gson.JsonSyntaxException: Unknown item 'mythicupgrades:ametrine_upgrade_smithing_template'
[18Nov2024 19:16:29.769] [Render thread/ERROR] [net.minecraft.world.item.crafting.RecipeManager/]: Parsing error loading recipe triqueapi:jade_boots_smithing_universal: com.google.gson.JsonSyntaxException: Unknown item 'mythicupgrades:jade_upgrade_smithing_template'
[18Nov2024 19:16:29.774] [Render thread/ERROR] [net.minecraft.world.item.crafting.RecipeManager/]: Parsing error loading recipe moderately_enough_effect_desc:pachys_might: com.google.gson.JsonSyntaxException: Unknown item 'unusualprehistory:pachy_spawn_egg'
[18Nov2024 19:16:29.783] [Render thread/ERROR] [net.minecraft.world.item.crafting.RecipeManager/]: Parsing error loading recipe moderately_enough_effect_desc:jawattack: com.google.gson.JsonSyntaxException: Unknown item 'born_in_chaos_v1:missioner_spawn_egg'
[18Nov2024 19:16:29.798] [Render thread/INFO] [net.minecraft.world.item.crafting.RecipeManager/]: Skipping loading recipe megacells:cells/standard/mana_storage_cell_256m_with_housing as it's serializer returned null
[18Nov2024 19:16:29.863] [Render thread/ERROR] [net.minecraft.world.item.crafting.RecipeManager/]: Parsing error loading recipe moderately_enough_effect_desc:wither_resistance: com.google.gson.JsonSyntaxException: Unknown item 'divine_weaponry:erebus_scythe'
[18Nov2024 19:16:29.866] [Render thread/INFO] [com.mna.ManaAndArtifice/]: Received new training data for mna:manaweave_patterns/triangle
[18Nov2024 19:16:29.895] [Render thread/ERROR] [net.minecraft.world.item.crafting.RecipeManager/]: Parsing error loading recipe forbidden_arcanus:aurum_chest_boat: com.google.gson.JsonParseException: An ingredient entry needs either a tag or an item
[18Nov2024 19:16:29.897] [Render thread/ERROR] [net.minecraft.world.item.crafting.RecipeManager/]: Parsing error loading recipe triqueapi:topaz_chestplate_smithing_universal: com.google.gson.JsonSyntaxException: Unknown item 'mythicupgrades:topaz_upgrade_smithing_template'
[18Nov2024 19:16:29.905] [Render thread/ERROR] [net.minecraft.world.item.crafting.RecipeManager/]: Parsing error loading recipe moderately_enough_effect_desc:instability: com.google.gson.JsonSyntaxException: Unknown item 'epicfight:iron_dagger'
[18Nov2024 19:16:29.908] [Render thread/ERROR] [net.minecraft.world.item.crafting.RecipeManager/]: Parsing error loading recipe moderately_enough_effect_desc:sanguinare: com.google.gson.JsonSyntaxException: Unknown item 'vampirism:injection_sanguinare'
[18Nov2024 19:16:29.912] [Render thread/ERROR] [net.minecraft.world.item.crafting.RecipeManager/]: Parsing error loading recipe forbidden_arcanus:aurum_fence_gate: com.google.gson.JsonParseException: An ingredient entry needs either a tag or an item
[18Nov2024 19:16:29.915] [Render thread/ERROR] [net.minecraft.world.item.crafting.RecipeManager/]: Parsing error loading recipe moderately_enough_effect_desc:dark_splash: com.google.gson.JsonSyntaxException: Unknown item 'born_in_chaos_v1:lifestealer_spawn_egg'
[18Nov2024 19:16:29.925] [Render thread/ERROR] [net.minecraft.world.item.crafting.RecipeManager/]: Parsing error loading recipe triqueapi:jade_leggings_smithing_universal: com.google.gson.JsonSyntaxException: Unknown item 'mythicupgrades:jade_upgrade_smithing_template'
[18Nov2024 19:16:29.940] [Render thread/ERROR] [net.minecraft.world.item.crafting.RecipeManager/]: Parsing error loading recipe moderately_enough_effect_desc:chikage: com.google.gson.JsonSyntaxException: Unknown item 'bloodandmadness:weapons/chikage'
[18Nov2024 19:16:29.947] [Render thread/INFO] [net.minecraft.world.item.crafting.RecipeManager/]: Skipping loading recipe megacells:cells/standard/chemical_storage_cell_64m_with_housing as it's serializer returned null
[18Nov2024 19:16:29.953] [Render thread/INFO] [pneumaticcraft/]: ignoring heat properties for block byg:cryptic_campfire: mod not loaded
[18Nov2024 19:16:29.953] [Render thread/INFO] [net.minecraft.world.item.crafting.RecipeManager/]: Skipping loading recipe pneumaticcraft:block_heat_properties/byg/cryptic_campfire as it's serializer returned null
[18Nov2024 19:16:29.956] [Render thread/ERROR] [net.minecraft.world.item.crafting.RecipeManager/]: Parsing error loading recipe moderately_enough_effect_desc:deadly_venom: com.google.gson.JsonSyntaxException: Unknown item 'blue_skies:poison_key'
[18Nov2024 19:16:29.971] [Render thread/ERROR] [net.minecraft.world.item.crafting.RecipeManager/]: Parsing error loading recipe moderately_enough_effect_desc:frigid: com.google.gson.JsonSyntaxException: Unknown item 'enlightened_end:frost_fruit'
[18Nov2024 19:16:29.972] [Render thread/ERROR] [net.minecraft.world.item.crafting.RecipeManager/]: Parsing error loading recipe triqueapi:ametrine_boots_smithing_universal: com.google.gson.JsonSyntaxException: Unknown item 'mythicupgrades:ametrine_upgrade_smithing_template'
[18Nov2024 19:16:29.982] [Render thread/INFO] [net.minecraft.world.item.crafting.RecipeManager/]: Skipping loading recipe industrialforegoing:laser_drill_ore/raw_materials/aluminum as it's serializer returned null
[18Nov2024 19:16:29.983] [Render thread/ERROR] [net.minecraft.world.item.crafting.RecipeManager/]: Parsing error loading recipe moderately_enough_effect_desc:frost_resistance: com.google.gson.JsonSyntaxException: Unknown item 'tombstone:scroll_of_frost_resistance'
[18Nov2024 19:16:29.986] [Render thread/ERROR] [net.minecraft.world.item.crafting.RecipeManager/]: Parsing error loading recipe moderately_enough_effect_desc:gaze_of_terror: com.google.gson.JsonSyntaxException: Unknown item 'born_in_chaos_v1:nightmare_stalker_spawn_egg'
[18Nov2024 19:16:29.986] [Render thread/ERROR] [net.minecraft.world.item.crafting.RecipeManager/]: Parsing error loading recipe triqueapi:topaz_axe_smithing_universal: com.google.gson.JsonSyntaxException: Unknown item 'mythicupgrades:topaz_upgrade_smithing_template'
[18Nov2024 19:16:29.991] [Render thread/ERROR] [net.minecraft.world.item.crafting.RecipeManager/]: Parsing error loading recipe forbidden_arcanus:fungyss_fence_gate: com.google.gson.JsonParseException: An ingredient entry needs either a tag or an item
[18Nov2024 19:16:29.992] [Render thread/INFO] [com.mna.ManaAndArtifice/]: Received new training data for mna:manaweave_patterns/circle
[18Nov2024 19:16:30.003] [Render thread/INFO] [net.minecraft.world.item.crafting.RecipeManager/]: Skipping loading recipe reliquary:zombie_heart as it's serializer returned null
[18Nov2024 19:16:30.003] [Render thread/ERROR] [net.minecraft.world.item.crafting.RecipeManager/]: Parsing error loading recipe triqueapi:topaz_helmet_smithing_universal: com.google.gson.JsonSyntaxException: Unknown item 'mythicupgrades:topaz_upgrade_smithing_template'
[18Nov2024 19:16:30.004] [Render thread/INFO] [net.minecraft.world.item.crafting.RecipeManager/]: Skipping loading recipe megacells:crafting/radioactive_cell_component as it's serializer returned null
[18Nov2024 19:16:30.005] [Render thread/ERROR] [net.minecraft.world.item.crafting.RecipeManager/]: Parsing error loading recipe moderately_enough_effect_desc:infernal_flame: com.google.gson.JsonSyntaxException: Unknown item 'born_in_chaos_v1:lord_pumpkinhead_spawn_egg'
[18Nov2024 19:16:30.008] [Render thread/INFO] [net.minecraft.world.item.crafting.RecipeManager/]: Skipping loading recipe pneumaticcraft:drone_interface as it's serializer returned null
[18Nov2024 19:16:30.010] [Render thread/ERROR] [net.minecraft.world.item.crafting.RecipeManager/]: Parsing error loading recipe moderately_enough_effect_desc:unstable_intangibility: com.google.gson.JsonSyntaxException: Unknown item 'tombstone:scroll_of_unstable_intangibility'
[18Nov2024 19:16:30.017] [Render thread/INFO] [net.minecraft.world.item.crafting.RecipeManager/]: Skipping loading recipe arseng:mega_source_cell_housing as it's serializer returned null
[18Nov2024 19:16:30.018] [Render thread/WARN] [com.simibubi.create.Create/]: Your custom create:crushing recipe (malum:create/crushing/crush_rare_earths) has more item outputs (8) than supported (7).
[18Nov2024 19:16:30.018] [Render thread/ERROR] [net.minecraft.world.item.crafting.RecipeManager/]: Parsing error loading recipe moderately_enough_effect_desc:stimulatingsurge: com.google.gson.JsonSyntaxException: Unknown item 'born_in_chaos_v1:zombie_clown_spawn_egg'
[18Nov2024 19:16:30.033] [Render thread/ERROR] [net.minecraft.world.item.crafting.RecipeManager/]: Parsing error loading recipe moderately_enough_effect_desc:paralyzing_sting: com.google.gson.JsonSyntaxException: Unknown item 'mobs_of_sins:tarantula_hawk_muscles'
[18Nov2024 19:16:30.034] [Render thread/ERROR] [net.minecraft.world.item.crafting.RecipeManager/]: Parsing error loading recipe moderately_enough_effect_desc:vampiric_touch: com.google.gson.JsonSyntaxException: Unknown item 'born_in_chaos_v1:elixir_of_vampirism'
[18Nov2024 19:16:30.052] [Render thread/ERROR] [net.minecraft.world.item.crafting.RecipeManager/]: Parsing error loading recipe triqueapi:jade_chestplate_smithing_universal: com.google.gson.JsonSyntaxException: Unknown item 'mythicupgrades:jade_upgrade_smithing_template'
[18Nov2024 19:16:30.052] [Render thread/INFO] [net.minecraft.world.item.crafting.RecipeManager/]: Skipping loading recipe mob_grinding_utils:beheading/piglin_brute as it's serializer returned null
[18Nov2024 19:16:30.053] [Render thread/ERROR] [net.minecraft.world.item.crafting.RecipeManager/]: Parsing error loading recipe tetranomicon:netherite_opal: com.google.gson.JsonSyntaxException: Unknown item 'oresabovediamonds:black_opal'
[18Nov2024 19:16:30.054] [Render thread/INFO] [net.minecraft.world.item.crafting.RecipeManager/]: Skipping loading recipe megacells:cells/portable/portable_mana_cell_64m as it's serializer returned null
[18Nov2024 19:16:30.055] [Render thread/ERROR] [net.minecraft.world.item.crafting.RecipeManager/]: Parsing error loading recipe moderately_enough_effect_desc:blazing_strength: com.google.gson.JsonSyntaxException: Unknown item 'enigmaticlegacy:infernal_shield'
[18Nov2024 19:16:30.067] [Render thread/ERROR] [net.minecraft.world.item.crafting.RecipeManager/]: Parsing error loading recipe triqueapi:jade_axe_smithing_universal: com.google.gson.JsonSyntaxException: Unknown item 'mythicupgrades:jade_upgrade_smithing_template'
[18Nov2024 19:16:30.069] [Render thread/INFO] [net.minecraft.world.item.crafting.RecipeManager/]: Skipping loading recipe bloodmagic:meteor/immersive_engineering as it's serializer returned null
[18Nov2024 19:16:30.073] [Render thread/ERROR] [net.minecraft.world.item.crafting.RecipeManager/]: Parsing error loading recipe moderately_enough_effect_desc:bouncy: com.google.gson.JsonSyntaxException: Unknown item 'enlightened_end:squished_bouncer'
[18Nov2024 19:16:30.074] [Render thread/INFO] [net.minecraft.world.item.crafting.RecipeManager/]: Skipping loading recipe megacells:cells/portable/portable_source_cell_16m as it's serializer returned null
[18Nov2024 19:16:30.109] [Render thread/ERROR] [net.minecraft.world.item.crafting.RecipeManager/]: Parsing error loading recipe moderately_enough_effect_desc:prevent_click: com.google.gson.JsonSyntaxException: Unknown item 'unusualprehistory:ulugh_spawn_egg'
[18Nov2024 19:16:30.119] [Render thread/ERROR] [net.minecraft.world.item.crafting.RecipeManager/]: Parsing error loading recipe moderately_enough_effect_desc:preservation: com.google.gson.JsonSyntaxException: Unknown item 'tombstone:scroll_of_preservation'
[18Nov2024 19:16:30.127] [Render thread/ERROR] [net.minecraft.world.item.crafting.RecipeManager/]: Parsing error loading recipe moderately_enough_effect_desc:lupus_sanguinem: com.google.gson.JsonSyntaxException: Unknown item 'werewolves:werewolf_tooth'
[18Nov2024 19:16:30.128] [Render thread/ERROR] [net.minecraft.world.item.crafting.RecipeManager/]: Parsing error loading recipe moderately_enough_effect_desc:paralyzie: com.google.gson.JsonSyntaxException: Unknown item 'netheroverhaul:bruger_spawn_egg'
[18Nov2024 19:16:30.139] [Render thread/ERROR] [net.minecraft.world.item.crafting.RecipeManager/]: Parsing error loading recipe moderately_enough_effect_desc:light_rampage: com.google.gson.JsonSyntaxException: Unknown item 'born_in_chaos_v1:potion_of_rampage'
[18Nov2024 19:16:30.159] [Render thread/ERROR] [net.minecraft.world.item.crafting.RecipeManager/]: Parsing error loading recipe moderately_enough_effect_desc:mercy: com.google.gson.JsonSyntaxException: Unknown item 'tombstone:scroll_of_mercy'
[18Nov2024 19:16:30.161] [Render thread/INFO] [net.minecraft.world.item.crafting.RecipeManager/]: Skipping loading recipe enderio:rs_cable as it's serializer returned null
[18Nov2024 19:16:30.161] [Render thread/ERROR] [net.minecraft.world.item.crafting.RecipeManager/]: Parsing error loading recipe forbidden_arcanus:edelwood_fence_gate: com.google.gson.JsonParseException: An ingredient entry needs either a tag or an item
[18Nov2024 19:16:30.161] [Render thread/INFO] [net.minecraft.world.item.crafting.RecipeManager/]: Skipping loading recipe mob_grinding_utils:beheading/husk as it's serializer returned null
[18Nov2024 19:16:30.167] [Render thread/ERROR] [net.minecraft.world.item.crafting.RecipeManager/]: Parsing error loading recipe moderately_enough_effect_desc:un_werewolf: com.google.gson.JsonSyntaxException: Unknown item 'werewolves:injection_un_werewolf'
[18Nov2024 19:16:30.173] [Render thread/INFO] [com.mna.ManaAndArtifice/]: Received new training data for mna:manaweave_patterns/star
[18Nov2024 19:16:30.173] [Render thread/ERROR] [net.minecraft.world.item.crafting.RecipeManager/]: Parsing error loading recipe triqueapi:aquamarine_sword_smithing_universal: com.google.gson.JsonSyntaxException: Unknown item 'mythicupgrades:aquamarine_upgrade_smithing_template'
[18Nov2024 19:16:30.173] [Render thread/ERROR] [net.minecraft.world.item.crafting.RecipeManager/]: Parsing error loading recipe triqueapi:sapphire_boots_smithing_universal: com.google.gson.JsonSyntaxException: Unknown item 'mythicupgrades:sapphire_upgrade_smithing_template'
[18Nov2024 19:16:30.173] [Render thread/ERROR] [net.minecraft.world.item.crafting.RecipeManager/]: Parsing error loading recipe triqueapi:warden_boots_smithing_universal: com.google.gson.JsonSyntaxException: Unknown item 'wardentools:echo_ingot'
[18Nov2024 19:16:30.192] [Render thread/INFO] [net.minecraft.world.item.crafting.RecipeManager/]: Skipping loading recipe megacells:cells/portable/portable_source_cell_64m as it's serializer returned null
[18Nov2024 19:16:30.196] [Render thread/INFO] [net.minecraft.world.item.crafting.RecipeManager/]: Skipping loading recipe reliquary:guardian_spike as it's serializer returned null
[18Nov2024 19:16:30.217] [Render thread/ERROR] [net.minecraft.world.item.crafting.RecipeManager/]: Parsing error loading recipe triqueapi:topaz_sword_smithing_universal: com.google.gson.JsonSyntaxException: Unknown item 'mythicupgrades:topaz_upgrade_smithing_template'
[18Nov2024 19:16:30.228] [Render thread/ERROR] [net.minecraft.world.item.crafting.RecipeManager/]: Parsing error loading recipe moderately_enough_effect_desc:bleeding: com.google.gson.JsonSyntaxException: Unknown item 'relics:rage_glove'
[18Nov2024 19:16:30.231] [Render thread/INFO] [pneumaticcraft/]: ignoring heat properties for block byg:magmatic_stone: mod not loaded
[18Nov2024 19:16:30.231] [Render thread/INFO] [net.minecraft.world.item.crafting.RecipeManager/]: Skipping loading recipe pneumaticcraft:block_heat_properties/byg/magmatic_stone as it's serializer returned null
[18Nov2024 19:16:30.231] [Render thread/ERROR] [net.minecraft.world.item.crafting.RecipeManager/]: Parsing error loading recipe triqueapi:topaz_shovel_smithing_universal: com.google.gson.JsonSyntaxException: Unknown item 'mythicupgrades:topaz_upgrade_smithing_template'
[18Nov2024 19:16:30.232] [Render thread/ERROR] [net.minecraft.world.item.crafting.RecipeManager/]: Parsing error loading recipe moderately_enough_effect_desc:magic_depletion: com.google.gson.JsonSyntaxException: Unknown item 'born_in_chaos_v1:nightmare_stalker_spawn_egg'
[18Nov2024 19:16:30.245] [Render thread/ERROR] [net.minecraft.world.item.crafting.RecipeManager/]: Parsing error loading recipe moderately_enough_effect_desc:soul_stratification: com.google.gson.JsonSyntaxException: Unknown item 'born_in_chaos_v1:sir_pumpkinhead_spawn_egg'
[18Nov2024 19:16:30.246] [Render thread/ERROR] [net.minecraft.world.item.crafting.RecipeManager/]: Parsing error loading recipe irons_spellbooks:curios/concentration_amulet: com.google.gson.JsonSyntaxException: Unknown item 'irons_spellbooks:mithril_ingot'
[18Nov2024 19:16:30.263] [Render thread/ERROR] [net.minecraft.world.item.crafting.RecipeManager/]: Parsing error loading recipe moderately_enough_effect_desc:symbiosis: com.google.gson.JsonSyntaxException: Unknown item 'spore:inf_helmet'
[18Nov2024 19:16:30.282] [Render thread/ERROR] [net.minecraft.world.item.crafting.RecipeManager/]: Parsing error loading recipe triqueapi:topaz_hoe_smithing_universal: com.google.gson.JsonSyntaxException: Unknown item 'mythicupgrades:topaz_upgrade_smithing_template'
[18Nov2024 19:16:30.294] [Render thread/INFO] [net.minecraft.world.item.crafting.RecipeManager/]: Skipping loading recipe mob_grinding_utils:beheading/drowned as it's serializer returned null
[18Nov2024 19:16:30.296] [Render thread/ERROR] [net.minecraft.world.item.crafting.RecipeManager/]: Parsing error loading recipe moderately_enough_effect_desc:poison_resistance: com.google.gson.JsonSyntaxException: Unknown item 'divine_weaponry:cernunnos_sickle'
[18Nov2024 19:16:30.302] [Render thread/ERROR] [net.minecraft.world.item.crafting.RecipeManager/]: Parsing error loading recipe moderately_enough_effect_desc:possesed: com.google.gson.JsonSyntaxException: Unknown item 'biomemakeover:poltergeist'
[18Nov2024 19:16:30.307] [Render thread/ERROR] [net.minecraft.world.item.crafting.RecipeManager/]: Parsing error loading recipe moderately_enough_effect_desc:rotten_smell: com.google.gson.JsonSyntaxException: Unknown item 'born_in_chaos_v1:decaying_zombie_spawn_egg'
[18Nov2024 19:16:30.307] [Render thread/INFO] [net.minecraft.world.item.crafting.RecipeManager/]: Skipping loading recipe megacells:cells/standard/source_storage_cell_16m as it's serializer returned null
[18Nov2024 19:16:30.308] [Render thread/INFO] [com.mna.ManaAndArtifice/]: Received new training data for mna:manaweave_patterns/knot4
[18Nov2024 19:16:30.308] [Render thread/INFO] [com.mna.ManaAndArtifice/]: Received new training data for mna:manaweave_patterns/knot2
[18Nov2024 19:16:30.308] [Render thread/INFO] [com.mna.ManaAndArtifice/]: Received new training data for mna:manaweave_patterns/knot3
[18Nov2024 19:16:30.309] [Render thread/ERROR] [net.minecraft.world.item.crafting.RecipeManager/]: Parsing error loading recipe malum:farmersdelight/holy_caramel: com.google.gson.JsonSyntaxException: Unknown item 'malum:holy_syrup'
[18Nov2024 19:16:30.316] [Render thread/ERROR] [net.minecraft.world.item.crafting.RecipeManager/]: Parsing error loading recipe moderately_enough_effect_desc:detonation: com.google.gson.JsonSyntaxException: Unknown item 'born_in_chaos_v1:damned_demomans_hat_helmet'
[18Nov2024 19:16:30.332] [Render thread/ERROR] [net.minecraft.world.item.crafting.RecipeManager/]: Parsing error loading recipe moderately_enough_effect_desc:vanishing: com.google.gson.JsonSyntaxException: Unknown item 'relics:midnight_robe'
[18Nov2024 19:16:30.332] [Render thread/ERROR] [net.minecraft.world.item.crafting.RecipeManager/]: Parsing error loading recipe triqueapi:sapphire_chestplate_smithing_universal: com.google.gson.JsonSyntaxException: Unknown item 'mythicupgrades:sapphire_upgrade_smithing_template'
[18Nov2024 19:16:30.333] [Render thread/ERROR] [net.minecraft.world.item.crafting.RecipeManager/]: Parsing error loading recipe triqueapi:warden_shovel_smithing_universal: com.google.gson.JsonSyntaxException: Unknown item 'wardentools:echo_ingot'
[18Nov2024 19:16:30.333] [Render thread/ERROR] [net.minecraft.world.item.crafting.RecipeManager/]: Parsing error loading recipe triqueapi:ruby_sword_smithing_universal: com.google.gson.JsonSyntaxException: Unknown item 'mythicupgrades:ruby_upgrade_smithing_template'
[18Nov2024 19:16:30.351] [Render thread/INFO] [com.mna.ManaAndArtifice/]: Received new training data for mna:manaweave_patterns/diamond
[18Nov2024 19:16:30.357] [Render thread/INFO] [pneumaticcraft/]: ignoring heat properties for block byg:boric_campfire: mod not loaded
[18Nov2024 19:16:30.357] [Render thread/INFO] [net.minecraft.world.item.crafting.RecipeManager/]: Skipping loading recipe pneumaticcraft:block_heat_properties/byg/boric_campfire as it's serializer returned null
[18Nov2024 19:16:30.367] [Render thread/ERROR] [net.minecraft.world.item.crafting.RecipeManager/]: Parsing error loading recipe moderately_enough_effect_desc:rampant_rampage: com.google.gson.JsonSyntaxException: Unknown item 'born_in_chaos_v1:potion_of_rampage'
[18Nov2024 19:16:30.368] [Render thread/INFO] [net.minecraft.world.item.crafting.RecipeManager/]: Skipping loading recipe bloodmagic:meteor/ae2 as it's serializer returned null
[18Nov2024 19:16:30.377] [Render thread/ERROR] [net.minecraft.world.item.crafting.RecipeManager/]: Parsing error loading recipe moderately_enough_effect_desc:aquatic_life: com.google.gson.JsonSyntaxException: Unknown item 'tombstone:scroll_of_aquatic_life'
[18Nov2024 19:16:30.378] [Render thread/ERROR] [net.minecraft.world.item.crafting.RecipeManager/]: Parsing error loading recipe triqueapi:sapphire_sword_smithing_universal: com.google.gson.JsonSyntaxException: Unknown item 'mythicupgrades:sapphire_upgrade_smithing_template'
[18Nov2024 19:16:30.396] [Render thread/ERROR] [net.minecraft.world.item.crafting.RecipeManager/]: Parsing error loading recipe moderately_enough_effect_desc:lifesteal: com.google.gson.JsonSyntaxException: Unknown item 'born_in_chaos_v1:lifestealer_spawn_egg'
[18Nov2024 19:16:30.402] [Render thread/ERROR] [net.minecraft.world.item.crafting.RecipeManager/]: Parsing error loading recipe moderately_enough_effect_desc:bane_of_dead: com.google.gson.JsonSyntaxException: Unknown item 'mobs_of_sins:nuisances_muscle'
[18Nov2024 19:16:30.403] [Render thread/ERROR] [net.minecraft.world.item.crafting.RecipeManager/]: Parsing error loading recipe moderately_enough_effect_desc:sculk_infected: com.google.gson.JsonSyntaxException: Unknown item 'sculkhorde:sculk_mite_spawn_egg'
[18Nov2024 19:16:30.412] [Render thread/ERROR] [net.minecraft.world.item.crafting.RecipeManager/]: Parsing error loading recipe malum:farmersdelight/unholy_caramel: com.google.gson.JsonSyntaxException: Unknown item 'malum:unholy_syrup'
[18Nov2024 19:16:30.422] [Render thread/ERROR] [net.minecraft.world.item.crafting.RecipeManager/]: Parsing error loading recipe moderately_enough_effect_desc:corrosion: com.google.gson.JsonSyntaxException: Unknown item 'spore:rapier'
[18Nov2024 19:16:30.429] [Render thread/INFO] [net.minecraft.world.item.crafting.RecipeManager/]: Skipping loading recipe industrialforegoing:laser_drill_ore/ores/bitumen as it's serializer returned null
[18Nov2024 19:16:30.430] [Render thread/ERROR] [net.minecraft.world.item.crafting.RecipeManager/]: Parsing error loading recipe triqueapi:aquamarine_axe_smithing_universal: com.google.gson.JsonSyntaxException: Unknown item 'mythicupgrades:aquamarine_upgrade_smithing_template'
[18Nov2024 19:16:30.437] [Render thread/ERROR] [net.minecraft.world.item.crafting.RecipeManager/]: Parsing error loading recipe moderately_enough_effect_desc:lingering_pheromones: com.google.gson.JsonSyntaxException: Unknown item 'mobs_of_sins:cockroach_heart'
[18Nov2024 19:16:30.445] [Render thread/ERROR] [net.minecraft.world.item.crafting.RecipeManager/]: Parsing error loading recipe triqueapi:warden_sword_smithing_universal: com.google.gson.JsonSyntaxException: Unknown item 'wardentools:echo_ingot'
[18Nov2024 19:16:30.447] [Render thread/INFO] [net.minecraft.world.item.crafting.RecipeManager/]: Skipping loading recipe megacells:cells/portable/portable_source_cell_256m as it's serializer returned null
[18Nov2024 19:16:30.447] [Render thread/ERROR] [net.minecraft.world.item.crafting.RecipeManager/]: Parsing error loading recipe triqueapi:sapphire_axe_smithing_universal: com.google.gson.JsonSyntaxException: Unknown item 'mythicupgrades:sapphire_upgrade_smithing_template'
[18Nov2024 19:16:30.447] [Render thread/ERROR] [net.minecraft.world.item.crafting.RecipeManager/]: Parsing error loading recipe forbidden_arcanus:corrupted_pixie: com.google.gson.JsonSyntaxException: Unknown item 'forbidden_arcanus:dark_soul'
[18Nov2024 19:16:30.448] [Render thread/ERROR] [net.minecraft.world.item.crafting.RecipeManager/]: Parsing error loading recipe moderately_enough_effect_desc:sculk_lure: com.google.gson.JsonSyntaxException: Unknown item 'sculkhorde:sculk_spore_spewer_spawn_egg'
[18Nov2024 19:16:30.451] [Render thread/ERROR] [net.minecraft.world.item.crafting.RecipeManager/]: Parsing error loading recipe moderately_enough_effect_desc:reach: com.google.gson.JsonSyntaxException: Unknown item 'tombstone:scroll_of_reach'
[18Nov2024 19:16:30.459] [Render thread/ERROR] [net.minecraft.world.item.crafting.RecipeManager/]: Parsing error loading recipe forbidden_arcanus:edelwood_chest_boat: com.google.gson.JsonParseException: An ingredient entry needs either a tag or an item
[18Nov2024 19:16:30.459] [Render thread/INFO] [net.minecraft.world.item.crafting.RecipeManager/]: Skipping loading recipe industrialforegoing:laser_drill_ore/ores/draconium as it's serializer returned null
[18Nov2024 19:16:30.459] [Render thread/ERROR] [net.minecraft.world.item.crafting.RecipeManager/]: Parsing error loading recipe triqueapi:topaz_boots_smithing_universal: com.google.gson.JsonSyntaxException: Unknown item 'mythicupgrades:topaz_upgrade_smithing_template'
[18Nov2024 19:16:30.460] [Render thread/INFO] [net.minecraft.world.item.crafting.RecipeManager/]: Skipping loading recipe megacells:cells/mega_mana_cell_housing as it's serializer returned null
[18Nov2024 19:16:30.460] [Render thread/INFO] [net.minecraft.world.item.crafting.RecipeManager/]: Skipping loading recipe megacells:cells/standard/source_storage_cell_4m as it's serializer returned null
[18Nov2024 19:16:30.467] [Render thread/INFO] [net.minecraft.world.item.crafting.RecipeManager/]: Skipping loading recipe megacells:cells/standard/source_storage_cell_1m as it's serializer returned null
[18Nov2024 19:16:30.473] [Render thread/INFO] [net.minecraft.world.item.crafting.RecipeManager/]: Skipping loading recipe industrialforegoing:laser_drill_ore/raw_materials/bauxite as it's serializer returned null
[18Nov2024 19:16:30.480] [Render thread/ERROR] [net.minecraft.world.item.crafting.RecipeManager/]: Parsing error loading recipe moderately_enough_effect_desc:enderstride: com.google.gson.JsonSyntaxException: Unknown item 'enlightened_end:ooze_bottle'
[18Nov2024 19:16:30.480] [Render thread/INFO] [net.minecraft.world.item.crafting.RecipeManager/]: Skipping loading recipe industrialforegoing:laser_drill_ore/raw_materials/sheldonite as it's serializer returned null
[18Nov2024 19:16:30.498] [Render thread/ERROR] [net.minecraft.world.item.crafting.RecipeManager/]: Parsing error loading recipe moderately_enough_effect_desc:purification: com.google.gson.JsonSyntaxException: Unknown item 'tombstone:scroll_of_purification'
[18Nov2024 19:16:30.499] [Render thread/ERROR] [net.minecraft.world.item.crafting.RecipeManager/]: Parsing error loading recipe witheringboon:wardenhunter: com.google.gson.JsonSyntaxException: Invalid or unsupported recipe type 'minecraft:smithing'
[18Nov2024 19:16:30.503] [Render thread/INFO] [com.mna.ManaAndArtifice/]: Received new training data for mna:manaweave_patterns/infinity
[18Nov2024 19:16:30.503] [Render thread/ERROR] [net.minecraft.world.item.crafting.RecipeManager/]: Parsing error loading recipe triqueapi:sapphire_helmet_smithing_universal: com.google.gson.JsonSyntaxException: Unknown item 'mythicupgrades:sapphire_upgrade_smithing_template'
[18Nov2024 19:16:30.504] [Render thread/INFO] [net.minecraft.world.item.crafting.RecipeManager/]: Skipping loading recipe megacells:cells/standard/source_storage_cell_64m as it's serializer returned null
[18Nov2024 19:16:30.512] [Render thread/ERROR] [net.minecraft.world.item.crafting.RecipeManager/]: Parsing error loading recipe moderately_enough_effect_desc:emergency_peel: com.google.gson.JsonSyntaxException: Unknown item 'mobs_of_sins:capucin_monkey_heart'
[18Nov2024 19:16:30.513] [Render thread/ERROR] [net.minecraft.world.item.crafting.RecipeManager/]: Parsing error loading recipe moderately_enough_effect_desc:prayer: com.google.gson.JsonSyntaxException: Unknown item 'tombstone:ankh_of_pray'
[18Nov2024 19:16:30.519] [Render thread/INFO] [net.minecraft.world.item.crafting.RecipeManager/]: Skipping loading recipe industrialforegoing:laser_drill_ore/raw_materials/cobalt as it's serializer returned null
[18Nov2024 19:16:30.519] [Render thread/ERROR] [net.minecraft.world.item.crafting.RecipeManager/]: Parsing error loading recipe moderately_enough_effect_desc:inebriation: com.google.gson.JsonSyntaxException: Unknown item 'aether:skyroot_remedy_bucket'
[18Nov2024 19:16:30.532] [Render thread/ERROR] [net.minecraft.world.item.crafting.RecipeManager/]: Parsing error loading recipe moderately_enough_effect_desc:lightning_resistance: com.google.gson.JsonSyntaxException: Unknown item 'tombstone:scroll_of_lightning_resistance'
[18Nov2024 19:16:30.533] [Render thread/INFO] [net.minecraft.world.item.crafting.RecipeManager/]: Skipping loading recipe industrialforegoing:laser_drill_ore/ores/yellorite as it's serializer returned null
[18Nov2024 19:16:30.538] [Render thread/ERROR] [net.minecraft.world.item.crafting.RecipeManager/]: Parsing error loading recipe triqueapi:sapphire_leggings_smithing_universal: com.google.gson.JsonSyntaxException: Unknown item 'mythicupgrades:sapphire_upgrade_smithing_template'
[18Nov2024 19:16:30.553] [Render thread/ERROR] [net.minecraft.world.item.crafting.RecipeManager/]: Parsing error loading recipe moderately_enough_effect_desc:undead_summonun: com.google.gson.JsonSyntaxException: Unknown item 'born_in_chaos_v1:missioner_spawn_egg'
[18Nov2024 19:16:30.555] [Render thread/ERROR] [net.minecraft.world.item.crafting.RecipeManager/]: Parsing error loading recipe moderately_enough_effect_desc:valkyrie_valor: com.google.gson.JsonSyntaxException: Unknown item 'deep_aether:medal_of_honor'
[18Nov2024 19:16:30.561] [Render thread/INFO] [net.minecraft.world.item.crafting.RecipeManager/]: Skipping loading recipe megacells:cells/portable/portable_mana_cell_256m as it's serializer returned null
[18Nov2024 19:16:30.571] [Render thread/INFO] [net.minecraft.world.item.crafting.RecipeManager/]: Skipping loading recipe megacells:cells/standard/mana_storage_cell_1m_with_housing as it's serializer returned null
[18Nov2024 19:16:30.578] [Render thread/INFO] [net.minecraft.world.item.crafting.RecipeManager/]: Skipping loading recipe mob_grinding_utils:beheading/piglin as it's serializer returned null
[18Nov2024 19:16:30.583] [Render thread/INFO] [net.minecraft.world.item.crafting.RecipeManager/]: Skipping loading recipe megacells:cells/standard/chemical_storage_cell_64m as it's serializer returned null
[18Nov2024 19:16:30.589] [Render thread/INFO] [net.minecraft.world.item.crafting.RecipeManager/]: Skipping loading recipe reliquary:rib_bone as it's serializer returned null
[18Nov2024 19:16:30.589] [Render thread/INFO] [net.minecraft.world.item.crafting.RecipeManager/]: Skipping loading recipe megacells:cells/standard/chemical_storage_cell_1m as it's serializer returned null
[18Nov2024 19:16:30.591] [Render thread/INFO] [net.minecraft.world.item.crafting.RecipeManager/]: Skipping loading recipe mob_grinding_utils:beheading/zombified_piglin_brute as it's serializer returned null
[18Nov2024 19:16:30.598] [Render thread/ERROR] [net.minecraft.world.item.crafting.RecipeManager/]: Parsing error loading recipe moderately_enough_effect_desc:fatal_flicker: com.google.gson.JsonSyntaxException: Unknown item 'simplyswords:whisperwind'
[18Nov2024 19:16:30.619] [Render thread/INFO] [net.minecraft.world.item.crafting.RecipeManager/]: Skipping loading recipe industrialforegoing:laser_drill_ore/raw_materials/tetrahedrite as it's serializer returned null
[18Nov2024 19:16:30.622] [Render thread/ERROR] [net.minecraft.world.item.crafting.RecipeManager/]: Parsing error loading recipe triqueapi:ametrine_helmet_smithing_universal: com.google.gson.JsonSyntaxException: Unknown item 'mythicupgrades:ametrine_upgrade_smithing_template'
[18Nov2024 19:16:30.623] [Render thread/INFO] [net.minecraft.world.item.crafting.RecipeManager/]: Skipping loading recipe reliquary:frozen_core as it's serializer returned null
[18Nov2024 19:16:30.628] [Render thread/INFO] [net.minecraft.world.item.crafting.RecipeManager/]: Skipping loading recipe megacells:cells/standard/chemical_storage_cell_4m as it's serializer returned null
[18Nov2024 19:16:30.630] [Render thread/ERROR] [net.minecraft.world.item.crafting.RecipeManager/]: Parsing error loading recipe moderately_enough_effect_desc:magnetized: com.google.gson.JsonSyntaxException: Unknown item 'xtraarrows:flint_magnetic_arrow'
[18Nov2024 19:16:30.632] [Render thread/INFO] [net.minecraft.world.item.crafting.RecipeManager/]: Skipping loading recipe mob_grinding_utils:beheading/spider as it's serializer returned null
[18Nov2024 19:16:30.632] [Render thread/ERROR] [net.minecraft.world.item.crafting.RecipeManager/]: Parsing error loading recipe triqueapi:ruby_pickaxe_smithing_universal: com.google.gson.JsonSyntaxException: Unknown item 'mythicupgrades:ruby_upgrade_smithing_template'
[18Nov2024 19:16:30.632] [Render thread/ERROR] [net.minecraft.world.item.crafting.RecipeManager/]: Parsing error loading recipe moderately_enough_effect_desc:health_reduction: com.google.gson.JsonSyntaxException: Unknown item 'unusualprehistory:megalania_spawn_egg'
[18Nov2024 19:16:30.632] [Render thread/INFO] [com.mna.ManaAndArtifice/]: Received new training data for mna:manaweave_patterns/square
[18Nov2024 19:16:30.635] [Render thread/INFO] [net.minecraft.world.item.crafting.RecipeManager/]: Skipping loading recipe megacells:cells/standard/chemical_storage_cell_256m as it's serializer returned null
[18Nov2024 19:16:30.636] [Render thread/INFO] [net.minecraft.world.item.crafting.RecipeManager/]: Skipping loading recipe megacells:cells/standard/chemical_storage_cell_16m as it's serializer returned null
[18Nov2024 19:16:30.636] [Render thread/ERROR] [net.minecraft.world.item.crafting.RecipeManager/]: Parsing error loading recipe moderately_enough_effect_desc:wither_cure: com.google.gson.JsonSyntaxException: Unknown item 'nethers_exoticism:cut_pitaya'
[18Nov2024 19:16:30.645] [Render thread/INFO] [pneumaticcraft/]: ignoring heat properties for block decorative_blocks:soul_brazier: mod not loaded
[18Nov2024 19:16:30.645] [Render thread/INFO] [net.minecraft.world.item.crafting.RecipeManager/]: Skipping loading recipe pneumaticcraft:block_heat_properties/decorative_blocks/soul_brazier as it's serializer returned null
[18Nov2024 19:16:30.650] [Render thread/INFO] [net.minecraft.world.item.crafting.RecipeManager/]: Skipping loading recipe reliquary:eye_of_the_storm as it's serializer returned null
[18Nov2024 19:16:30.656] [Render thread/ERROR] [net.minecraft.world.item.crafting.RecipeManager/]: Parsing error loading recipe triqueapi:topaz_leggings_smithing_universal: com.google.gson.JsonSyntaxException: Unknown item 'mythicupgrades:topaz_upgrade_smithing_template'
[18Nov2024 19:16:30.662] [Render thread/ERROR] [net.minecraft.world.item.crafting.RecipeManager/]: Parsing error loading recipe triqueapi:ametrine_leggings_smithing_universal: com.google.gson.JsonSyntaxException: Unknown item 'mythicupgrades:ametrine_upgrade_smithing_template'
[18Nov2024 19:16:30.664] [Render thread/ERROR] [net.minecraft.world.item.crafting.RecipeManager/]: Parsing error loading recipe forbidden_arcanus:fungyss_fence: com.google.gson.JsonParseException: An ingredient entry needs either a tag or an item
[18Nov2024 19:16:30.669] [Render thread/ERROR] [net.minecraft.world.item.crafting.RecipeManager/]: Parsing error loading recipe moderately_enough_effect_desc:anti_heal: com.google.gson.JsonSyntaxException: Unknown item 'relics:spore_sack'
[18Nov2024 19:16:30.675] [Render thread/ERROR] [net.minecraft.world.item.crafting.RecipeManager/]: Parsing error loading recipe moderately_enough_effect_desc:feather_fall: com.google.gson.JsonSyntaxException: Unknown item 'tombstone:scroll_of_feather_fall'
[18Nov2024 19:16:30.682] [Render thread/ERROR] [net.minecraft.world.item.crafting.RecipeManager/]: Parsing error loading recipe moderately_enough_effect_desc:trapped: com.google.gson.JsonSyntaxException: Unknown item 'bloodandmadness:eggs/brainsucker_spawn_egg'
[18Nov2024 19:16:30.682] [Render thread/INFO] [pneumaticcraft/]: ignoring heat properties for block valhelsia_structures:brazier: mod not loaded
[18Nov2024 19:16:30.682] [Render thread/INFO] [net.minecraft.world.item.crafting.RecipeManager/]: Skipping loading recipe pneumaticcraft:block_heat_properties/valhelsia_structures/brazier as it's serializer returned null
[18Nov2024 19:16:30.682] [Render thread/ERROR] [net.minecraft.world.item.crafting.RecipeManager/]: Parsing error loading recipe triqueapi:ametrine_sword_smithing_universal: com.google.gson.JsonSyntaxException: Unknown item 'mythicupgrades:ametrine_upgrade_smithing_template'
[18Nov2024 19:16:30.688] [Render thread/ERROR] [net.minecraft.world.item.crafting.RecipeManager/]: Parsing error loading recipe moderately_enough_effect_desc:rooted: com.google.gson.JsonSyntaxException: Unknown item 'enlightened_end:rooting_blade'
[18Nov2024 19:16:30.688] [Render thread/INFO] [com.mna.ManaAndArtifice/]: Received new training data for mna:manaweave_patterns/backslash
[18Nov2024 19:16:30.689] [Render thread/INFO] [net.minecraft.world.item.crafting.RecipeManager/]: Skipping loading recipe megacells:cells/portable/portable_mana_cell_1m as it's serializer returned null
[18Nov2024 19:16:30.689] [Render thread/ERROR] [net.minecraft.world.item.crafting.RecipeManager/]: Parsing error loading recipe moderately_enough_effect_desc:furious_rampage: com.google.gson.JsonSyntaxException: Unknown item 'born_in_chaos_v1:potion_of_rampage'
[18Nov2024 19:16:30.689] [Render thread/INFO] [net.minecraft.world.item.crafting.RecipeManager/]: Skipping loading recipe megacells:cells/portable/portable_mana_cell_4m as it's serializer returned null
[18Nov2024 19:16:30.689] [Render thread/INFO] [net.minecraft.world.item.crafting.RecipeManager/]: Skipping loading recipe mob_grinding_utils:beheading/blaze as it's serializer returned null
[18Nov2024 19:16:30.690] [Render thread/INFO] [net.minecraft.world.item.crafting.RecipeManager/]: Skipping loading recipe reliquary:withered_rib as it's serializer returned null
[18Nov2024 19:16:30.690] [Render thread/ERROR] [net.minecraft.world.item.crafting.RecipeManager/]: Parsing error loading recipe triqueapi:warden_axe_smithing_universal: com.google.gson.JsonSyntaxException: Unknown item 'wardentools:echo_ingot'
[18Nov2024 19:16:30.691] [Render thread/ERROR] [net.minecraft.world.item.crafting.RecipeManager/]: Parsing error loading recipe moderately_enough_effect_desc:dazed: com.google.gson.JsonSyntaxException: Unknown item 'enlightened_end:flash_bomb'
[18Nov2024 19:16:30.702] [Render thread/ERROR] [net.minecraft.world.item.crafting.RecipeManager/]: Parsing error loading recipe forbidden_arcanus:edelwood_fence: com.google.gson.JsonParseException: An ingredient entry needs either a tag or an item
[18Nov2024 19:16:30.702] [Render thread/ERROR] [net.minecraft.world.item.crafting.RecipeManager/]: Parsing error loading recipe moderately_enough_effect_desc:remedy: com.google.gson.JsonSyntaxException: Unknown item 'aether:skyroot_remedy_bucket'
[18Nov2024 19:16:30.702] [Render thread/INFO] [net.minecraft.world.item.crafting.RecipeManager/]: Skipping loading recipe megacells:cells/standard/mana_storage_cell_16m_with_housing as it's serializer returned null
[18Nov2024 19:16:30.703] [Render thread/ERROR] [net.minecraft.world.item.crafting.RecipeManager/]: Parsing error loading recipe triqueapi:topaz_pickaxe_smithing_universal: com.google.gson.JsonSyntaxException: Unknown item 'mythicupgrades:topaz_upgrade_smithing_template'
[18Nov2024 19:16:30.703] [Render thread/INFO] [net.minecraft.world.item.crafting.RecipeManager/]: Skipping loading recipe megacells:cells/portable/portable_chemical_cell_256m as it's serializer returned null
[18Nov2024 19:16:30.711] [Render thread/INFO] [net.minecraft.world.item.crafting.RecipeManager/]: Skipping loading recipe megacells:cells/mega_chemical_cell_housing as it's serializer returned null
[18Nov2024 19:16:30.719] [Render thread/ERROR] [net.minecraft.world.item.crafting.RecipeManager/]: Parsing error loading recipe triqueapi:ruby_hoe_smithing_universal: com.google.gson.JsonSyntaxException: Unknown item 'mythicupgrades:ruby_upgrade_smithing_template'
[18Nov2024 19:16:30.724] [Render thread/ERROR] [net.minecraft.world.item.crafting.RecipeManager/]: Parsing error loading recipe triqueapi:warden_leggings_smithing_universal: com.google.gson.JsonSyntaxException: Unknown item 'wardentools:echo_ingot'
[18Nov2024 19:16:30.736] [Render thread/ERROR] [net.minecraft.world.item.crafting.RecipeManager/]: Parsing error loading recipe moderately_enough_effect_desc:serrated: com.google.gson.JsonSyntaxException: Unknown item 'mobs_of_sins:frilled_shark_ribs'
[18Nov2024 19:16:30.736] [Render thread/INFO] [net.minecraft.world.item.crafting.RecipeManager/]: Skipping loading recipe megacells:cells/standard/chemical_storage_cell_1m_with_housing as it's serializer returned null
[18Nov2024 19:16:30.736] [Render thread/ERROR] [net.minecraft.world.item.crafting.RecipeManager/]: Parsing error loading recipe moderately_enough_effect_desc:burdened: com.google.gson.JsonSyntaxException: Unknown item 'enlightened_end:stalker_spawn_egg'
[18Nov2024 19:16:30.737] [Render thread/INFO] [net.minecraft.world.item.crafting.RecipeManager/]: Skipping loading recipe reliquary:catalyzing_gland as it's serializer returned null
[18Nov2024 19:16:30.738] [Render thread/INFO] [net.minecraft.world.item.crafting.RecipeManager/]: Skipping loading recipe industrialforegoing:laser_drill_ore/raw_materials/galena as it's serializer returned null
[18Nov2024 19:16:30.738] [Render thread/INFO] [com.mna.ManaAndArtifice/]: Received new training data for mna:manaweave_patterns/inverted_split_triangle
[18Nov2024 19:16:30.739] [Render thread/INFO] [pneumaticcraft/]: ignoring heat properties for block betterendforge:emerald_ice: mod not loaded
[18Nov2024 19:16:30.739] [Render thread/INFO] [net.minecraft.world.item.crafting.RecipeManager/]: Skipping loading recipe pneumaticcraft:block_heat_properties/betterendforge/emerald_ice as it's serializer returned null
[18Nov2024 19:16:30.744] [Render thread/INFO] [net.minecraft.world.item.crafting.RecipeManager/]: Skipping loading recipe reliquary:slime_pearl as it's serializer returned null
[18Nov2024 19:16:30.752] [Render thread/ERROR] [net.minecraft.world.item.crafting.RecipeManager/]: Parsing error loading recipe moderately_enough_effect_desc:medium_rampage: com.google.gson.JsonSyntaxException: Unknown item 'born_in_chaos_v1:potion_of_rampage'
[18Nov2024 19:16:30.752] [Render thread/INFO] [net.minecraft.world.item.crafting.RecipeManager/]: Skipping loading recipe megacells:cells/standard/mana_storage_cell_4m_with_housing as it's serializer returned null
[18Nov2024 19:16:30.754] [Render thread/ERROR] [net.minecraft.world.item.crafting.RecipeManager/]: Parsing error loading recipe moderately_enough_effect_desc:purity: com.google.gson.JsonSyntaxException: Unknown item 'sculkhorde:purity_splash_potion'
[18Nov2024 19:16:30.760] [Render thread/ERROR] [net.minecraft.world.item.crafting.RecipeManager/]: Parsing error loading recipe triqueapi:jade_sword_smithing_universal: com.google.gson.JsonSyntaxException: Unknown item 'mythicupgrades:jade_upgrade_smithing_template'
[18Nov2024 19:16:30.761] [Render thread/INFO] [com.mna.ManaAndArtifice/]: Received new training data for mna:manaweave_patterns/hourglass
[18Nov2024 19:16:30.761] [Render thread/INFO] [pneumaticcraft/]: ignoring heat properties for block quark:permafrost: mod not loaded
[18Nov2024 19:16:30.761] [Render thread/INFO] [net.minecraft.world.item.crafting.RecipeManager/]: Skipping loading recipe pneumaticcraft:block_heat_properties/quark/permafrost as it's serializer returned null
[18Nov2024 19:16:30.766] [Render thread/INFO] [net.minecraft.world.item.crafting.RecipeManager/]: Skipping loading recipe megacells:cells/standard/chemical_storage_cell_4m_with_housing as it's serializer returned null
[18Nov2024 19:16:30.766] [Render thread/INFO] [net.minecraft.world.item.crafting.RecipeManager/]: Skipping loading recipe megacells:cells/portable/portable_chemical_cell_4m as it's serializer returned null
[18Nov2024 19:16:30.766] [Render thread/ERROR] [net.minecraft.world.item.crafting.RecipeManager/]: Parsing error loading recipe moderately_enough_effect_desc:suffocation: com.google.gson.JsonSyntaxException: Unknown item 'enlightened_end:fumesplat_spawn_egg'
[18Nov2024 19:16:30.766] [Render thread/ERROR] [net.minecraft.world.item.crafting.RecipeManager/]: Parsing error loading recipe moderately_enough_effect_desc:cursed_mark: com.google.gson.JsonSyntaxException: Unknown item 'born_in_chaos_v1:fallen_chaos_knight_spawn_egg'
[18Nov2024 19:16:30.766] [Render thread/INFO] [net.minecraft.world.item.crafting.RecipeManager/]: Skipping loading recipe megacells:cells/portable/portable_chemical_cell_1m as it's serializer returned null
[18Nov2024 19:16:30.769] [Render thread/ERROR] [net.minecraft.world.item.crafting.RecipeManager/]: Parsing error loading recipe moderately_enough_effect_desc:intoxication: com.google.gson.JsonSyntaxException: Unknown item 'born_in_chaos_v1:zombie_clown_spawn_egg'
[18Nov2024 19:16:30.769] [Render thread/INFO] [com.mna.ManaAndArtifice/]: Received new training data for mna:manaweave_patterns/inverted_triangle
[18Nov2024 19:16:30.769] [Render thread/INFO] [net.minecraft.world.item.crafting.RecipeManager/]: Skipping loading recipe megacells:cells/standard/chemical_storage_cell_256m_with_housing as it's serializer returned null
[18Nov2024 19:16:30.772] [Render thread/INFO] [net.minecraft.world.item.crafting.RecipeManager/]: Skipping loading recipe industrialforegoing:laser_drill_ore/raw_materials/cinnabar as it's serializer returned null
[18Nov2024 19:16:30.775] [Render thread/INFO] [net.minecraft.world.item.crafting.RecipeManager/]: Skipping loading recipe megacells:cells/standard/radioactive_chemical_cell as it's serializer returned null
[18Nov2024 19:16:30.783] [Render thread/INFO] [net.minecraft.world.item.crafting.RecipeManager/]: Skipping loading recipe megacells:network/mega_emc_interface_block as it's serializer returned null
[18Nov2024 19:16:30.790] [Render thread/ERROR] [net.minecraft.world.item.crafting.RecipeManager/]: Parsing error loading recipe forbidden_arcanus:aurum_fence: com.google.gson.JsonParseException: An ingredient entry needs either a tag or an item
[18Nov2024 19:16:30.800] [Render thread/INFO] [net.minecraft.world.item.crafting.RecipeManager/]: Skipping loading recipe industrialforegoing:laser_drill_ore/raw_materials/yellorium as it's serializer returned null
[18Nov2024 19:16:30.800] [Render thread/INFO] [net.minecraft.world.item.crafting.RecipeManager/]: Skipping loading recipe industrialforegoing:laser_drill_ore/raw_materials/yellorite as it's serializer returned null
[18Nov2024 19:16:30.801] [Render thread/INFO] [net.minecraft.world.item.crafting.RecipeManager/]: Skipping loading recipe industrialforegoing:laser_drill_ore/raw_materials/platinum as it's serializer returned null
[18Nov2024 19:16:30.807] [Render thread/INFO] [net.minecraft.world.item.crafting.RecipeManager/]: Skipping loading recipe botany_pots:ars_elemental/flashing_archwood as it's serializer returned null
[18Nov2024 19:16:30.822] [Render thread/INFO] [net.minecraft.world.item.crafting.RecipeManager/]: Skipping loading recipe megacells:cells/portable/portable_mana_cell_16m as it's serializer returned null
[18Nov2024 19:16:30.823] [Render thread/INFO] [net.minecraft.world.item.crafting.RecipeManager/]: Skipping loading recipe megacells:cells/portable/portable_chemical_cell_16m as it's serializer returned null
[18Nov2024 19:16:30.823] [Render thread/INFO] [pneumaticcraft/]: ignoring heat properties for block betterendforge:ancient_emerald_ice: mod not loaded
[18Nov2024 19:16:30.823] [Render thread/INFO] [net.minecraft.world.item.crafting.RecipeManager/]: Skipping loading recipe pneumaticcraft:block_heat_properties/betterendforge/ancient_emerald_ice as it's serializer returned null
[18Nov2024 19:16:30.825] [Render thread/INFO] [net.minecraft.world.item.crafting.RecipeManager/]: Skipping loading recipe megacells:cells/standard/source_storage_cell_256m as it's serializer returned null
[18Nov2024 19:16:30.826] [Render thread/INFO] [pneumaticcraft/]: ignoring heat properties for block betterendforge:dense_emerald_ice: mod not loaded
[18Nov2024 19:16:30.826] [Render thread/INFO] [net.minecraft.world.item.crafting.RecipeManager/]: Skipping loading recipe pneumaticcraft:block_heat_properties/betterendforge/dense_emerald_ice as it's serializer returned null
[18Nov2024 19:16:30.826] [Render thread/INFO] [net.minecraft.world.item.crafting.RecipeManager/]: Skipping loading recipe mob_grinding_utils:beheading/cave_spider as it's serializer returned null
[18Nov2024 19:16:30.827] [Render thread/ERROR] [net.minecraft.world.item.crafting.RecipeManager/]: Parsing error loading recipe triqueapi:warden_pickaxe_smithing_universal: com.google.gson.JsonSyntaxException: Unknown item 'wardentools:echo_ingot'
[18Nov2024 19:16:30.829] [Render thread/ERROR] [net.minecraft.world.item.crafting.RecipeManager/]: Parsing error loading recipe moderately_enough_effect_desc:true_sight: com.google.gson.JsonSyntaxException: Unknown item 'tombstone:scroll_of_true_sight'
[18Nov2024 19:16:30.829] [Render thread/INFO] [net.minecraft.world.item.crafting.RecipeManager/]: Skipping loading recipe megacells:cells/portable/portable_source_cell_4m as it's serializer returned null
[18Nov2024 19:16:30.831] [Render thread/INFO] [net.minecraft.world.item.crafting.RecipeManager/]: Skipping loading recipe industrialforegoing:laser_drill_ore/raw_materials/ardite as it's serializer returned null
[18Nov2024 19:16:30.838] [Render thread/INFO] [net.minecraft.world.item.crafting.RecipeManager/]: Skipping loading recipe megacells:cells/portable/portable_source_cell_1m as it's serializer returned null
[18Nov2024 19:16:30.839] [Render thread/INFO] [pneumaticcraft/]: ignoring heat properties for block decorative_blocks:brazier: mod not loaded
[18Nov2024 19:16:30.839] [Render thread/INFO] [net.minecraft.world.item.crafting.RecipeManager/]: Skipping loading recipe pneumaticcraft:block_heat_properties/decorative_blocks/brazier as it's serializer returned null
[18Nov2024 19:16:30.840] [Render thread/ERROR] [net.minecraft.world.item.crafting.RecipeManager/]: Parsing error loading recipe moderately_enough_effect_desc:brachi_protection: com.google.gson.JsonSyntaxException: Unknown item 'unusualprehistory:brachi_spawn_egg'
[18Nov2024 19:16:30.856] [Render thread/INFO] [net.minecraft.world.item.crafting.RecipeManager/]: Skipping loading recipe megacells:network/mega_emc_interface as it's serializer returned null
[18Nov2024 19:16:30.856] [Render thread/INFO] [net.minecraft.world.item.crafting.RecipeManager/]: Skipping loading recipe megacells:cells/standard/chemical_storage_cell_16m_with_housing as it's serializer returned null
[18Nov2024 19:16:30.870] [Render thread/INFO] [com.mna.ManaAndArtifice/]: Received new training data for mna:manaweave_patterns/bolt
[18Nov2024 19:16:30.870] [Render thread/INFO] [net.minecraft.world.item.crafting.RecipeManager/]: Skipping loading recipe megacells:cells/portable/portable_chemical_cell_64m as it's serializer returned null
[18Nov2024 19:16:30.870] [Render thread/INFO] [net.minecraft.world.item.crafting.RecipeManager/]: Skipping loading recipe reliquary:molten_core as it's serializer returned null
[18Nov2024 19:16:30.870] [Render thread/ERROR] [net.minecraft.world.item.crafting.RecipeManager/]: Parsing error loading recipe triqueapi:jade_helmet_smithing_universal: com.google.gson.JsonSyntaxException: Unknown item 'mythicupgrades:jade_upgrade_smithing_template'
[18Nov2024 19:16:30.871] [Render thread/INFO] [pneumaticcraft/]: ignoring heat properties for block natura:nether_heat_sand: mod not loaded
[18Nov2024 19:16:30.871] [Render thread/INFO] [net.minecraft.world.item.crafting.RecipeManager/]: Skipping loading recipe pneumaticcraft:block_heat_properties/natura/nether_heat_sand as it's serializer returned null
[18Nov2024 19:16:30.871] [Render thread/ERROR] [net.minecraft.world.item.crafting.RecipeManager/]: Parsing error loading recipe moderately_enough_effect_desc:piercing_eyes: com.google.gson.JsonSyntaxException: Unknown item 'mobs_of_sins:tiger_muscles'
[18Nov2024 19:16:30.872] [Render thread/ERROR] [net.minecraft.world.item.crafting.RecipeManager/]: Parsing error loading recipe moderately_enough_effect_desc:sculk: com.google.gson.JsonSyntaxException: Unknown item 'sculkybits:sculk_growth'
[18Nov2024 19:16:30.873] [Render thread/INFO] [net.minecraft.world.item.crafting.RecipeManager/]: Skipping loading recipe industrialforegoing:laser_drill_ore/ores/arcane as it's serializer returned null
[18Nov2024 19:16:30.879] [Render thread/ERROR] [net.minecraft.world.item.crafting.RecipeManager/]: Parsing error loading recipe triqueapi:ruby_axe_smithing_universal: com.google.gson.JsonSyntaxException: Unknown item 'mythicupgrades:ruby_upgrade_smithing_template'
[18Nov2024 19:16:30.879] [Render thread/ERROR] [net.minecraft.world.item.crafting.RecipeManager/]: Parsing error loading recipe moderately_enough_effect_desc:living_bomb: com.google.gson.JsonSyntaxException: Unknown item 'born_in_chaos_v1:lord_pumpkinhead_spawn_egg'
[18Nov2024 19:16:30.885] [Render thread/INFO] [net.minecraft.world.item.crafting.RecipeManager/]: Skipping loading recipe industrialforegoing:laser_drill_ore/raw_materials/pyrite as it's serializer returned null
[18Nov2024 19:16:30.891] [Render thread/INFO] [net.minecraft.world.item.crafting.RecipeManager/]: Skipping loading recipe reliquary:bat_wing as it's serializer returned null
[18Nov2024 19:16:30.899] [Render thread/ERROR] [net.minecraft.world.item.crafting.RecipeManager/]: Parsing error loading recipe moderately_enough_effect_desc:diversion: com.google.gson.JsonSyntaxException: Unknown item 'tombstone:dust_of_vanishing'
[18Nov2024 19:16:30.906] [Render thread/INFO] [net.minecraft.world.item.crafting.RecipeManager/]: Skipping loading recipe mob_grinding_utils:beheading/enderman as it's serializer returned null
[18Nov2024 19:16:30.907] [Render thread/ERROR] [net.minecraft.world.item.crafting.RecipeManager/]: Parsing error loading recipe moderately_enough_effect_desc:strong_rampage: com.google.gson.JsonSyntaxException: Unknown item 'born_in_chaos_v1:potion_of_rampage'
[18Nov2024 19:16:30.907] [Render thread/INFO] [com.mna.ManaAndArtifice/]: Received new training data for mna:manaweave_patterns/slash
[18Nov2024 19:16:30.907] [Render thread/INFO] [net.minecraft.world.item.crafting.RecipeManager/]: Skipping loading recipe reliquary:nebulous_heart as it's serializer returned null
[18Nov2024 19:16:30.914] [Render thread/ERROR] [net.minecraft.world.item.crafting.RecipeManager/]: Parsing error loading recipe moderately_enough_effect_desc:bubbling: com.google.gson.JsonSyntaxException: Unknown item 'enlightened_end:bubble_jelly_bottle'
[18Nov2024 19:16:30.915] [Render thread/ERROR] [net.minecraft.world.item.crafting.RecipeManager/]: Parsing error loading recipe moderately_enough_effect_desc:bone_fracture: com.google.gson.JsonSyntaxException: Unknown item 'born_in_chaos_v1:glutton_fish_spawn_egg'
[18Nov2024 19:16:30.919] [Render thread/ERROR] [net.minecraft.world.item.crafting.RecipeManager/]: Parsing error loading recipe triqueapi:warden_chestplate_smithing_universal: com.google.gson.JsonSyntaxException: Unknown item 'wardentools:echo_ingot'
[18Nov2024 19:16:30.920] [Render thread/INFO] [net.minecraft.world.item.crafting.RecipeManager/]: Skipping loading recipe bloodmagic:meteor/myst_ag as it's serializer returned null
[18Nov2024 19:16:30.921] [Render thread/INFO] [net.minecraft.world.item.crafting.RecipeManager/]: Skipping loading recipe pneumaticcraft:one_probe_crafting as it's serializer returned null
[18Nov2024 19:16:30.922] [Render thread/INFO] [pneumaticcraft/]: ignoring heat properties for block byg:cryptic_magma_block: mod not loaded
[18Nov2024 19:16:30.922] [Render thread/INFO] [net.minecraft.world.item.crafting.RecipeManager/]: Skipping loading recipe pneumaticcraft:block_heat_properties/byg/cryptic_magma as it's serializer returned null
[18Nov2024 19:16:30.924] [Render thread/ERROR] [net.minecraft.world.item.crafting.RecipeManager/]: Parsing error loading recipe triqueapi:warden_hoe_smithing_universal: com.google.gson.JsonSyntaxException: Unknown item 'wardentools:echo_ingot'
[18Nov2024 19:16:30.925] [Render thread/ERROR] [net.minecraft.world.item.crafting.RecipeManager/]: Parsing error loading recipe triqueapi:ametrine_axe_smithing_universal: com.google.gson.JsonSyntaxException: Unknown item 'mythicupgrades:ametrine_upgrade_smithing_template'
[18Nov2024 19:16:30.925] [Render thread/INFO] [com.mna.ManaAndArtifice/]: Received new training data for mna:manaweave_patterns/split_triangle
[18Nov2024 19:16:30.925] [Render thread/ERROR] [net.minecraft.world.item.crafting.RecipeManager/]: Parsing error loading recipe moderately_enough_effect_desc:echo: com.google.gson.JsonSyntaxException: Unknown item 'simplyswords:whisperwind'
[18Nov2024 19:16:30.926] [Render thread/ERROR] [net.minecraft.world.item.crafting.RecipeManager/]: Parsing error loading recipe triqueapi:warden_helmet_smithing_universal: com.google.gson.JsonSyntaxException: Unknown item 'wardentools:echo_ingot'
[18Nov2024 19:16:30.926] [Render thread/ERROR] [net.minecraft.world.item.crafting.RecipeManager/]: Parsing error loading recipe triqueapi:ruby_shovel_smithing_universal: com.google.gson.JsonSyntaxException: Unknown item 'mythicupgrades:ruby_upgrade_smithing_template'
[18Nov2024 19:16:30.927] [Render thread/INFO] [pneumaticcraft/]: ignoring heat properties for block immersiveengineering:storage_uranium: mod not loaded
[18Nov2024 19:16:30.927] [Render thread/INFO] [net.minecraft.world.item.crafting.RecipeManager/]: Skipping loading recipe pneumaticcraft:block_heat_properties/immersiveengineering/uranium as it's serializer returned null
[18Nov2024 19:16:30.927] [Render thread/INFO] [net.minecraft.world.item.crafting.RecipeManager/]: Skipping loading recipe reliquary:chelicerae as it's serializer returned null
[18Nov2024 19:16:30.928] [Render thread/INFO] [pneumaticcraft/]: ignoring heat properties for block quark:blaze_lantern: mod not loaded
[18Nov2024 19:16:30.928] [Render thread/INFO] [net.minecraft.world.item.crafting.RecipeManager/]: Skipping loading recipe pneumaticcraft:block_heat_properties/quark/blaze_lantern as it's serializer returned null
[18Nov2024 19:16:30.928] [Render thread/INFO] [net.minecraft.world.item.crafting.RecipeManager/]: Skipping loading recipe megacells:cells/standard/mana_storage_cell_64m_with_housing as it's serializer returned null
[18Nov2024 19:16:30.928] [Render thread/ERROR] [net.minecraft.world.item.crafting.RecipeManager/]: Parsing error loading recipe moderately_enough_effect_desc:myiasis: com.google.gson.JsonSyntaxException: Unknown item 'born_in_chaos_v1:bloody_gadfly_spawn_egg'
[18Nov2024 19:16:30.928] [Render thread/ERROR] [net.minecraft.world.item.crafting.RecipeManager/]: Parsing error loading recipe moderately_enough_effect_desc:stimulation: com.google.gson.JsonSyntaxException: Unknown item 'born_in_chaos_v1:stimulating_bomb'
[18Nov2024 19:16:30.928] [Render thread/INFO] [net.minecraft.world.item.crafting.RecipeManager/]: Skipping loading recipe megacells:network/mega_emc_interface_part as it's serializer returned null
[18Nov2024 19:16:30.928] [Render thread/INFO] [com.mna.ManaAndArtifice/]: Received new training data for mna:manaweave_patterns/knot
[18Nov2024 19:16:30.943] [Render thread/INFO] [net.minecraft.world.item.crafting.RecipeManager/]: Loaded 278 recipes
[18Nov2024 19:16:30.957] [Render thread/ERROR] [HammerLib/]: Register attachment for RegisterRecipesEvent: org.zeith.hammerlib.core.test.HammerLibRecipeExtension.
[18Nov2024 19:16:30.972] [Render thread/INFO] [HammerLib/]: Reloading HammerLib recipes...
[18Nov2024 19:16:30.972] [Render thread/INFO] [HammerLib/]: HammerLib injected 43 recipes into recipe map. Removed 0 recipes from the game.
[18Nov2024 19:16:30.991] [Render thread/INFO] [HammerLib/]: Registered 43 additional recipes.
[18Nov2024 19:16:30.992] [Render thread/WARN] [HammerLib/]: Unable to find registry for tag directory tags/functions
[18Nov2024 19:16:31.000] [Render thread/ERROR] [net.minecraft.server.ServerAdvancementManager/]: Parsing error loading custom advancement malum:recipes/impetus_creation_uranium: Missing advancement, expected to find a JsonObject
[18Nov2024 19:16:31.001] [Render thread/ERROR] [net.minecraft.server.ServerAdvancementManager/]: Parsing error loading custom advancement malum:recipes/tin_from_node_blasting: Advancement criteria cannot be empty
[18Nov2024 19:16:31.017] [Render thread/ERROR] [net.minecraft.server.ServerAdvancementManager/]: Parsing error loading custom advancement malum:recipes/impetus_creation_silver: Missing advancement, expected to find a JsonObject
[18Nov2024 19:16:31.021] [Render thread/ERROR] [net.minecraft.server.ServerAdvancementManager/]: Parsing error loading custom advancement malum:recipes/node_focusing_silver: Missing advancement, expected to find a JsonObject
[18Nov2024 19:16:31.027] [Render thread/ERROR] [net.minecraft.server.ServerAdvancementManager/]: Parsing error loading custom advancement malum:recipes/osmium_from_node_smelting: Advancement criteria cannot be empty
[18Nov2024 19:16:31.028] [Render thread/ERROR] [net.minecraft.server.ServerAdvancementManager/]: Parsing error loading custom advancement malum:recipes/node_focusing_zinc: Missing advancement, expected to find a JsonObject
[18Nov2024 19:16:31.032] [Render thread/ERROR] [net.minecraft.server.ServerAdvancementManager/]: Parsing error loading custom advancement malum:recipes/nickel_from_node_blasting: Advancement criteria cannot be empty
[18Nov2024 19:16:31.037] [Render thread/ERROR] [net.minecraft.server.ServerAdvancementManager/]: Parsing error loading custom advancement malum:recipes/impetus_creation_nickel: Missing advancement, expected to find a JsonObject
[18Nov2024 19:16:31.043] [Render thread/ERROR] [net.minecraft.server.ServerAdvancementManager/]: Parsing error loading custom advancement malum:recipes/lead_from_node_smelting: Advancement criteria cannot be empty
[18Nov2024 19:16:31.049] [Render thread/ERROR] [net.minecraft.server.ServerAdvancementManager/]: Parsing error loading custom advancement malum:recipes/node_focusing_nickel: Missing advancement, expected to find a JsonObject
[18Nov2024 19:16:31.051] [Render thread/ERROR] [net.minecraft.server.ServerAdvancementManager/]: Parsing error loading custom advancement malum:recipes/impetus_creation_tin: Missing advancement, expected to find a JsonObject
[18Nov2024 19:16:31.055] [Render thread/ERROR] [net.minecraft.server.ServerAdvancementManager/]: Parsing error loading custom advancement malum:recipes/impetus_creation_osmium: Missing advancement, expected to find a JsonObject
[18Nov2024 19:16:31.055] [Render thread/ERROR] [net.minecraft.server.ServerAdvancementManager/]: Parsing error loading custom advancement malum:recipes/silver_from_node_blasting: Advancement criteria cannot be empty
[18Nov2024 19:16:31.057] [Render thread/ERROR] [net.minecraft.server.ServerAdvancementManager/]: Parsing error loading custom advancement malum:recipes/zinc_from_node_smelting: Advancement criteria cannot be empty
[18Nov2024 19:16:31.061] [Render thread/ERROR] [net.minecraft.server.ServerAdvancementManager/]: Parsing error loading custom advancement malum:recipes/impetus_creation_lead: Missing advancement, expected to find a JsonObject
[18Nov2024 19:16:31.063] [Render thread/ERROR] [net.minecraft.server.ServerAdvancementManager/]: Parsing error loading custom advancement malum:recipes/lead_from_node_blasting: Advancement criteria cannot be empty
[18Nov2024 19:16:31.065] [Render thread/ERROR] [net.minecraft.server.ServerAdvancementManager/]: Parsing error loading custom advancement malum:recipes/silver_from_node_smelting: Advancement criteria cannot be empty
[18Nov2024 19:16:31.069] [Render thread/ERROR] [net.minecraft.server.ServerAdvancementManager/]: Parsing error loading custom advancement irons_spellbooks:irons_spellbooks/spell_book_equip: Invalid criterion trigger: curios:equip_curio
[18Nov2024 19:16:31.072] [Render thread/ERROR] [net.minecraft.server.ServerAdvancementManager/]: Parsing error loading custom advancement malum:recipes/node_focusing_lead: Missing advancement, expected to find a JsonObject
[18Nov2024 19:16:31.076] [Render thread/ERROR] [net.minecraft.server.ServerAdvancementManager/]: Parsing error loading custom advancement malum:recipes/osmium_from_node_blasting: Advancement criteria cannot be empty
[18Nov2024 19:16:31.078] [Render thread/ERROR] [net.minecraft.server.ServerAdvancementManager/]: Parsing error loading custom advancement malum:recipes/impetus_creation_zinc: Missing advancement, expected to find a JsonObject
[18Nov2024 19:16:31.078] [Render thread/ERROR] [net.minecraft.server.ServerAdvancementManager/]: Parsing error loading custom advancement malum:recipes/aluminum_from_node_smelting: Advancement criteria cannot be empty
[18Nov2024 19:16:31.087] [Render thread/ERROR] [net.minecraft.server.ServerAdvancementManager/]: Parsing error loading custom advancement malum:recipes/node_focusing_tin: Missing advancement, expected to find a JsonObject
[18Nov2024 19:16:31.090] [Render thread/ERROR] [net.minecraft.server.ServerAdvancementManager/]: Parsing error loading custom advancement malum:recipes/node_focusing_aluminum: Missing advancement, expected to find a JsonObject
[18Nov2024 19:16:31.094] [Render thread/ERROR] [net.minecraft.server.ServerAdvancementManager/]: Parsing error loading custom advancement malum:recipes/tin_from_node_smelting: Advancement criteria cannot be empty
[18Nov2024 19:16:31.095] [Render thread/ERROR] [net.minecraft.server.ServerAdvancementManager/]: Parsing error loading custom advancement malum:recipes/uranium_from_node_blasting: Advancement criteria cannot be empty
[18Nov2024 19:16:31.100] [Render thread/ERROR] [net.minecraft.server.ServerAdvancementManager/]: Parsing error loading custom advancement malum:recipes/zinc_from_node_blasting: Advancement criteria cannot be empty
[18Nov2024 19:16:31.107] [Render thread/ERROR] [net.minecraft.server.ServerAdvancementManager/]: Parsing error loading custom advancement malum:recipes/node_focusing_osmium: Missing advancement, expected to find a JsonObject
[18Nov2024 19:16:31.120] [Render thread/ERROR] [net.minecraft.server.ServerAdvancementManager/]: Parsing error loading custom advancement malum:recipes/nickel_from_node_smelting: Advancement criteria cannot be empty
[18Nov2024 19:16:31.124] [Render thread/ERROR] [net.minecraft.server.ServerAdvancementManager/]: Parsing error loading custom advancement malum:recipes/aluminum_from_node_blasting: Advancement criteria cannot be empty
[18Nov2024 19:16:31.126] [Render thread/ERROR] [net.minecraft.server.ServerAdvancementManager/]: Parsing error loading custom advancement malum:recipes/impetus_creation_aluminum: Missing advancement, expected to find a JsonObject
[18Nov2024 19:16:31.133] [Render thread/ERROR] [net.minecraft.server.ServerAdvancementManager/]: Parsing error loading custom advancement malum:recipes/uranium_from_node_smelting: Advancement criteria cannot be empty
[18Nov2024 19:16:31.134] [Render thread/ERROR] [net.minecraft.server.ServerAdvancementManager/]: Parsing error loading custom advancement malum:recipes/node_focusing_uranium: Missing advancement, expected to find a JsonObject
[18Nov2024 19:16:31.170] [Render thread/ERROR] [net.minecraft.advancements.AdvancementList/]: Couldn't load advancement terramity:ocarina_advancement: Task Advancement{parentId=terramity:prismatic_jewel_advancement, display=net.minecraft.advancements.DisplayInfo@29c7252, rewards=AdvancementRewards{experience=60, loot=[], recipes=[], function=net.minecraft.commands.CommandFunction$CacheableFunction@3ea9c393}, criteria={ocarina_advancement_0=net.minecraft.advancements.Criterion@15db2d68}, requirements=[[ocarina_advancement_0]], sends_telemetry_event=false}
[18Nov2024 19:16:31.170] [Render thread/ERROR] [net.minecraft.advancements.AdvancementList/]: Couldn't load advancement irons_spellbooks:irons_spellbooks/spell_book_netherite: Task Advancement{parentId=irons_spellbooks:irons_spellbooks/spell_book_diamond, display=net.minecraft.advancements.DisplayInfo@26810552, rewards=AdvancementRewards{experience=0, loot=[], recipes=[], function=net.minecraft.commands.CommandFunction$CacheableFunction@3ea9c393}, criteria={requirement=net.minecraft.advancements.Criterion@6a7dcc87}, requirements=[[requirement]], sends_telemetry_event=false}
[18Nov2024 19:16:31.170] [Render thread/ERROR] [net.minecraft.advancements.AdvancementList/]: Couldn't load advancement irons_spellbooks:irons_spellbooks/spell_book_blaze: Task Advancement{parentId=irons_spellbooks:irons_spellbooks/spell_book_equip, display=net.minecraft.advancements.DisplayInfo@3e31ab07, rewards=AdvancementRewards{experience=0, loot=[], recipes=[], function=net.minecraft.commands.CommandFunction$CacheableFunction@3ea9c393}, criteria={requirement=net.minecraft.advancements.Criterion@3a2c41b2}, requirements=[[requirement]], sends_telemetry_event=false}
[18Nov2024 19:16:31.170] [Render thread/ERROR] [net.minecraft.advancements.AdvancementList/]: Couldn't load advancement irons_spellbooks:irons_spellbooks/spell_book_iron: Task Advancement{parentId=irons_spellbooks:irons_spellbooks/spell_book_equip, display=net.minecraft.advancements.DisplayInfo@1dd2a55, rewards=AdvancementRewards{experience=0, loot=[], recipes=[], function=net.minecraft.commands.CommandFunction$CacheableFunction@3ea9c393}, criteria={requirement=net.minecraft.advancements.Criterion@59a4da0d}, requirements=[[requirement]], sends_telemetry_event=false}
[18Nov2024 19:16:31.170] [Render thread/ERROR] [net.minecraft.advancements.AdvancementList/]: Couldn't load advancement irons_spellbooks:irons_spellbooks/spell_book_dragon: Task Advancement{parentId=irons_spellbooks:irons_spellbooks/spell_book_diamond, display=net.minecraft.advancements.DisplayInfo@705183d2, rewards=AdvancementRewards{experience=0, loot=[], recipes=[], function=net.minecraft.commands.CommandFunction$CacheableFunction@3ea9c393}, criteria={requirement=net.minecraft.advancements.Criterion@f5a4b67}, requirements=[[requirement]], sends_telemetry_event=false}
[18Nov2024 19:16:31.170] [Render thread/ERROR] [net.minecraft.advancements.AdvancementList/]: Couldn't load advancement irons_spellbooks:irons_spellbooks/spell_book_gold: Task Advancement{parentId=irons_spellbooks:irons_spellbooks/spell_book_iron, display=net.minecraft.advancements.DisplayInfo@db5d02, rewards=AdvancementRewards{experience=0, loot=[], recipes=[], function=net.minecraft.commands.CommandFunction$CacheableFunction@3ea9c393}, criteria={requirement=net.minecraft.advancements.Criterion@5d073f0d}, requirements=[[requirement]], sends_telemetry_event=false}
[18Nov2024 19:16:31.170] [Render thread/ERROR] [net.minecraft.advancements.AdvancementList/]: Couldn't load advancement irons_spellbooks:irons_spellbooks/spell_book_evoker: Task Advancement{parentId=irons_spellbooks:irons_spellbooks/spell_book_equip, display=net.minecraft.advancements.DisplayInfo@39aeca0a, rewards=AdvancementRewards{experience=0, loot=[], recipes=[], function=net.minecraft.commands.CommandFunction$CacheableFunction@3ea9c393}, criteria={requirement=net.minecraft.advancements.Criterion@5d357565}, requirements=[[requirement]], sends_telemetry_event=false}
[18Nov2024 19:16:31.170] [Render thread/ERROR] [net.minecraft.advancements.AdvancementList/]: Couldn't load advancement irons_spellbooks:irons_spellbooks/spell_book_druidic: Task Advancement{parentId=irons_spellbooks:irons_spellbooks/spell_book_rotten, display=net.minecraft.advancements.DisplayInfo@1dd3d64b, rewards=AdvancementRewards{experience=0, loot=[], recipes=[], function=net.minecraft.commands.CommandFunction$CacheableFunction@3ea9c393}, criteria={requirement=net.minecraft.advancements.Criterion@6b3b16c9}, requirements=[[requirement]], sends_telemetry_event=false}
[18Nov2024 19:16:31.170] [Render thread/ERROR] [net.minecraft.advancements.AdvancementList/]: Couldn't load advancement terramity:fairy_advancement: Task Advancement{parentId=terramity:deleted_mod_element, display=net.minecraft.advancements.DisplayInfo@70a61cfa, rewards=AdvancementRewards{experience=0, loot=[], recipes=[], function=net.minecraft.commands.CommandFunction$CacheableFunction@3ea9c393}, criteria={fairy_advancement_0=net.minecraft.advancements.Criterion@4398d179}, requirements=[[fairy_advancement_0]], sends_telemetry_event=false}
[18Nov2024 19:16:31.170] [Render thread/ERROR] [net.minecraft.advancements.AdvancementList/]: Couldn't load advancement terramity:frenzied_flame_advancement: Task Advancement{parentId=terramity:prismatic_jewel_advancement, display=net.minecraft.advancements.DisplayInfo@4db28388, rewards=AdvancementRewards{experience=100, loot=[], recipes=[], function=net.minecraft.commands.CommandFunction$CacheableFunction@3ea9c393}, criteria={frenzied_flame_advancement_0=net.minecraft.advancements.Criterion@4824805e}, requirements=[[frenzied_flame_advancement_0]], sends_telemetry_event=false}
[18Nov2024 19:16:31.170] [Render thread/ERROR] [net.minecraft.advancements.AdvancementList/]: Couldn't load advancement irons_spellbooks:irons_spellbooks/spell_book_diamond: Task Advancement{parentId=irons_spellbooks:irons_spellbooks/spell_book_gold, display=net.minecraft.advancements.DisplayInfo@12ab2529, rewards=AdvancementRewards{experience=0, loot=[], recipes=[], function=net.minecraft.commands.CommandFunction$CacheableFunction@3ea9c393}, criteria={requirement=net.minecraft.advancements.Criterion@7e616152}, requirements=[[requirement]], sends_telemetry_event=false}
[18Nov2024 19:16:31.170] [Render thread/ERROR] [net.minecraft.advancements.AdvancementList/]: Couldn't load advancement terramity:prismatic_jewel_advancement: Task Advancement{parentId=terramity:fairy_advancement, display=net.minecraft.advancements.DisplayInfo@50eb95d5, rewards=AdvancementRewards{experience=0, loot=[], recipes=[], function=net.minecraft.commands.CommandFunction$CacheableFunction@3ea9c393}, criteria={prismatic_jewel_advancement_0=net.minecraft.advancements.Criterion@25f5056b}, requirements=[[prismatic_jewel_advancement_0]], sends_telemetry_event=false}
[18Nov2024 19:16:31.170] [Render thread/ERROR] [net.minecraft.advancements.AdvancementList/]: Couldn't load advancement terramity:angel_feather_advancement: Task Advancement{parentId=terramity:prismatic_jewel_advancement, display=net.minecraft.advancements.DisplayInfo@6a5cc8f9, rewards=AdvancementRewards{experience=20, loot=[], recipes=[], function=net.minecraft.commands.CommandFunction$CacheableFunction@3ea9c393}, criteria={angel_feather_advancement_0=net.minecraft.advancements.Criterion@670f4684}, requirements=[[angel_feather_advancement_0]], sends_telemetry_event=false}
[18Nov2024 19:16:31.170] [Render thread/ERROR] [net.minecraft.advancements.AdvancementList/]: Couldn't load advancement irons_spellbooks:irons_spellbooks/spell_book_rotten: Task Advancement{parentId=irons_spellbooks:irons_spellbooks/spell_book_equip, display=net.minecraft.advancements.DisplayInfo@4ed35770, rewards=AdvancementRewards{experience=0, loot=[], recipes=[], function=net.minecraft.commands.CommandFunction$CacheableFunction@3ea9c393}, criteria={requirement=net.minecraft.advancements.Criterion@53751348}, requirements=[[requirement]], sends_telemetry_event=false}
[18Nov2024 19:16:31.170] [Render thread/ERROR] [net.minecraft.advancements.AdvancementList/]: Couldn't load advancement irons_spellbooks:irons_spellbooks/spell_book_dead_king: Task Advancement{parentId=irons_spellbooks:irons_spellbooks/spell_book_equip, display=net.minecraft.advancements.DisplayInfo@a4aa25f, rewards=AdvancementRewards{experience=0, loot=[], recipes=[], function=net.minecraft.commands.CommandFunction$CacheableFunction@3ea9c393}, criteria={requirement=net.minecraft.advancements.Criterion@715e1f0d}, requirements=[[requirement]], sends_telemetry_event=false}
[18Nov2024 19:16:31.171] [Render thread/ERROR] [net.minecraft.advancements.AdvancementList/]: Couldn't load advancement terramity:microcosm_advancement: Task Advancement{parentId=terramity:prismatic_jewel_advancement, display=net.minecraft.advancements.DisplayInfo@5f606794, rewards=AdvancementRewards{experience=20, loot=[], recipes=[], function=net.minecraft.commands.CommandFunction$CacheableFunction@3ea9c393}, criteria={microcosm_advancement_0=net.minecraft.advancements.Criterion@5ec7ad02}, requirements=[[microcosm_advancement_0]], sends_telemetry_event=false}
[18Nov2024 19:16:31.171] [Render thread/ERROR] [net.minecraft.advancements.AdvancementList/]: Couldn't load advancement terramity:opaline_moonstone_advancement: Task Advancement{parentId=terramity:prismatic_jewel_advancement, display=net.minecraft.advancements.DisplayInfo@27a9d51a, rewards=AdvancementRewards{experience=20, loot=[], recipes=[], function=net.minecraft.commands.CommandFunction$CacheableFunction@3ea9c393}, criteria={opaline_moonstone_advancement_0=net.minecraft.advancements.Criterion@44e5d350}, requirements=[[opaline_moonstone_advancement_0]], sends_telemetry_event=false}
[18Nov2024 19:16:31.171] [Render thread/ERROR] [net.minecraft.advancements.AdvancementList/]: Couldn't load advancement irons_spellbooks:irons_spellbooks/spell_book_villager: Task Advancement{parentId=irons_spellbooks:irons_spellbooks/spell_book_equip, display=net.minecraft.advancements.DisplayInfo@1434cfec, rewards=AdvancementRewards{experience=0, loot=[], recipes=[], function=net.minecraft.commands.CommandFunction$CacheableFunction@3ea9c393}, criteria={requirement=net.minecraft.advancements.Criterion@7e21f169}, requirements=[[requirement]], sends_telemetry_event=false}
[18Nov2024 19:16:31.171] [Render thread/INFO] [net.minecraft.advancements.AdvancementList/]: Loaded 14490 advancements
[18Nov2024 19:16:31.184] [Render thread/INFO] [placebo/]: Registered 22 additional recipes.
[18Nov2024 19:16:31.220] [Render thread/INFO] [Curios API/]: Loaded 20 curio slots
[18Nov2024 19:16:31.242] [Render thread/INFO] [Curios API/]: Loaded 10 curio entities
[18Nov2024 19:16:31.265] [Render thread/WARN] [io.wispforest.accessories.data.EntitySlotLoader/]: Unable to locate the given slot for a given entity binding, it will be skipped: [Name: any]
[18Nov2024 19:16:31.312] [Render thread/WARN] [net.minecraftforge.common.loot.LootModifierManager/]: Could not decode GlobalLootModifier with json id apotheosis:affix_conversion - error: Unknown registry key in ResourceKey[minecraft:root / forge:global_loot_modifier_serializers]: apotheosis:affix_conversion
[18Nov2024 19:16:31.312] [Render thread/WARN] [net.minecraftforge.common.loot.LootModifierManager/]: Could not decode GlobalLootModifier with json id apotheosis:affix_loot - error: Unknown registry key in ResourceKey[minecraft:root / forge:global_loot_modifier_serializers]: apotheosis:affix_loot
[18Nov2024 19:16:31.312] [Render thread/WARN] [net.minecraftforge.common.loot.LootModifierManager/]: Could not decode GlobalLootModifier with json id apotheosis:gems - error: Unknown registry key in ResourceKey[minecraft:root / forge:global_loot_modifier_serializers]: apotheosis:gems
[18Nov2024 19:16:31.312] [Render thread/WARN] [net.minecraftforge.common.loot.LootModifierManager/]: Could not decode GlobalLootModifier with json id apotheosis:affix_hook - error: Unknown registry key in ResourceKey[minecraft:root / forge:global_loot_modifier_serializers]: apotheosis:affix_hook
[18Nov2024 19:16:31.315] [Render thread/WARN] [net.minecraftforge.common.loot.LootModifierManager/]: Could not decode GlobalLootModifier with json id witheringboon:inject_jungle_temple_lostviper - error: Unknown registry key in ResourceKey[minecraft:root / minecraft:item]: witheringboon:lostviperee
[18Nov2024 19:16:31.316] [Render thread/WARN] [net.minecraftforge.common.loot.LootModifierManager/]: Could not decode GlobalLootModifier with json id tetracelium:auto_smelt - error: Unknown registry key in ResourceKey[minecraft:root / forge:global_loot_modifier_serializers]: twilightforest:fiery_pick_smelting
[18Nov2024 19:16:31.318] [Render thread/INFO] [rechiseled/]: Loaded 273 chiseling recipes
[18Nov2024 19:16:31.319] [Render thread/INFO] [com.aqutheseal.celestisynth.api.misc.CodecJsonDataManager/]: Beginning loading of data for data loader: tiered_item_stats
[18Nov2024 19:16:31.319] [Render thread/INFO] [com.aqutheseal.celestisynth.api.misc.CodecJsonDataManager/]: Data loader for tiered_item_stats loaded 0 jsons
[18Nov2024 19:16:31.320] [Render thread/INFO] [atomicstryker.dynamiclights.server.ItemLightLevels/]: Clearing item tag to light level mapping cache
[18Nov2024 19:16:31.321] [Render thread/INFO] [enderio/]: Data loader for eio_soul/spawner loaded 73 jsons
[18Nov2024 19:16:31.321] [Render thread/INFO] [enderio/]: Data loader for eio_soul/engine loaded 5 jsons
[18Nov2024 19:16:31.375] [Render thread/WARN] [Modonomicon/]: BookErrorManager.error() called for book: spectrum:guidebook with error: BookErrorInfo{ 
errorMessage='Failed to load entry 'spectrum:guidebook/entries/mod_integration/botania'', 
context='Page Index: 6', 
exception='com.google.gson.JsonSyntaxException: Expcted ingredient to be a object or array of objects'
}
[18Nov2024 19:16:31.399] [Render thread/INFO] [com.sammy.malum.MalumMod/]: Ritual with registry name: malum:cthonic_conversion does not exist
[18Nov2024 19:16:31.416] [Render thread/INFO] [hostilenetworks/]: Registered 41 data_models.
[18Nov2024 19:16:31.418] [Render thread/INFO] [hostilenetworks/]: Registered 5 model_tiers.
[18Nov2024 19:16:31.426] [Render thread/INFO] [placebo/]: Registered 20 gear_sets.
[18Nov2024 19:16:31.428] [Render thread/INFO] [Apotheosis : Enchantment/]: Registered 31 enchanting_stats.
[18Nov2024 19:16:31.444] [Render thread/INFO] [Gateways to Eternity/]: Registered 7 gateways.
[18Nov2024 19:16:31.445] [Render thread/INFO] [Apotheosis : Village/]: Registered 0 wanderer_trades.
[18Nov2024 19:16:31.446] [Render thread/INFO] [se.mickelus.mutil.data.DataStore/]: Loaded   2 tiers
[18Nov2024 19:16:31.449] [Render thread/INFO] [se.mickelus.mutil.data.DataStore/]: Loaded   8 tweaks
[18Nov2024 19:16:31.453] [Render thread/INFO] [se.mickelus.mutil.data.MergingDataStore/]: Loaded 264 materials
[18Nov2024 19:16:31.463] [Render thread/INFO] [se.mickelus.mutil.data.DataStore/]: Loaded 197 improvements
[18Nov2024 19:16:31.512] [Render thread/INFO] [se.mickelus.mutil.data.MergingDataStore/]: Loaded 154 modules
[18Nov2024 19:16:31.639] [Render thread/INFO] [se.mickelus.tetra.client.model.ModularModelLoader/]: Clearing model cache for 0 items, let's get bakin'
[18Nov2024 19:16:31.639] [Render thread/INFO] [se.mickelus.mutil.data.DataStore/]: Loaded   0 enchantments
[18Nov2024 19:16:31.639] [Render thread/INFO] [se.mickelus.mutil.data.DataStore/]: Loaded  27 synergies
[18Nov2024 19:16:31.641] [Render thread/INFO] [se.mickelus.mutil.data.DataStore/]: Loaded  44 replacements
[18Nov2024 19:16:31.654] [Render thread/INFO] [se.mickelus.mutil.data.MergingDataStore/]: Loaded 539 schematics
[18Nov2024 19:16:31.727] [Render thread/INFO] [se.mickelus.mutil.data.MergingDataStore/]: Loaded  22 crafting_effects
[18Nov2024 19:16:31.736] [Render thread/INFO] [se.mickelus.mutil.data.DataStore/]: Loaded  48 repairs
[18Nov2024 19:16:31.739] [Render thread/INFO] [se.mickelus.mutil.data.DataStore/]: Loaded   3 actions
[18Nov2024 19:16:31.742] [Render thread/INFO] [se.mickelus.mutil.data.DataStore/]: Loaded   0 destabilization
[18Nov2024 19:16:31.742] [Render thread/INFO] [se.mickelus.mutil.data.DataStore/]: Loaded   0 unlocks
[18Nov2024 19:16:31.743] [Render thread/INFO] [se.mickelus.mutil.data.DataStore/]: Loaded   0 archetypes
[18Nov2024 19:16:31.785] [Render thread/INFO] [majruszlibrary/]: [majruszsdifficulty.json] Reloading configuration file took 8 milliseconds
[18Nov2024 19:16:31.786] [Render thread/INFO] [majruszlibrary/]: [majruszsenchantments.json] Reloading configuration file took 1 milliseconds
[18Nov2024 19:16:31.787] [Render thread/INFO] [majruszlibrary/]: [majruszlibrary.json] Reloading configuration file took 1 milliseconds
[18Nov2024 19:16:32.835] [Render thread/INFO] [Cucumber Library/]: Loaded cucumber-tags.json in 1 ms
[18Nov2024 19:16:32.842] [Render thread/INFO] [org.betterx.worlds.together.util.Logger/]: [bclib] Updating Pickers for BCLib - The End  BiomeSource (1461af86)
[18Nov2024 19:16:32.845] [Render thread/INFO] [org.betterx.worlds.together.util.Logger/]: [bclib] Make sure features are loaded from terrablender:org.betterx.bclib.api.v2.generator.BCLibEndBiomeSource
[18Nov2024 19:16:32.845] [Render thread/INFO] [org.betterx.worlds.together.util.Logger/]: [bclib] Updating Pickers for BCLib - Nether BiomeSource (79ad4f13)
[18Nov2024 19:16:32.858] [Render thread/INFO] [org.betterx.worlds.together.util.Logger/]: [bclib] Make sure features are loaded from terrablender:org.betterx.bclib.api.v2.generator.BCLibNetherBiomeSource
[18Nov2024 19:16:32.861] [Render thread/INFO] [org.betterx.worlds.together.util.Logger/]: [bclib] Enforcing Correct Generator for minecraft:the_end.
[18Nov2024 19:16:32.861] [Render thread/INFO] [org.betterx.worlds.together.util.Logger/]: [bclib] Updating Pickers for BCLib - The End  BiomeSource (1461af86)
[18Nov2024 19:16:32.862] [Render thread/INFO] [org.betterx.worlds.together.util.Logger/]: [bclib] Make sure features are loaded from terrablender:org.betterx.bclib.api.v2.generator.BCLibEndBiomeSource
[18Nov2024 19:16:32.862] [Render thread/INFO] [org.betterx.worlds.together.util.Logger/]: [bclib] Enforcing Correct Generator for minecraft:the_nether.
[18Nov2024 19:16:32.862] [Render thread/INFO] [org.betterx.worlds.together.util.Logger/]: [bclib] Updating Pickers for BCLib - Nether BiomeSource (79ad4f13)
[18Nov2024 19:16:32.872] [Render thread/INFO] [org.betterx.worlds.together.util.Logger/]: [bclib] Make sure features are loaded from terrablender:org.betterx.bclib.api.v2.generator.BCLibNetherBiomeSource
[18Nov2024 19:16:32.873] [Render thread/INFO] [org.betterx.worlds.together.util.Logger/]: [worlds_together] Loading originally configured Dimensions in World.
[18Nov2024 19:16:32.879] [Render thread/INFO] [FluxNetworks/]: Released client Flux Networks cache
[18Nov2024 19:16:33.178] [Server thread/INFO] [Spectrum/]: [Spectrum] Fetching server instance...
[18Nov2024 19:16:33.179] [Server thread/INFO] [Extra Alchemy/]: Proxy already registered, skipping
[18Nov2024 19:16:33.179] [Server thread/INFO] [net.minecraft.client.server.IntegratedServer/]: Starting integrated minecraft server version 1.20.1
[18Nov2024 19:16:33.179] [Server thread/INFO] [net.minecraft.server.MinecraftServer/]: Generating keypair
[18Nov2024 19:16:33.221] [Server thread/INFO] [Enchanting Infuser API/]: Set new EnchantStatsProvider for mod apotheosis
[18Nov2024 19:16:33.222] [Server thread/INFO] [Puzzles Lib/]: Loading server config for enchantinginfuser
[18Nov2024 19:16:33.236] [Server thread/INFO] [FluxNetworks/Energy]: Energy blacklist loaded: 1 block entries, 0 item entries
[18Nov2024 19:16:33.263] [Server thread/INFO] [com.mna.ManaAndArtifice/]: M&A >> Baking General Config
[18Nov2024 19:16:33.562] [Server thread/INFO] [com.mna.ManaAndArtifice/]: M&A >> Baking Spell Config
[18Nov2024 19:16:33.661] [Server thread/INFO] [Framework/]: Loading server configs...
[18Nov2024 19:16:33.678] [Server thread/INFO] [com.mna.ManaAndArtifice/]: Mana And Artifice >> Applied villager librarian balance changes.
[18Nov2024 19:16:33.689] [Server thread/INFO] [atomicstryker.dynamiclights.server.modules.PlayerSelfLightSource/]: item config parser identified itemstack 1 torch
[18Nov2024 19:16:33.689] [Server thread/INFO] [atomicstryker.dynamiclights.server.modules.PlayerSelfLightSource/]: item config parser identified itemstack 1 glowstone
[18Nov2024 19:16:33.689] [Server thread/INFO] [atomicstryker.dynamiclights.server.modules.PlayerSelfLightSource/]: item config parser finished, item count: 2
[18Nov2024 19:16:33.689] [Server thread/INFO] [atomicstryker.dynamiclights.server.modules.PlayerSelfLightSource/]: item config parser identified itemstack 1 torch
[18Nov2024 19:16:33.689] [Server thread/INFO] [atomicstryker.dynamiclights.server.modules.PlayerSelfLightSource/]: item config parser finished, item count: 1
[18Nov2024 19:16:33.690] [Server thread/INFO] [atomicstryker.dynamiclights.server.modules.DroppedItemsLightSource/]: item config parser identified itemstack 1 torch
[18Nov2024 19:16:33.690] [Server thread/INFO] [atomicstryker.dynamiclights.server.modules.DroppedItemsLightSource/]: item config parser identified itemstack 1 glowstone
[18Nov2024 19:16:33.690] [Server thread/INFO] [atomicstryker.dynamiclights.server.modules.DroppedItemsLightSource/]: item config parser finished, item count: 2
[18Nov2024 19:16:33.690] [Server thread/INFO] [atomicstryker.dynamiclights.server.modules.DroppedItemsLightSource/]: item config parser identified itemstack 1 torch
[18Nov2024 19:16:33.690] [Server thread/INFO] [atomicstryker.dynamiclights.server.modules.DroppedItemsLightSource/]: item config parser finished, item count: 1
[18Nov2024 19:16:34.042] [Server thread/INFO] [terrablender/]: Initialized TerraBlender biomes for level stem minecraft:overworld
[18Nov2024 19:16:34.051] [Server thread/INFO] [org.betterx.worlds.together.util.Logger/]: [bclib] 
Apply Modifications for voidscape:void
    VoidscapeLayeredBiomeProvider (77b85da0)
        biomes     = 8
        namespaces = voidscape(8)
[18Nov2024 19:16:34.052] [Server thread/INFO] [org.betterx.worlds.together.util.Logger/]: [bclib] 
Apply Modifications for bloodmagic:dungeon
    FixedBiomeSource (8b4a8c0)
        biomes     = 1
        namespaces = bloodmagic(1)
[18Nov2024 19:16:34.052] [Server thread/INFO] [org.betterx.worlds.together.util.Logger/]: [bclib] 
Apply Modifications for dimdungeons:dungeon_dimension
    FixedBiomeSource (4d06e69)
        biomes     = 1
        namespaces = dimdungeons(1)
[18Nov2024 19:16:34.052] [Server thread/INFO] [org.betterx.worlds.together.util.Logger/]: [bclib] 
Apply Modifications for dimdungeons:build_dimension
    FixedBiomeSource (49bfb765)
        biomes     = 1
        namespaces = dimdungeons(1)
[18Nov2024 19:16:34.052] [Server thread/INFO] [org.betterx.worlds.together.util.Logger/]: [bclib] 
Apply Modifications for minecraft:the_end
    BCLib - The End  BiomeSource (1461af86)
        biomes     = 24
        namespaces = minecraft(5), betterend(19)
        seed       = 0
        height     = 128
        deciders   = 0
        config     = BCLEndBiomeSourceConfig{mapVersion=hex, generatorVersion=vanilla, withVoidBiomes=true, innerVoidRadiusSquared=1048576, voidBiomesSize=256, centerBiomesSize=256, landBiomesSize=256, barrensBiomesSize=256}
[18Nov2024 19:16:34.062] [Server thread/INFO] [org.betterx.worlds.together.util.Logger/]: [bclib] 
Apply Modifications for minecraft:overworld
    MultiNoiseBiomeSource (1d80dbe1)
        biomes     = 222
        namespaces = minecraft(53), terralith(94), terramity(1), yungscavebiomes(2), regions_unexplored(66), ars_nouveau(1), alexscaves(5)
[18Nov2024 19:16:34.062] [Server thread/INFO] [org.betterx.worlds.together.util.Logger/]: [bclib] 
Apply Modifications for mythicbotany:alfheim
    LayeredBiomeSource (20335cea)
        biomes     = 5
        namespaces = mythicbotany(5)
[18Nov2024 19:16:34.062] [Server thread/INFO] [org.betterx.worlds.together.util.Logger/]: [bclib] 
Apply Modifications for minecraft:the_nether
    BCLib - Nether BiomeSource (79ad4f13)
        biomes     = 32
        namespaces = betternether(22), minecraft(5), regions_unexplored(5)
        seed       = 0
        height     = 128
        config     = BCLibNetherBiomeSourceConfig{mapVersion=hex, useVerticalBiomes=true, amplified=false, biomeSize=256, biomeSizeVertical=86}
[18Nov2024 19:16:34.064] [Server thread/INFO] [org.betterx.worlds.together.util.Logger/]: [bclib] 
Apply Modifications for spectrum:deeper_down
    MultiNoiseBiomeSource (4cde7c13)
        biomes     = 8
        namespaces = spectrum(8)
[18Nov2024 19:16:34.064] [Server thread/INFO] [org.betterx.worlds.together.util.Logger/]: [bclib] 
Apply Modifications for wrd:wesleys_infinite_dungeons
    MultiNoiseBiomeSource (3b08fc2d)
        biomes     = 1
        namespaces = wrd(1)
[18Nov2024 19:16:34.064] [Server thread/INFO] [org.betterx.worlds.together.util.Logger/]: [bclib] 
Apply Modifications for deeperdarker:otherside
    MultiNoiseBiomeSource (71eab196)
        biomes     = 4
        namespaces = deeperdarker(4)
[18Nov2024 19:16:34.064] [Server thread/INFO] [org.betterx.worlds.together.util.Logger/]: [bclib] 
Apply Modifications for graveyard:past
    MultiNoiseBiomeSource (67a7b74a)
        biomes     = 53
        namespaces = minecraft(53)
[18Nov2024 19:16:34.064] [Server thread/INFO] [org.betterx.worlds.together.util.Logger/]: [bclib] 
Apply Modifications for mahoutsukai:reality_marble
    FixedBiomeSource (560eaede)
        biomes     = 1
        namespaces = mahoutsukai(1)
[18Nov2024 19:16:34.064] [Server thread/INFO] [org.betterx.worlds.together.util.Logger/]: [bclib] World Dimensions: 
 - voidscape:void: 
     tamaized.voidscape.world.VoidChunkGenerator@2969372d 
     VoidscapeLayeredBiomeProvider (77b85da0)
         biomes     = 8
         namespaces = voidscape(8)
 - bloodmagic:dungeon: 
     net.minecraft.world.level.levelgen.NoiseBasedChunkGenerator@77b6e642 
     FixedBiomeSource (8b4a8c0)
         biomes     = 1
         namespaces = bloodmagic(1)
 - dimdungeons:dungeon_dimension: 
     net.minecraft.world.level.levelgen.FlatLevelSource@6460e181 
     FixedBiomeSource (4d06e69)
         biomes     = 1
         namespaces = dimdungeons(1)
 - dimdungeons:build_dimension: 
     net.minecraft.world.level.levelgen.FlatLevelSource@9fbcce6 
     FixedBiomeSource (49bfb765)
         biomes     = 1
         namespaces = dimdungeons(1)
 - minecraft:the_end: 
     BCLib - Chunk Generator (4a765a55) 
     BCLib - The End  BiomeSource (1461af86)
         biomes     = 24
         namespaces = minecraft(5), betterend(19)
         seed       = 0
         height     = 128
         deciders   = 0
         config     = BCLEndBiomeSourceConfig{mapVersion=hex, generatorVersion=vanilla, withVoidBiomes=true, innerVoidRadiusSquared=1048576, voidBiomesSize=256, centerBiomesSize=256, landBiomesSize=256, barrensBiomesSize=256}
 - minecraft:overworld: 
     net.minecraft.world.level.levelgen.NoiseBasedChunkGenerator@410700ba 
     MultiNoiseBiomeSource (1d80dbe1)
         biomes     = 222
         namespaces = minecraft(53), terralith(94), terramity(1), yungscavebiomes(2), regions_unexplored(66), ars_nouveau(1), alexscaves(5)
 - mythicbotany:alfheim: 
     org.moddingx.libx.sandbox.generator.ExtendedNoiseChunkGenerator@3a50536b 
     LayeredBiomeSource (20335cea)
         biomes     = 5
         namespaces = mythicbotany(5)
 - minecraft:the_nether: 
     BCLib - Chunk Generator (3aa9e7ff) 
     BCLib - Nether BiomeSource (79ad4f13)
         biomes     = 32
         namespaces = betternether(22), minecraft(5), regions_unexplored(5)
         seed       = 0
         height     = 128
         config     = BCLibNetherBiomeSourceConfig{mapVersion=hex, useVerticalBiomes=true, amplified=false, biomeSize=256, biomeSizeVertical=86}
 - spectrum:deeper_down: 
     net.minecraft.world.level.levelgen.NoiseBasedChunkGenerator@429504fa 
     MultiNoiseBiomeSource (4cde7c13)
         biomes     = 8
         namespaces = spectrum(8)
 - wrd:wesleys_infinite_dungeons: 
     net.minecraft.world.level.levelgen.NoiseBasedChunkGenerator@4e6b62ac 
     MultiNoiseBiomeSource (3b08fc2d)
         biomes     = 1
         namespaces = wrd(1)
 - deeperdarker:otherside: 
     net.minecraft.world.level.levelgen.NoiseBasedChunkGenerator@1bb2c985 
     MultiNoiseBiomeSource (71eab196)
         biomes     = 4
         namespaces = deeperdarker(4)
 - graveyard:past: 
     net.minecraft.world.level.levelgen.NoiseBasedChunkGenerator@72ccd710 
     MultiNoiseBiomeSource (67a7b74a)
         biomes     = 53
         namespaces = minecraft(53)
 - mahoutsukai:reality_marble: 
     net.minecraft.world.level.levelgen.NoiseBasedChunkGenerator@5b7dbb7b 
     FixedBiomeSource (560eaede)
         biomes     = 1
         namespaces = mahoutsukai(1)
[18Nov2024 19:16:34.067] [Server thread/INFO] [org.betterx.worlds.together.util.Logger/]: [bclib] Merged 19 additional Surface Rules for 
BCLib - The End  BiomeSource (1461af86)
    biomes     = 24
    namespaces = minecraft(5), betterend(19)
    seed       = 0
    height     = 128
    deciders   = 0
    config     = BCLEndBiomeSourceConfig{mapVersion=hex, generatorVersion=vanilla, withVoidBiomes=true, innerVoidRadiusSquared=1048576, voidBiomesSize=256, centerBiomesSize=256, landBiomesSize=256, barrensBiomesSize=256} => 20
[18Nov2024 19:16:34.068] [Server thread/INFO] [org.betterx.worlds.together.util.Logger/]: [bclib] Merged 22 additional Surface Rules for 
BCLib - Nether BiomeSource (79ad4f13)
    biomes     = 32
    namespaces = betternether(22), minecraft(5), regions_unexplored(5)
    seed       = 0
    height     = 128
    config     = BCLibNetherBiomeSourceConfig{mapVersion=hex, useVerticalBiomes=true, amplified=false, biomeSize=256, biomeSizeVertical=86} => 74
[18Nov2024 19:16:34.520] [Server thread/INFO] [shetiphian.core.ShetiPhianCore/]: Loading Teams Data
[18Nov2024 19:16:34.520] [Server thread/INFO] [shetiphian.core.ShetiPhianCore/]: Finished Loading Teams Data
[18Nov2024 19:16:34.526] [Thread-1/INFO] [ModernFix/]: Please use /mfrc to reload any changed mod config files
[18Nov2024 19:16:34.682] [Server thread/INFO] [net.regions_unexplored.RegionsUnexploredMod/]: Loading dimension "minecraft:the_nether" with biome source: "bclib:nether_biome_source".
[18Nov2024 19:16:34.682] [Server thread/INFO] [net.minecraft.server.MinecraftServer/]: Preparing start region for dimension minecraft:overworld
[18Nov2024 19:16:34.684] [Server thread/WARN] [mixin/]: Method overwrite conflict for removeIf in lithium.mixins.json:world.chunk_tickets.SortedArraySetMixin from mod radium, previously written by org.embeddedt.modernfix.common.mixin.bugfix.paper_chunk_patches.SortedArraySetMixin. Skipping method.
[18Nov2024 19:16:35.383] [Render thread/INFO] [net.minecraft.server.level.progress.LoggerChunkProgressListener/]: Preparing spawn area: 0%
[18Nov2024 19:16:35.383] [Render thread/INFO] [net.minecraft.server.level.progress.LoggerChunkProgressListener/]: Preparing spawn area: 0%
[18Nov2024 19:16:35.915] [Server thread/INFO] [net.minecraftforge.server.permission.PermissionAPI/]: Successfully initialized permission handler forge:default_handler
[18Nov2024 19:16:35.916] [Server thread/INFO] [xyz.iwolfking.rechiseledchipped.RechiseledChipped/]: HELLO from server starting
[18Nov2024 19:16:35.926] [Render thread/INFO] [net.minecraft.server.level.progress.LoggerChunkProgressListener/]: Time elapsed: 1243 ms
[18Nov2024 19:16:35.990] [Server thread/INFO] [com.mystchonky.tomeofblood.TomeOfBlood/]: HELLO from server starting
[18Nov2024 19:16:36.000] [Server thread/INFO] [AE2:S/]: Scanning class appeng.server.testplots.TestPlots for plots
[18Nov2024 19:16:36.004] [Server thread/INFO] [AE2:S/]: Scanning class appeng.server.testplots.AutoCraftingTestPlots for plots
[18Nov2024 19:16:36.004] [Server thread/INFO] [AE2:S/]: Scanning class appeng.server.testplots.InscriberTestPlots for plots
[18Nov2024 19:16:36.016] [Server thread/INFO] [AE2:S/]: Scanning class appeng.server.testplots.P2PTestPlots for plots
[18Nov2024 19:16:36.016] [Server thread/INFO] [AE2:S/]: Scanning class appeng.server.testplots.ItemP2PTestPlots for plots
[18Nov2024 19:16:36.016] [Server thread/INFO] [AE2:S/]: Scanning class appeng.server.testplots.MemoryCardTestPlots for plots
[18Nov2024 19:16:36.017] [Server thread/INFO] [AE2:S/]: Scanning class appeng.server.testplots.PatternProviderLockModePlots for plots
[18Nov2024 19:16:36.017] [Server thread/INFO] [AE2:S/]: Scanning class appeng.server.testplots.PatternProviderPlots for plots
[18Nov2024 19:16:36.017] [Server thread/INFO] [AE2:S/]: Scanning class appeng.server.testplots.SpatialTestPlots for plots
[18Nov2024 19:16:36.017] [Server thread/INFO] [AE2:S/]: Scanning class appeng.server.testplots.QnbTestPlots for plots
[18Nov2024 19:16:36.017] [Server thread/INFO] [AE2:S/]: Scanning class appeng.server.testplots.GuidebookPlot for plots
[18Nov2024 19:16:36.018] [Server thread/INFO] [AE2:S/]: Scanning class appeng.server.testplots.SubnetPlots for plots
[18Nov2024 19:16:36.018] [Server thread/INFO] [AE2:S/]: Scanning class appeng.server.testplots.AnnihilationPlaneTests for plots
[18Nov2024 19:16:36.018] [Server thread/INFO] [AE2:S/]: Scanning class de.mari_023.ae2wtlib.AE2WTLibTestPlots for plots
[18Nov2024 19:16:36.047] [Server thread/INFO] [Observable/]: Registered thread Server thread
[18Nov2024 19:16:36.050] [Server thread/INFO] [shetiphian.endertanks.EnderTanks/]: Loading EnderTank Data
[18Nov2024 19:16:36.050] [Server thread/INFO] [shetiphian.endertanks.EnderTanks/]: Finished Loading EnderTank Data
[18Nov2024 19:16:36.082] [Server thread/INFO] [quphoria.compactvoidminers.CompactVoidMiners/]: CACHING ITEM TAGS, LAG MAY ENSUE
[18Nov2024 19:16:36.102] [Server thread/INFO] [quphoria.compactvoidminers.CompactVoidMiners/]: CACHING ITEM TAGS COMPLETE: Cached 41501 items
[18Nov2024 19:16:36.102] [Server thread/INFO] [quphoria.compactvoidminers.CompactVoidMiners/]: CACHING FLUIDS, LAG MAY ENSUE
[18Nov2024 19:16:36.103] [Server thread/INFO] [quphoria.compactvoidminers.CompactVoidMiners/]: CACHING FLUIDS COMPLETE
[18Nov2024 19:16:36.379] [Server thread/INFO] [MEGA Cells/]: (Re-)initialised bulk cell compression.
[18Nov2024 19:16:36.380] [Server thread/INFO] [patchouli/]: Sending reload packet to clients
[18Nov2024 19:16:36.402] [Server thread/INFO] [mcjty.lib.setup.DefaultModSetup/]: Reading dimlet packages: 
[18Nov2024 19:16:36.407] [Server thread/INFO] [mcjty.lib.setup.DefaultModSetup/]: Reading dimlet package: base.json, 75 valid dimlets found
[18Nov2024 19:16:36.409] [Server thread/INFO] [mcjty.lib.setup.DefaultModSetup/]: Reading dimlet package: vanilla_blocks.json, 290 valid dimlets found
[18Nov2024 19:16:36.409] [Server thread/INFO] [mcjty.lib.setup.DefaultModSetup/]: Reading dimlet package: vanilla_tags.json, 7 valid dimlets found
[18Nov2024 19:16:36.409] [Server thread/INFO] [mcjty.lib.setup.DefaultModSetup/]: Reading dimlet package: vanilla_fluids.json, 2 valid dimlets found
[18Nov2024 19:16:36.410] [Server thread/INFO] [mcjty.lib.setup.DefaultModSetup/]: Reading dimlet package: vanilla_biomes.json, 61 valid dimlets found
[18Nov2024 19:16:36.410] [Server thread/INFO] [mcjty.lib.setup.DefaultModSetup/]: Reading dimlet package: vanilla_structures.json, 25 valid dimlets found
[18Nov2024 19:16:36.410] [Server thread/INFO] [mcjty.lib.setup.DefaultModSetup/]: Reading dimlet package: rftools.json, 10 valid dimlets found
[18Nov2024 19:16:36.410] [Server thread/INFO] [mcjty.lib.setup.DefaultModSetup/]: Reading dimlet package: appliedenergistics2.json, 11 valid dimlets found
[18Nov2024 19:16:36.411] [Server thread/INFO] [mcjty.lib.setup.DefaultModSetup/]: Reading dimlet package: biggerreactors.json, 0 valid dimlets found
[18Nov2024 19:16:36.411] [Server thread/INFO] [mcjty.lib.setup.DefaultModSetup/]: Reading dimlet package: bigreactors.json, 0 valid dimlets found
[18Nov2024 19:16:36.411] [Server thread/INFO] [mcjty.lib.setup.DefaultModSetup/]: Reading dimlet package: botania.json, 121 valid dimlets found
[18Nov2024 19:16:36.411] [Server thread/INFO] [mcjty.lib.setup.DefaultModSetup/]: Reading dimlet package: immersiveengineering.json, 0 valid dimlets found
[18Nov2024 19:16:36.412] [Server thread/INFO] [mcjty.lib.setup.DefaultModSetup/]: Reading dimlet package: mekanism.json, 176 valid dimlets found
[18Nov2024 19:16:36.412] [Server thread/INFO] [mcjty.lib.setup.DefaultModSetup/]: Reading dimlet package: powah.json, 10 valid dimlets found
[18Nov2024 19:16:36.413] [Server thread/INFO] [mcjty.lib.setup.DefaultModSetup/]: Reading dimlet package: quark.json, 0 valid dimlets found
[18Nov2024 19:16:36.413] [Server thread/INFO] [mcjty.lib.setup.DefaultModSetup/]: Reading dimlet package: tconstruct.json, 0 valid dimlets found
[18Nov2024 19:16:36.413] [Server thread/INFO] [mcjty.lib.setup.DefaultModSetup/]: Reading dimlet package: thermal.json, 104 valid dimlets found
[18Nov2024 19:16:36.414] [Server thread/INFO] [mcjty.lib.setup.DefaultModSetup/]: Reading dimlet package: biomesoplenty.json, 0 valid dimlets found
[18Nov2024 19:16:36.416] [Server thread/INFO] [mcjty.lib.setup.DefaultModSetup/]: Reading dimlet package: emendatusenigmatica.json, 0 valid dimlets found
[18Nov2024 19:16:36.491] [Server thread/INFO] [Spectrum/]: [Spectrum] Querying fluid luminance...
[18Nov2024 19:16:36.496] [Server thread/INFO] [Spectrum/]: [Spectrum] Injecting dynamic recipes into recipe manager...
[18Nov2024 19:16:37.337] [Server thread/INFO] [net.minecraft.client.server.IntegratedServer/]: Changing view distance to 16, from 10
[18Nov2024 19:16:37.338] [Server thread/INFO] [net.minecraft.client.server.IntegratedServer/]: Changing simulation distance to 16, from 0
[18Nov2024 19:16:37.431] [Render thread/WARN] [io.netty.util.internal.SystemPropertyUtil/]: Unable to parse the boolean system property 'java.net.preferIPv6Addresses':system - using the default value: false
[18Nov2024 19:16:47.024] [Server thread/INFO] [owo/]: [Handshake] Sending channel query
[18Nov2024 19:16:47.025] [Netty Local Client IO #0/INFO] [owo/]: [Handshake] Sending client channels
[18Nov2024 19:16:47.032] [Netty Server IO #1/INFO] [owo/]: [Handshake] Receiving client channels
[18Nov2024 19:16:47.032] [Netty Server IO #1/INFO] [owo/]: [Handshake] Handshake completed successfully
[18Nov2024 19:16:47.033] [Netty Local Client IO #0/INFO] [net.minecraftforge.network.NetworkHooks/]: Connected to a modded server.
[18Nov2024 19:16:47.033] [Server thread/WARN] [net.minecraft.network.syncher.SynchedEntityData/]: defineId called for: class net.minecraft.world.entity.player.Player from class zabi.minecraft.extraalchemy.entitydata.DataTrackers
[18Nov2024 19:16:47.139] [Server thread/INFO] [net.minecraft.server.players.PlayerList/]: dot_dash[local:E:43c728f9] logged in with entity id 156 at (253.36935307303887, 93.2116797148104, -16.61571349144862)
[18Nov2024 19:16:47.219] [Server thread/INFO] [Modonomicon/]: Building books ...
[18Nov2024 19:16:47.221] [Render thread/INFO] [Oculus/]: Reloading pipeline on dimension change: NamespacedId{namespace='minecraft', name='overworld'} => NamespacedId{namespace='minecraft', name='overworld'}
[18Nov2024 19:16:47.222] [Render thread/INFO] [Oculus/]: Destroying pipeline NamespacedId{namespace='minecraft', name='overworld'}
[18Nov2024 19:16:47.237] [Render thread/INFO] [Oculus/]: Creating pipeline for dimension NamespacedId{namespace='minecraft', name='overworld'}
[18Nov2024 19:16:47.239] [Render thread/INFO] [Oculus/]: Starting custom uniform resolving
[18Nov2024 19:16:47.241] [Server thread/WARN] [Modonomicon/]: Recipe spectrum:titration_barrel/bristle_mead (of type spectrum:titration_barrel) not found.
[18Nov2024 19:16:47.241] [Server thread/WARN] [Modonomicon/]: Recipe spectrum:titration_barrel/infused_beverages/lager (of type spectrum:titration_barrel) not found.
[18Nov2024 19:16:47.241] [Server thread/WARN] [Modonomicon/]: Recipe spectrum:titration_barrel/infused_beverages/mead (of type spectrum:titration_barrel) not found.
[18Nov2024 19:16:47.241] [Server thread/WARN] [Modonomicon/]: Recipe spectrum:titration_barrel/clotted_cream (of type spectrum:titration_barrel) not found.
[18Nov2024 19:16:47.243] [Server thread/INFO] [Modonomicon/]: Books built.
[18Nov2024 19:16:47.424] [Server thread/INFO] [net.minecraft.server.MinecraftServer/]: dot_dash joined the game
[18Nov2024 19:16:47.627] [Server thread/INFO] [org.zeith.solarflux.SolarFlux/]: Sending solar panels to dot_dash.
[18Nov2024 19:16:47.672] [Server thread/INFO] [Jade/]: Syncing config to dot_dash (0b427cf5-36a2-4349-a408-aed73c0b37ff)
[18Nov2024 19:16:47.677] [Server thread/INFO] [se.mickelus.tetra.data.DataManager/]: Sending data to client: dot_dash
[18Nov2024 19:16:47.750] [Server thread/INFO] [mcjty.lib.setup.DefaultModSetup/]: Client logged in: sending dimlet packages
[18Nov2024 19:16:47.999] [Render thread/WARN] [Oculus/]: Error while parsing the block ID map entry for "block.10104":
[18Nov2024 19:16:47.999] [Render thread/WARN] [Oculus/]: - The block minecraft:stone_slab has no property with the name variant, ignoring!
[18Nov2024 19:16:48.004] [Render thread/INFO] [HammerLib/]: Registered custom glint render buffers.
[18Nov2024 19:16:48.034] [Render thread/WARN] [Embeddium-MixinTaintDetector/]: Mod(s) [chunksfadein, ebe, oculus] are modifying Embeddium class me.jellysquid.mods.sodium.client.render.chunk.RenderSectionManager, which may cause instability.
[18Nov2024 19:16:48.041] [Render thread/WARN] [Embeddium-MixinTaintDetector/]: Mod(s) [oculus] are modifying Embeddium class me.jellysquid.mods.sodium.client.render.chunk.compile.tasks.ChunkBuilderMeshingTask, which may cause instability.
[18Nov2024 19:16:48.048] [Render thread/WARN] [Embeddium-MixinTaintDetector/]: Mod(s) [oculus] are modifying Embeddium class me.jellysquid.mods.sodium.client.render.chunk.vertex.format.ChunkMeshFormats, which may cause instability.
[18Nov2024 19:16:48.049] [Render thread/WARN] [Embeddium-MixinTaintDetector/]: Mod(s) [oculus] are modifying Embeddium class me.jellysquid.mods.sodium.client.render.chunk.vertex.format.ChunkMeshAttribute, which may cause instability.
[18Nov2024 19:16:48.051] [Render thread/WARN] [Embeddium-MixinTaintDetector/]: Mod(s) [oculus] are modifying Embeddium class me.jellysquid.mods.sodium.client.gl.attribute.GlVertexFormat$Builder, which may cause instability.
[18Nov2024 19:16:48.054] [Render thread/WARN] [Embeddium-MixinTaintDetector/]: Mod(s) [oculus] are modifying Embeddium class me.jellysquid.mods.sodium.client.gl.attribute.GlVertexAttributeFormat, which may cause instability.
[18Nov2024 19:16:48.059] [Render thread/WARN] [Embeddium-MixinTaintDetector/]: Mod(s) [chunksfadein, oculus] are modifying Embeddium class me.jellysquid.mods.sodium.client.render.chunk.DefaultChunkRenderer, which may cause instability.
[18Nov2024 19:16:48.062] [Render thread/WARN] [Embeddium-MixinTaintDetector/]: Mod(s) [oculus] are modifying Embeddium class me.jellysquid.mods.sodium.client.render.chunk.ShaderChunkRenderer, which may cause instability.
[18Nov2024 19:16:48.090] [Render thread/WARN] [Embeddium-MixinTaintDetector/]: Mod(s) [oculus] are modifying Embeddium class me.jellysquid.mods.sodium.client.render.chunk.compile.ChunkBuildBuffers, which may cause instability.
[18Nov2024 19:16:48.093] [Render thread/WARN] [Embeddium-MixinTaintDetector/]: Mod(s) [oculus] are modifying Embeddium class me.jellysquid.mods.sodium.client.render.chunk.vertex.builder.ChunkMeshBufferBuilder, which may cause instability.
[18Nov2024 19:16:48.096] [Render thread/WARN] [Embeddium-MixinTaintDetector/]: Mod(s) [oculus] are modifying Embeddium class me.jellysquid.mods.sodium.client.render.chunk.compile.buffers.BakedChunkModelBuilder, which may cause instability.
[18Nov2024 19:16:48.155] [Render thread/WARN] [Embeddium-MixinTaintDetector/]: Mod(s) [oculus] are modifying Embeddium class me.jellysquid.mods.sodium.client.model.light.smooth.SmoothLightPipeline, which may cause instability.
[18Nov2024 19:16:48.160] [Render thread/WARN] [Embeddium-MixinTaintDetector/]: Mod(s) [oculus] are modifying Embeddium class me.jellysquid.mods.sodium.client.model.light.flat.FlatLightPipeline, which may cause instability.
[18Nov2024 19:16:48.185] [Render thread/WARN] [Embeddium-MixinTaintDetector/]: Mod(s) [culllessleaves] are modifying Embeddium class me.jellysquid.mods.sodium.client.render.chunk.compile.pipeline.BlockOcclusionCache, which may cause instability.
[18Nov2024 19:16:48.210] [Render thread/INFO] [ChunkBuilder/]: Started 10 worker threads
[18Nov2024 19:16:48.465] [Render thread/INFO] [mezz.jei.forge.startup.StartEventObserver/]: JEI StartEventObserver received class net.minecraftforge.client.event.ClientPlayerNetworkEvent$LoggingIn
[18Nov2024 19:16:48.466] [Render thread/INFO] [mezz.jei.forge.startup.StartEventObserver/]: JEI StartEventObserver transitioning state from DISABLED to ENABLED
[18Nov2024 19:16:48.689] [Render thread/INFO] [org.betterx.worlds.together.util.Logger/]: [bclib] Sending hello to server.
[18Nov2024 19:16:48.708] [Render thread/INFO] [placebo/]: Starting sync for data_models
[18Nov2024 19:16:48.714] [Render thread/INFO] [placebo/]: Starting sync for model_tiers
[18Nov2024 19:16:48.714] [Render thread/INFO] [placebo/]: Starting sync for enchanting_stats
[18Nov2024 19:16:48.714] [Render thread/INFO] [placebo/]: Starting sync for gateways
[18Nov2024 19:16:48.735] [Render thread/INFO] [powah/Wiki]: Started wikis recipes collecting...
[18Nov2024 19:16:48.925] [Server thread/INFO] [org.betterx.worlds.together.util.Logger/]: [bclib] Received Hello from Client. (server=3.0.14, client=3.0.14)
[18Nov2024 19:16:48.925] [Server thread/INFO] [org.betterx.worlds.together.util.Logger/]: [bclib] Auto-Sync is disabled for Singleplayer worlds.
[18Nov2024 19:16:48.968] [Render thread/INFO] [powah/Wiki]: Wiki recipes collecting completed in : 232 ms
[18Nov2024 19:16:49.723] [Render thread/INFO] [mezz.jei.forge.startup.StartEventObserver/]: JEI StartEventObserver received class net.minecraftforge.client.event.RecipesUpdatedEvent
[18Nov2024 19:16:49.723] [Render thread/INFO] [Modonomicon/]: Building books ...
[18Nov2024 19:16:49.728] [Render thread/WARN] [Modonomicon/]: Recipe spectrum:titration_barrel/bristle_mead (of type spectrum:titration_barrel) not found.
[18Nov2024 19:16:49.728] [Render thread/WARN] [Modonomicon/]: Recipe spectrum:titration_barrel/infused_beverages/lager (of type spectrum:titration_barrel) not found.
[18Nov2024 19:16:49.728] [Render thread/WARN] [Modonomicon/]: Recipe spectrum:titration_barrel/infused_beverages/mead (of type spectrum:titration_barrel) not found.
[18Nov2024 19:16:49.728] [Render thread/WARN] [Modonomicon/]: Recipe spectrum:titration_barrel/clotted_cream (of type spectrum:titration_barrel) not found.
[18Nov2024 19:16:49.728] [Render thread/INFO] [Modonomicon/]: Books built.
[18Nov2024 19:16:49.728] [Render thread/INFO] [Modonomicon/]: Pre-rendering markdown ...
[18Nov2024 19:16:49.832] [Render thread/INFO] [Modonomicon/]: Finished pre-rendering markdown.
[18Nov2024 19:16:52.949] [Render thread/INFO] [mezz.jei.forge.startup.StartEventObserver/]: JEI StartEventObserver received class net.minecraftforge.event.TagsUpdatedEvent
[18Nov2024 19:16:52.949] [Render thread/INFO] [mezz.jei.forge.startup.StartEventObserver/]: JEI StartEventObserver transitioning state from ENABLED to JEI_STARTED
[18Nov2024 19:16:52.950] [Render thread/INFO] [mezz.jei.core.util.LoggedTimer/]: Starting JEI...
[18Nov2024 19:16:52.956] [Render thread/INFO] [mezz.jei.library.load.PluginCaller/]: Registering item subtypes...
[18Nov2024 19:16:52.967] [Render thread/INFO] [mezz.jei.library.load.PluginCaller/]: Registering item subtypes took 10.11 ms
[18Nov2024 19:16:52.967] [Render thread/INFO] [mezz.jei.library.load.PluginCaller/]: Registering fluid subtypes...
[18Nov2024 19:16:52.968] [Render thread/INFO] [mezz.jei.library.load.PluginCaller/]: Registering fluid subtypes took 1.500 ms
[18Nov2024 19:16:53.004] [Render thread/INFO] [mezz.jei.library.load.PluginCaller/]: Registering ingredients...
[18Nov2024 19:16:53.132] [Render thread/WARN] [mezz.jei.library.plugins.vanilla.ingredients.ItemStackListFactory/]: Item Group has no display items and no search tab display items. Items from this group will be missing from the JEI ingredient list. Spectrum
[18Nov2024 19:16:53.367] [Render thread/INFO] [net.acetheeldritchking.art_of_forging.ArtOfForging/]: Registering AoF schematics with Tetra creative tab
[18Nov2024 19:16:54.018] [Render thread/INFO] [mezz.jei.library.load.PluginCallerTimerRunnable/]: Registering ingredients: jei:minecraft took 1.014 seconds
[18Nov2024 19:16:54.027] [Render thread/INFO] [mezz.jei.library.load.PluginCaller/]: Registering ingredients took 1.024 s
[18Nov2024 19:16:54.028] [Render thread/INFO] [mezz.jei.library.load.PluginCaller/]: Registering extra ingredients...
[18Nov2024 19:16:54.028] [Render thread/INFO] [mezz.jei.library.load.PluginCaller/]: Registering extra ingredients took 562.0 ?s
[18Nov2024 19:16:54.028] [Render thread/INFO] [mezz.jei.library.load.PluginCaller/]: Registering search ingredient aliases...
[18Nov2024 19:16:54.029] [Render thread/INFO] [mezz.jei.library.load.PluginCaller/]: Registering search ingredient aliases took 553.7 ?s
[18Nov2024 19:16:54.040] [Render thread/INFO] [mezz.jei.library.load.PluginCaller/]: Registering categories...
[18Nov2024 19:16:54.276] [Render thread/ERROR] [mezz.jei.library.load.PluginCaller/]: Caught an error from mod plugin: class jeresources.jei.JEIConfig minecraft:jeresources
java.lang.ExceptionInInitializerError: null
	at jeresources.api.restrictions.Restriction.<init>(Restriction.java:23) ~[JustEnoughResources-1.20.1-1.4.0.247.jar%23635!/:1.4.0.247]
	at jeresources.api.restrictions.Restriction.<clinit>(Restriction.java:6) ~[JustEnoughResources-1.20.1-1.4.0.247.jar%23635!/:1.4.0.247]
	at jeresources.compatibility.minecraft.MinecraftCompat.registerOres(MinecraftCompat.java:67) ~[JustEnoughResources-1.20.1-1.4.0.247.jar%23635!/:1.4.0.247]
	at jeresources.compatibility.minecraft.MinecraftCompat.init(MinecraftCompat.java:37) ~[JustEnoughResources-1.20.1-1.4.0.247.jar%23635!/:1.4.0.247]
	at jeresources.compatibility.Compatibility.init(Compatibility.java:27) ~[JustEnoughResources-1.20.1-1.4.0.247.jar%23635!/:1.4.0.247]
	at jeresources.proxy.CommonProxy.initCompatibility(CommonProxy.java:14) ~[JustEnoughResources-1.20.1-1.4.0.247.jar%23635!/:1.4.0.247]
	at jeresources.jei.JEIConfig.registerCategories(JEIConfig.java:98) ~[JustEnoughResources-1.20.1-1.4.0.247.jar%23635!/:1.4.0.247]
	at mezz.jei.library.load.PluginLoader.lambda$createRecipeCategories$5(PluginLoader.java:119) ~[jei-1.20.1-forge-15.20.0.104.jar%23630!/:15.20.0.104]
	at mezz.jei.library.load.PluginCaller.callOnPlugins(PluginCaller.java:25) ~[jei-1.20.1-forge-15.20.0.104.jar%23630!/:15.20.0.104]
	at mezz.jei.library.load.PluginLoader.createRecipeCategories(PluginLoader.java:119) ~[jei-1.20.1-forge-15.20.0.104.jar%23630!/:15.20.0.104]
	at mezz.jei.library.load.PluginLoader.createRecipeManager(PluginLoader.java:154) ~[jei-1.20.1-forge-15.20.0.104.jar%23630!/:15.20.0.104]
	at mezz.jei.library.startup.JeiStarter.start(JeiStarter.java:115) ~[jei-1.20.1-forge-15.20.0.104.jar%23630!/:15.20.0.104]
	at mezz.jei.forge.startup.StartEventObserver.transitionState(StartEventObserver.java:130) ~[jei-1.20.1-forge-15.20.0.104.jar%23630!/:15.20.0.104]
	at mezz.jei.forge.startup.StartEventObserver.onEvent(StartEventObserver.java:98) ~[jei-1.20.1-forge-15.20.0.104.jar%23630!/:15.20.0.104]
	at net.minecraftforge.eventbus.EventBus.doCastFilter(EventBus.java:260) ~[eventbus-6.0.5.jar%23137!/:?]
	at net.minecraftforge.eventbus.EventBus.lambda$addListener$11(EventBus.java:252) ~[eventbus-6.0.5.jar%23137!/:?]
	at net.minecraftforge.eventbus.EventBus.post(EventBus.java:315) ~[eventbus-6.0.5.jar%23137!/:?]
	at net.minecraftforge.eventbus.EventBus.post(EventBus.java:296) ~[eventbus-6.0.5.jar%23137!/:?]
	at net.minecraft.client.multiplayer.ClientPacketListener.m_5859_(ClientPacketListener.java:1451) ~[client-1.20.1-20230612.114412-srg.jar%23794!/:?]
	at net.minecraft.network.protocol.game.ClientboundUpdateTagsPacket.m_5797_(ClientboundUpdateTagsPacket.java:35) ~[client-1.20.1-20230612.114412-srg.jar%23794!/:?]
	at net.minecraft.network.protocol.game.ClientboundUpdateTagsPacket.m_5797_(ClientboundUpdateTagsPacket.java:11) ~[client-1.20.1-20230612.114412-srg.jar%23794!/:?]
	at net.minecraft.network.protocol.PacketUtils.m_263899_(PacketUtils.java:22) ~[client-1.20.1-20230612.114412-srg.jar%23794!/:?]
	at net.minecraft.util.thread.BlockableEventLoop.m_6367_(BlockableEventLoop.java:156) ~[client-1.20.1-20230612.114412-srg.jar%23794!/:?]
	at net.minecraft.util.thread.ReentrantBlockableEventLoop.m_6367_(ReentrantBlockableEventLoop.java:23) ~[client-1.20.1-20230612.114412-srg.jar%23794!/:?]
	at net.minecraft.util.thread.BlockableEventLoop.m_7245_(BlockableEventLoop.java:130) ~[client-1.20.1-20230612.114412-srg.jar%23794!/:?]
	at net.minecraft.util.thread.BlockableEventLoop.m_18699_(BlockableEventLoop.java:115) ~[client-1.20.1-20230612.114412-srg.jar%23794!/:?]
	at net.minecraft.client.Minecraft.m_91383_(Minecraft.java:1106) ~[client-1.20.1-20230612.114412-srg.jar%23794!/:?]
	at net.minecraft.client.Minecraft.m_91374_(Minecraft.java:718) ~[client-1.20.1-20230612.114412-srg.jar%23794!/:?]
	at net.minecraft.client.main.Main.main(Main.java:218) ~[minecraft-1.20.1-client.jar:?]
	at jdk.internal.reflect.NativeMethodAccessorImpl.invoke0(Native Method) ~[?:?]
	at jdk.internal.reflect.NativeMethodAccessorImpl.invoke(NativeMethodAccessorImpl.java:77) ~[?:?]
	at jdk.internal.reflect.DelegatingMethodAccessorImpl.invoke(DelegatingMethodAccessorImpl.java:43) ~[?:?]
	at java.lang.reflect.Method.invoke(Method.java:568) ~[?:?]
	at net.minecraftforge.fml.loading.targets.CommonLaunchHandler.runTarget(CommonLaunchHandler.java:111) ~[fmlloader-1.20.1-47.2.0.jar:?]
	at net.minecraftforge.fml.loading.targets.CommonLaunchHandler.clientService(CommonLaunchHandler.java:99) ~[fmlloader-1.20.1-47.2.0.jar:?]
	at net.minecraftforge.fml.loading.targets.CommonClientLaunchHandler.lambda$makeService$0(CommonClientLaunchHandler.java:25) ~[fmlloader-1.20.1-47.2.0.jar:?]
	at cpw.mods.modlauncher.LaunchServiceHandlerDecorator.launch(LaunchServiceHandlerDecorator.java:30) ~[modlauncher-10.0.9.jar:?]
	at cpw.mods.modlauncher.LaunchServiceHandler.launch(LaunchServiceHandler.java:53) ~[modlauncher-10.0.9.jar:?]
	at cpw.mods.modlauncher.LaunchServiceHandler.launch(LaunchServiceHandler.java:71) ~[modlauncher-10.0.9.jar:?]
	at cpw.mods.modlauncher.Launcher.run(Launcher.java:108) ~[modlauncher-10.0.9.jar:?]
	at cpw.mods.modlauncher.Launcher.main(Launcher.java:78) ~[modlauncher-10.0.9.jar:?]
	at cpw.mods.modlauncher.BootstrapLaunchConsumer.accept(BootstrapLaunchConsumer.java:26) ~[modlauncher-10.0.9.jar:?]
	at cpw.mods.modlauncher.BootstrapLaunchConsumer.accept(BootstrapLaunchConsumer.java:23) ~[modlauncher-10.0.9.jar:?]
	at cpw.mods.bootstraplauncher.BootstrapLauncher.main(BootstrapLauncher.java:141) ~[bootstraplauncher-1.1.2.jar:?]
	at jdk.internal.reflect.NativeMethodAccessorImpl.invoke0(Native Method) ~[?:?]
	at jdk.internal.reflect.NativeMethodAccessorImpl.invoke(NativeMethodAccessorImpl.java:77) ~[?:?]
	at jdk.internal.reflect.DelegatingMethodAccessorImpl.invoke(DelegatingMethodAccessorImpl.java:43) ~[?:?]
	at java.lang.reflect.Method.invoke(Method.java:568) ~[?:?]
	at io.github.zekerzhayard.forgewrapper.installer.Main.main(Main.java:67) ~[?:?]
	at org.prismlauncher.launcher.impl.StandardLauncher.launch(StandardLauncher.java:105) ~[?:?]
	at org.prismlauncher.EntryPoint.listen(EntryPoint.java:129) ~[?:?]
	at org.prismlauncher.EntryPoint.main(EntryPoint.java:70) ~[?:?]
Caused by: java.lang.IllegalStateException: Errors during registry creation
	at net.minecraft.core.RegistrySetBuilder$BuildState.m_255178_(RegistrySetBuilder.java:136) ~[client-1.20.1-20230612.114412-srg.jar%23794!/:?]
	at net.minecraft.core.RegistrySetBuilder.m_255144_(RegistrySetBuilder.java:62) ~[client-1.20.1-20230612.114412-srg.jar%23794!/:?]
	at net.minecraft.data.registries.VanillaRegistries.m_255371_(VanillaRegistries.java:72) ~[client-1.20.1-20230612.114412-srg.jar%23794!/:?]
	at jeresources.api.util.BiomeHelper.getBiome(BiomeHelper.java:20) ~[JustEnoughResources-1.20.1-1.4.0.247.jar%23635!/:1.4.0.247]
	at jeresources.api.restrictions.BiomeRestriction.<init>(BiomeRestriction.java:46) ~[JustEnoughResources-1.20.1-1.4.0.247.jar%23635!/:1.4.0.247]
	at jeresources.api.restrictions.BiomeRestriction.<clinit>(BiomeRestriction.java:19) ~[JustEnoughResources-1.20.1-1.4.0.247.jar%23635!/:1.4.0.247]
	... 52 more
	Suppressed: java.lang.IllegalStateException: Unreferenced key: ResourceKey[minecraft:worldgen/biome / betternether:crimson_pinewood]
		at net.minecraft.core.RegistrySetBuilder$BuildState.m_255228_(RegistrySetBuilder.java:126) ~[client-1.20.1-20230612.114412-srg.jar%23794!/:?]
		at net.minecraft.core.RegistrySetBuilder.m_255144_(RegistrySetBuilder.java:61) ~[client-1.20.1-20230612.114412-srg.jar%23794!/:?]
		at net.minecraft.data.registries.VanillaRegistries.m_255371_(VanillaRegistries.java:72) ~[client-1.20.1-20230612.114412-srg.jar%23794!/:?]
		at jeresources.api.util.BiomeHelper.getBiome(BiomeHelper.java:20) ~[JustEnoughResources-1.20.1-1.4.0.247.jar%23635!/:1.4.0.247]
		at jeresources.api.restrictions.BiomeRestriction.<init>(BiomeRestriction.java:46) ~[JustEnoughResources-1.20.1-1.4.0.247.jar%23635!/:1.4.0.247]
		at jeresources.api.restrictions.BiomeRestriction.<clinit>(BiomeRestriction.java:19) ~[JustEnoughResources-1.20.1-1.4.0.247.jar%23635!/:1.4.0.247]
		at jeresources.api.restrictions.Restriction.<init>(Restriction.java:23) ~[JustEnoughResources-1.20.1-1.4.0.247.jar%23635!/:1.4.0.247]
		at jeresources.api.restrictions.Restriction.<clinit>(Restriction.java:6) ~[JustEnoughResources-1.20.1-1.4.0.247.jar%23635!/:1.4.0.247]
		at jeresources.compatibility.minecraft.MinecraftCompat.registerOres(MinecraftCompat.java:67) ~[JustEnoughResources-1.20.1-1.4.0.247.jar%23635!/:1.4.0.247]
		at jeresources.compatibility.minecraft.MinecraftCompat.init(MinecraftCompat.java:37) ~[JustEnoughResources-1.20.1-1.4.0.247.jar%23635!/:1.4.0.247]
		at jeresources.compatibility.Compatibility.init(Compatibility.java:27) ~[JustEnoughResources-1.20.1-1.4.0.247.jar%23635!/:1.4.0.247]
		at jeresources.proxy.CommonProxy.initCompatibility(CommonProxy.java:14) ~[JustEnoughResources-1.20.1-1.4.0.247.jar%23635!/:1.4.0.247]
		at jeresources.jei.JEIConfig.registerCategories(JEIConfig.java:98) ~[JustEnoughResources-1.20.1-1.4.0.247.jar%23635!/:1.4.0.247]
		at mezz.jei.library.load.PluginLoader.lambda$createRecipeCategories$5(PluginLoader.java:119) ~[jei-1.20.1-forge-15.20.0.104.jar%23630!/:15.20.0.104]
		at mezz.jei.library.load.PluginCaller.callOnPlugins(PluginCaller.java:25) ~[jei-1.20.1-forge-15.20.0.104.jar%23630!/:15.20.0.104]
		at mezz.jei.library.load.PluginLoader.createRecipeCategories(PluginLoader.java:119) ~[jei-1.20.1-forge-15.20.0.104.jar%23630!/:15.20.0.104]
		at mezz.jei.library.load.PluginLoader.createRecipeManager(PluginLoader.java:154) ~[jei-1.20.1-forge-15.20.0.104.jar%23630!/:15.20.0.104]
		at mezz.jei.library.startup.JeiStarter.start(JeiStarter.java:115) ~[jei-1.20.1-forge-15.20.0.104.jar%23630!/:15.20.0.104]
		at mezz.jei.forge.startup.StartEventObserver.transitionState(StartEventObserver.java:130) ~[jei-1.20.1-forge-15.20.0.104.jar%23630!/:15.20.0.104]
		at mezz.jei.forge.startup.StartEventObserver.onEvent(StartEventObserver.java:98) ~[jei-1.20.1-forge-15.20.0.104.jar%23630!/:15.20.0.104]
		at net.minecraftforge.eventbus.EventBus.doCastFilter(EventBus.java:260) ~[eventbus-6.0.5.jar%23137!/:?]
		at net.minecraftforge.eventbus.EventBus.lambda$addListener$11(EventBus.java:252) ~[eventbus-6.0.5.jar%23137!/:?]
		at net.minecraftforge.eventbus.EventBus.post(EventBus.java:315) ~[eventbus-6.0.5.jar%23137!/:?]
		at net.minecraftforge.eventbus.EventBus.post(EventBus.java:296) ~[eventbus-6.0.5.jar%23137!/:?]
		at net.minecraft.client.multiplayer.ClientPacketListener.m_5859_(ClientPacketListener.java:1451) ~[client-1.20.1-20230612.114412-srg.jar%23794!/:?]
		at net.minecraft.network.protocol.game.ClientboundUpdateTagsPacket.m_5797_(ClientboundUpdateTagsPacket.java:35) ~[client-1.20.1-20230612.114412-srg.jar%23794!/:?]
		at net.minecraft.network.protocol.game.ClientboundUpdateTagsPacket.m_5797_(ClientboundUpdateTagsPacket.java:11) ~[client-1.20.1-20230612.114412-srg.jar%23794!/:?]
		at net.minecraft.network.protocol.PacketUtils.m_263899_(PacketUtils.java:22) ~[client-1.20.1-20230612.114412-srg.jar%23794!/:?]
		at net.minecraft.util.thread.BlockableEventLoop.m_6367_(BlockableEventLoop.java:156) ~[client-1.20.1-20230612.114412-srg.jar%23794!/:?]
		at net.minecraft.util.thread.ReentrantBlockableEventLoop.m_6367_(ReentrantBlockableEventLoop.java:23) ~[client-1.20.1-20230612.114412-srg.jar%23794!/:?]
		at net.minecraft.util.thread.BlockableEventLoop.m_7245_(BlockableEventLoop.java:130) ~[client-1.20.1-20230612.114412-srg.jar%23794!/:?]
		at net.minecraft.util.thread.BlockableEventLoop.m_18699_(BlockableEventLoop.java:115) ~[client-1.20.1-20230612.114412-srg.jar%23794!/:?]
		at net.minecraft.client.Minecraft.m_91383_(Minecraft.java:1106) ~[client-1.20.1-20230612.114412-srg.jar%23794!/:?]
		at net.minecraft.client.Minecraft.m_91374_(Minecraft.java:718) ~[client-1.20.1-20230612.114412-srg.jar%23794!/:?]
		at net.minecraft.client.main.Main.main(Main.java:218) ~[minecraft-1.20.1-client.jar:?]
		at jdk.internal.reflect.NativeMethodAccessorImpl.invoke0(Native Method) ~[?:?]
		at jdk.internal.reflect.NativeMethodAccessorImpl.invoke(NativeMethodAccessorImpl.java:77) ~[?:?]
		at jdk.internal.reflect.DelegatingMethodAccessorImpl.invoke(DelegatingMethodAccessorImpl.java:43) ~[?:?]
		at java.lang.reflect.Method.invoke(Method.java:568) ~[?:?]
		at net.minecraftforge.fml.loading.targets.CommonLaunchHandler.runTarget(CommonLaunchHandler.java:111) ~[fmlloader-1.20.1-47.2.0.jar:?]
		at net.minecraftforge.fml.loading.targets.CommonLaunchHandler.clientService(CommonLaunchHandler.java:99) ~[fmlloader-1.20.1-47.2.0.jar:?]
		at net.minecraftforge.fml.loading.targets.CommonClientLaunchHandler.lambda$makeService$0(CommonClientLaunchHandler.java:25) ~[fmlloader-1.20.1-47.2.0.jar:?]
		at cpw.mods.modlauncher.LaunchServiceHandlerDecorator.launch(LaunchServiceHandlerDecorator.java:30) ~[modlauncher-10.0.9.jar:?]
		at cpw.mods.modlauncher.LaunchServiceHandler.launch(LaunchServiceHandler.java:53) ~[modlauncher-10.0.9.jar:?]
		at cpw.mods.modlauncher.LaunchServiceHandler.launch(LaunchServiceHandler.java:71) ~[modlauncher-10.0.9.jar:?]
		at cpw.mods.modlauncher.Launcher.run(Launcher.java:108) ~[modlauncher-10.0.9.jar:?]
		at cpw.mods.modlauncher.Launcher.main(Launcher.java:78) ~[modlauncher-10.0.9.jar:?]
		at cpw.mods.modlauncher.BootstrapLaunchConsumer.accept(BootstrapLaunchConsumer.java:26) ~[modlauncher-10.0.9.jar:?]
		at cpw.mods.modlauncher.BootstrapLaunchConsumer.accept(BootstrapLaunchConsumer.java:23) ~[modlauncher-10.0.9.jar:?]
		at cpw.mods.bootstraplauncher.BootstrapLauncher.main(BootstrapLauncher.java:141) ~[bootstraplauncher-1.1.2.jar:?]
		at jdk.internal.reflect.NativeMethodAccessorImpl.invoke0(Native Method) ~[?:?]
		at jdk.internal.reflect.NativeMethodAccessorImpl.invoke(NativeMethodAccessorImpl.java:77) ~[?:?]
		at jdk.internal.reflect.DelegatingMethodAccessorImpl.invoke(DelegatingMethodAccessorImpl.java:43) ~[?:?]
		at java.lang.reflect.Method.invoke(Method.java:568) ~[?:?]
		at io.github.zekerzhayard.forgewrapper.installer.Main.main(Main.java:67) ~[?:?]
		at org.prismlauncher.launcher.impl.StandardLauncher.launch(StandardLauncher.java:105) ~[?:?]
		at org.prismlauncher.EntryPoint.listen(EntryPoint.java:129) ~[?:?]
		at org.prismlauncher.EntryPoint.main(EntryPoint.java:70) ~[?:?]
	Suppressed: java.lang.IllegalStateException: Unreferenced key: ResourceKey[minecraft:worldgen/biome / betternether:wart_forest]
		at net.minecraft.core.RegistrySetBuilder$BuildState.m_255228_(RegistrySetBuilder.java:126) ~[client-1.20.1-20230612.114412-srg.jar%23794!/:?]
		at net.minecraft.core.RegistrySetBuilder.m_255144_(RegistrySetBuilder.java:61) ~[client-1.20.1-20230612.114412-srg.jar%23794!/:?]
		at net.minecraft.data.registries.VanillaRegistries.m_255371_(VanillaRegistries.java:72) ~[client-1.20.1-20230612.114412-srg.jar%23794!/:?]
		at jeresources.api.util.BiomeHelper.getBiome(BiomeHelper.java:20) ~[JustEnoughResources-1.20.1-1.4.0.247.jar%23635!/:1.4.0.247]
		at jeresources.api.restrictions.BiomeRestriction.<init>(BiomeRestriction.java:46) ~[JustEnoughResources-1.20.1-1.4.0.247.jar%23635!/:1.4.0.247]
		at jeresources.api.restrictions.BiomeRestriction.<clinit>(BiomeRestriction.java:19) ~[JustEnoughResources-1.20.1-1.4.0.247.jar%23635!/:1.4.0.247]
		at jeresources.api.restrictions.Restriction.<init>(Restriction.java:23) ~[JustEnoughResources-1.20.1-1.4.0.247.jar%23635!/:1.4.0.247]
		at jeresources.api.restrictions.Restriction.<clinit>(Restriction.java:6) ~[JustEnoughResources-1.20.1-1.4.0.247.jar%23635!/:1.4.0.247]
		at jeresources.compatibility.minecraft.MinecraftCompat.registerOres(MinecraftCompat.java:67) ~[JustEnoughResources-1.20.1-1.4.0.247.jar%23635!/:1.4.0.247]
		at jeresources.compatibility.minecraft.MinecraftCompat.init(MinecraftCompat.java:37) ~[JustEnoughResources-1.20.1-1.4.0.247.jar%23635!/:1.4.0.247]
		at jeresources.compatibility.Compatibility.init(Compatibility.java:27) ~[JustEnoughResources-1.20.1-1.4.0.247.jar%23635!/:1.4.0.247]
		at jeresources.proxy.CommonProxy.initCompatibility(CommonProxy.java:14) ~[JustEnoughResources-1.20.1-1.4.0.247.jar%23635!/:1.4.0.247]
		at jeresources.jei.JEIConfig.registerCategories(JEIConfig.java:98) ~[JustEnoughResources-1.20.1-1.4.0.247.jar%23635!/:1.4.0.247]
		at mezz.jei.library.load.PluginLoader.lambda$createRecipeCategories$5(PluginLoader.java:119) ~[jei-1.20.1-forge-15.20.0.104.jar%23630!/:15.20.0.104]
		at mezz.jei.library.load.PluginCaller.callOnPlugins(PluginCaller.java:25) ~[jei-1.20.1-forge-15.20.0.104.jar%23630!/:15.20.0.104]
		at mezz.jei.library.load.PluginLoader.createRecipeCategories(PluginLoader.java:119) ~[jei-1.20.1-forge-15.20.0.104.jar%23630!/:15.20.0.104]
		at mezz.jei.library.load.PluginLoader.createRecipeManager(PluginLoader.java:154) ~[jei-1.20.1-forge-15.20.0.104.jar%23630!/:15.20.0.104]
		at mezz.jei.library.startup.JeiStarter.start(JeiStarter.java:115) ~[jei-1.20.1-forge-15.20.0.104.jar%23630!/:15.20.0.104]
		at mezz.jei.forge.startup.StartEventObserver.transitionState(StartEventObserver.java:130) ~[jei-1.20.1-forge-15.20.0.104.jar%23630!/:15.20.0.104]
		at mezz.jei.forge.startup.StartEventObserver.onEvent(StartEventObserver.java:98) ~[jei-1.20.1-forge-15.20.0.104.jar%23630!/:15.20.0.104]
		at net.minecraftforge.eventbus.EventBus.doCastFilter(EventBus.java:260) ~[eventbus-6.0.5.jar%23137!/:?]
		at net.minecraftforge.eventbus.EventBus.lambda$addListener$11(EventBus.java:252) ~[eventbus-6.0.5.jar%23137!/:?]
		at net.minecraftforge.eventbus.EventBus.post(EventBus.java:315) ~[eventbus-6.0.5.jar%23137!/:?]
		at net.minecraftforge.eventbus.EventBus.post(EventBus.java:296) ~[eventbus-6.0.5.jar%23137!/:?]
		at net.minecraft.client.multiplayer.ClientPacketListener.m_5859_(ClientPacketListener.java:1451) ~[client-1.20.1-20230612.114412-srg.jar%23794!/:?]
		at net.minecraft.network.protocol.game.ClientboundUpdateTagsPacket.m_5797_(ClientboundUpdateTagsPacket.java:35) ~[client-1.20.1-20230612.114412-srg.jar%23794!/:?]
		at net.minecraft.network.protocol.game.ClientboundUpdateTagsPacket.m_5797_(ClientboundUpdateTagsPacket.java:11) ~[client-1.20.1-20230612.114412-srg.jar%23794!/:?]
		at net.minecraft.network.protocol.PacketUtils.m_263899_(PacketUtils.java:22) ~[client-1.20.1-20230612.114412-srg.jar%23794!/:?]
		at net.minecraft.util.thread.BlockableEventLoop.m_6367_(BlockableEventLoop.java:156) ~[client-1.20.1-20230612.114412-srg.jar%23794!/:?]
		at net.minecraft.util.thread.ReentrantBlockableEventLoop.m_6367_(ReentrantBlockableEventLoop.java:23) ~[client-1.20.1-20230612.114412-srg.jar%23794!/:?]
		at net.minecraft.util.thread.BlockableEventLoop.m_7245_(BlockableEventLoop.java:130) ~[client-1.20.1-20230612.114412-srg.jar%23794!/:?]
		at net.minecraft.util.thread.BlockableEventLoop.m_18699_(BlockableEventLoop.java:115) ~[client-1.20.1-20230612.114412-srg.jar%23794!/:?]
		at net.minecraft.client.Minecraft.m_91383_(Minecraft.java:1106) ~[client-1.20.1-20230612.114412-srg.jar%23794!/:?]
		at net.minecraft.client.Minecraft.m_91374_(Minecraft.java:718) ~[client-1.20.1-20230612.114412-srg.jar%23794!/:?]
		at net.minecraft.client.main.Main.main(Main.java:218) ~[minecraft-1.20.1-client.jar:?]
		at jdk.internal.reflect.NativeMethodAccessorImpl.invoke0(Native Method) ~[?:?]
		at jdk.internal.reflect.NativeMethodAccessorImpl.invoke(NativeMethodAccessorImpl.java:77) ~[?:?]
		at jdk.internal.reflect.DelegatingMethodAccessorImpl.invoke(DelegatingMethodAccessorImpl.java:43) ~[?:?]
		at java.lang.reflect.Method.invoke(Method.java:568) ~[?:?]
		at net.minecraftforge.fml.loading.targets.CommonLaunchHandler.runTarget(CommonLaunchHandler.java:111) ~[fmlloader-1.20.1-47.2.0.jar:?]
		at net.minecraftforge.fml.loading.targets.CommonLaunchHandler.clientService(CommonLaunchHandler.java:99) ~[fmlloader-1.20.1-47.2.0.jar:?]
		at net.minecraftforge.fml.loading.targets.CommonClientLaunchHandler.lambda$makeService$0(CommonClientLaunchHandler.java:25) ~[fmlloader-1.20.1-47.2.0.jar:?]
		at cpw.mods.modlauncher.LaunchServiceHandlerDecorator.launch(LaunchServiceHandlerDecorator.java:30) ~[modlauncher-10.0.9.jar:?]
		at cpw.mods.modlauncher.LaunchServiceHandler.launch(LaunchServiceHandler.java:53) ~[modlauncher-10.0.9.jar:?]
		at cpw.mods.modlauncher.LaunchServiceHandler.launch(LaunchServiceHandler.java:71) ~[modlauncher-10.0.9.jar:?]
		at cpw.mods.modlauncher.Launcher.run(Launcher.java:108) ~[modlauncher-10.0.9.jar:?]
		at cpw.mods.modlauncher.Launcher.main(Launcher.java:78) ~[modlauncher-10.0.9.jar:?]
		at cpw.mods.modlauncher.BootstrapLaunchConsumer.accept(BootstrapLaunchConsumer.java:26) ~[modlauncher-10.0.9.jar:?]
		at cpw.mods.modlauncher.BootstrapLaunchConsumer.accept(BootstrapLaunchConsumer.java:23) ~[modlauncher-10.0.9.jar:?]
		at cpw.mods.bootstraplauncher.BootstrapLauncher.main(BootstrapLauncher.java:141) ~[bootstraplauncher-1.1.2.jar:?]
		at jdk.internal.reflect.NativeMethodAccessorImpl.invoke0(Native Method) ~[?:?]
		at jdk.internal.reflect.NativeMethodAccessorImpl.invoke(NativeMethodAccessorImpl.java:77) ~[?:?]
		at jdk.internal.reflect.DelegatingMethodAccessorImpl.invoke(DelegatingMethodAccessorImpl.java:43) ~[?:?]
		at java.lang.reflect.Method.invoke(Method.java:568) ~[?:?]
		at io.github.zekerzhayard.forgewrapper.installer.Main.main(Main.java:67) ~[?:?]
		at org.prismlauncher.launcher.impl.StandardLauncher.launch(StandardLauncher.java:105) ~[?:?]
		at org.prismlauncher.EntryPoint.listen(EntryPoint.java:129) ~[?:?]
		at org.prismlauncher.EntryPoint.main(EntryPoint.java:70) ~[?:?]
	Suppressed: java.lang.IllegalStateException: Unreferenced key: ResourceKey[minecraft:worldgen/biome / betternether:old_swampland]
		at net.minecraft.core.RegistrySetBuilder$BuildState.m_255228_(RegistrySetBuilder.java:126) ~[client-1.20.1-20230612.114412-srg.jar%23794!/:?]
		at net.minecraft.core.RegistrySetBuilder.m_255144_(RegistrySetBuilder.java:61) ~[client-1.20.1-20230612.114412-srg.jar%23794!/:?]
		at net.minecraft.data.registries.VanillaRegistries.m_255371_(VanillaRegistries.java:72) ~[client-1.20.1-20230612.114412-srg.jar%23794!/:?]
		at jeresources.api.util.BiomeHelper.getBiome(BiomeHelper.java:20) ~[JustEnoughResources-1.20.1-1.4.0.247.jar%23635!/:1.4.0.247]
		at jeresources.api.restrictions.BiomeRestriction.<init>(BiomeRestriction.java:46) ~[JustEnoughResources-1.20.1-1.4.0.247.jar%23635!/:1.4.0.247]
		at jeresources.api.restrictions.BiomeRestriction.<clinit>(BiomeRestriction.java:19) ~[JustEnoughResources-1.20.1-1.4.0.247.jar%23635!/:1.4.0.247]
		at jeresources.api.restrictions.Restriction.<init>(Restriction.java:23) ~[JustEnoughResources-1.20.1-1.4.0.247.jar%23635!/:1.4.0.247]
		at jeresources.api.restrictions.Restriction.<clinit>(Restriction.java:6) ~[JustEnoughResources-1.20.1-1.4.0.247.jar%23635!/:1.4.0.247]
		at jeresources.compatibility.minecraft.MinecraftCompat.registerOres(MinecraftCompat.java:67) ~[JustEnoughResources-1.20.1-1.4.0.247.jar%23635!/:1.4.0.247]
		at jeresources.compatibility.minecraft.MinecraftCompat.init(MinecraftCompat.java:37) ~[JustEnoughResources-1.20.1-1.4.0.247.jar%23635!/:1.4.0.247]
		at jeresources.compatibility.Compatibility.init(Compatibility.java:27) ~[JustEnoughResources-1.20.1-1.4.0.247.jar%23635!/:1.4.0.247]
		at jeresources.proxy.CommonProxy.initCompatibility(CommonProxy.java:14) ~[JustEnoughResources-1.20.1-1.4.0.247.jar%23635!/:1.4.0.247]
		at jeresources.jei.JEIConfig.registerCategories(JEIConfig.java:98) ~[JustEnoughResources-1.20.1-1.4.0.247.jar%23635!/:1.4.0.247]
		at mezz.jei.library.load.PluginLoader.lambda$createRecipeCategories$5(PluginLoader.java:119) ~[jei-1.20.1-forge-15.20.0.104.jar%23630!/:15.20.0.104]
		at mezz.jei.library.load.PluginCaller.callOnPlugins(PluginCaller.java:25) ~[jei-1.20.1-forge-15.20.0.104.jar%23630!/:15.20.0.104]
		at mezz.jei.library.load.PluginLoader.createRecipeCategories(PluginLoader.java:119) ~[jei-1.20.1-forge-15.20.0.104.jar%23630!/:15.20.0.104]
		at mezz.jei.library.load.PluginLoader.createRecipeManager(PluginLoader.java:154) ~[jei-1.20.1-forge-15.20.0.104.jar%23630!/:15.20.0.104]
		at mezz.jei.library.startup.JeiStarter.start(JeiStarter.java:115) ~[jei-1.20.1-forge-15.20.0.104.jar%23630!/:15.20.0.104]
		at mezz.jei.forge.startup.StartEventObserver.transitionState(StartEventObserver.java:130) ~[jei-1.20.1-forge-15.20.0.104.jar%23630!/:15.20.0.104]
		at mezz.jei.forge.startup.StartEventObserver.onEvent(StartEventObserver.java:98) ~[jei-1.20.1-forge-15.20.0.104.jar%23630!/:15.20.0.104]
		at net.minecraftforge.eventbus.EventBus.doCastFilter(EventBus.java:260) ~[eventbus-6.0.5.jar%23137!/:?]
		at net.minecraftforge.eventbus.EventBus.lambda$addListener$11(EventBus.java:252) ~[eventbus-6.0.5.jar%23137!/:?]
		at net.minecraftforge.eventbus.EventBus.post(EventBus.java:315) ~[eventbus-6.0.5.jar%23137!/:?]
		at net.minecraftforge.eventbus.EventBus.post(EventBus.java:296) ~[eventbus-6.0.5.jar%23137!/:?]
		at net.minecraft.client.multiplayer.ClientPacketListener.m_5859_(ClientPacketListener.java:1451) ~[client-1.20.1-20230612.114412-srg.jar%23794!/:?]
		at net.minecraft.network.protocol.game.ClientboundUpdateTagsPacket.m_5797_(ClientboundUpdateTagsPacket.java:35) ~[client-1.20.1-20230612.114412-srg.jar%23794!/:?]
		at net.minecraft.network.protocol.game.ClientboundUpdateTagsPacket.m_5797_(ClientboundUpdateTagsPacket.java:11) ~[client-1.20.1-20230612.114412-srg.jar%23794!/:?]
		at net.minecraft.network.protocol.PacketUtils.m_263899_(PacketUtils.java:22) ~[client-1.20.1-20230612.114412-srg.jar%23794!/:?]
		at net.minecraft.util.thread.BlockableEventLoop.m_6367_(BlockableEventLoop.java:156) ~[client-1.20.1-20230612.114412-srg.jar%23794!/:?]
		at net.minecraft.util.thread.ReentrantBlockableEventLoop.m_6367_(ReentrantBlockableEventLoop.java:23) ~[client-1.20.1-20230612.114412-srg.jar%23794!/:?]
		at net.minecraft.util.thread.BlockableEventLoop.m_7245_(BlockableEventLoop.java:130) ~[client-1.20.1-20230612.114412-srg.jar%23794!/:?]
		at net.minecraft.util.thread.BlockableEventLoop.m_18699_(BlockableEventLoop.java:115) ~[client-1.20.1-20230612.114412-srg.jar%23794!/:?]
		at net.minecraft.client.Minecraft.m_91383_(Minecraft.java:1106) ~[client-1.20.1-20230612.114412-srg.jar%23794!/:?]
		at net.minecraft.client.Minecraft.m_91374_(Minecraft.java:718) ~[client-1.20.1-20230612.114412-srg.jar%23794!/:?]
		at net.minecraft.client.main.Main.main(Main.java:218) ~[minecraft-1.20.1-client.jar:?]
		at jdk.internal.reflect.NativeMethodAccessorImpl.invoke0(Native Method) ~[?:?]
		at jdk.internal.reflect.NativeMethodAccessorImpl.invoke(NativeMethodAccessorImpl.java:77) ~[?:?]
		at jdk.internal.reflect.DelegatingMethodAccessorImpl.invoke(DelegatingMethodAccessorImpl.java:43) ~[?:?]
		at java.lang.reflect.Method.invoke(Method.java:568) ~[?:?]
		at net.minecraftforge.fml.loading.targets.CommonLaunchHandler.runTarget(CommonLaunchHandler.java:111) ~[fmlloader-1.20.1-47.2.0.jar:?]
		at net.minecraftforge.fml.loading.targets.CommonLaunchHandler.clientService(CommonLaunchHandler.java:99) ~[fmlloader-1.20.1-47.2.0.jar:?]
		at net.minecraftforge.fml.loading.targets.CommonClientLaunchHandler.lambda$makeService$0(CommonClientLaunchHandler.java:25) ~[fmlloader-1.20.1-47.2.0.jar:?]
		at cpw.mods.modlauncher.LaunchServiceHandlerDecorator.launch(LaunchServiceHandlerDecorator.java:30) ~[modlauncher-10.0.9.jar:?]
		at cpw.mods.modlauncher.LaunchServiceHandler.launch(LaunchServiceHandler.java:53) ~[modlauncher-10.0.9.jar:?]
		at cpw.mods.modlauncher.LaunchServiceHandler.launch(LaunchServiceHandler.java:71) ~[modlauncher-10.0.9.jar:?]
		at cpw.mods.modlauncher.Launcher.run(Launcher.java:108) ~[modlauncher-10.0.9.jar:?]
		at cpw.mods.modlauncher.Launcher.main(Launcher.java:78) ~[modlauncher-10.0.9.jar:?]
		at cpw.mods.modlauncher.BootstrapLaunchConsumer.accept(BootstrapLaunchConsumer.java:26) ~[modlauncher-10.0.9.jar:?]
		at cpw.mods.modlauncher.BootstrapLaunchConsumer.accept(BootstrapLaunchConsumer.java:23) ~[modlauncher-10.0.9.jar:?]
		at cpw.mods.bootstraplauncher.BootstrapLauncher.main(BootstrapLauncher.java:141) ~[bootstraplauncher-1.1.2.jar:?]
		at jdk.internal.reflect.NativeMethodAccessorImpl.invoke0(Native Method) ~[?:?]
		at jdk.internal.reflect.NativeMethodAccessorImpl.invoke(NativeMethodAccessorImpl.java:77) ~[?:?]
		at jdk.internal.reflect.DelegatingMethodAccessorImpl.invoke(DelegatingMethodAccessorImpl.java:43) ~[?:?]
		at java.lang.reflect.Method.invoke(Method.java:568) ~[?:?]
		at io.github.zekerzhayard.forgewrapper.installer.Main.main(Main.java:67) ~[?:?]
		at org.prismlauncher.launcher.impl.StandardLauncher.launch(StandardLauncher.java:105) ~[?:?]
		at org.prismlauncher.EntryPoint.listen(EntryPoint.java:129) ~[?:?]
		at org.prismlauncher.EntryPoint.main(EntryPoint.java:70) ~[?:?]
	Suppressed: java.lang.IllegalStateException: Unreferenced key: ResourceKey[minecraft:worldgen/biome / betternether:nether_swampland_terraces]
		at net.minecraft.core.RegistrySetBuilder$BuildState.m_255228_(RegistrySetBuilder.java:126) ~[client-1.20.1-20230612.114412-srg.jar%23794!/:?]
		at net.minecraft.core.RegistrySetBuilder.m_255144_(RegistrySetBuilder.java:61) ~[client-1.20.1-20230612.114412-srg.jar%23794!/:?]
		at net.minecraft.data.registries.VanillaRegistries.m_255371_(VanillaRegistries.java:72) ~[client-1.20.1-20230612.114412-srg.jar%23794!/:?]
		at jeresources.api.util.BiomeHelper.getBiome(BiomeHelper.java:20) ~[JustEnoughResources-1.20.1-1.4.0.247.jar%23635!/:1.4.0.247]
		at jeresources.api.restrictions.BiomeRestriction.<init>(BiomeRestriction.java:46) ~[JustEnoughResources-1.20.1-1.4.0.247.jar%23635!/:1.4.0.247]
		at jeresources.api.restrictions.BiomeRestriction.<clinit>(BiomeRestriction.java:19) ~[JustEnoughResources-1.20.1-1.4.0.247.jar%23635!/:1.4.0.247]
		at jeresources.api.restrictions.Restriction.<init>(Restriction.java:23) ~[JustEnoughResources-1.20.1-1.4.0.247.jar%23635!/:1.4.0.247]
		at jeresources.api.restrictions.Restriction.<clinit>(Restriction.java:6) ~[JustEnoughResources-1.20.1-1.4.0.247.jar%23635!/:1.4.0.247]
		at jeresources.compatibility.minecraft.MinecraftCompat.registerOres(MinecraftCompat.java:67) ~[JustEnoughResources-1.20.1-1.4.0.247.jar%23635!/:1.4.0.247]
		at jeresources.compatibility.minecraft.MinecraftCompat.init(MinecraftCompat.java:37) ~[JustEnoughResources-1.20.1-1.4.0.247.jar%23635!/:1.4.0.247]
		at jeresources.compatibility.Compatibility.init(Compatibility.java:27) ~[JustEnoughResources-1.20.1-1.4.0.247.jar%23635!/:1.4.0.247]
		at jeresources.proxy.CommonProxy.initCompatibility(CommonProxy.java:14) ~[JustEnoughResources-1.20.1-1.4.0.247.jar%23635!/:1.4.0.247]
		at jeresources.jei.JEIConfig.registerCategories(JEIConfig.java:98) ~[JustEnoughResources-1.20.1-1.4.0.247.jar%23635!/:1.4.0.247]
		at mezz.jei.library.load.PluginLoader.lambda$createRecipeCategories$5(PluginLoader.java:119) ~[jei-1.20.1-forge-15.20.0.104.jar%23630!/:15.20.0.104]
		at mezz.jei.library.load.PluginCaller.callOnPlugins(PluginCaller.java:25) ~[jei-1.20.1-forge-15.20.0.104.jar%23630!/:15.20.0.104]
		at mezz.jei.library.load.PluginLoader.createRecipeCategories(PluginLoader.java:119) ~[jei-1.20.1-forge-15.20.0.104.jar%23630!/:15.20.0.104]
		at mezz.jei.library.load.PluginLoader.createRecipeManager(PluginLoader.java:154) ~[jei-1.20.1-forge-15.20.0.104.jar%23630!/:15.20.0.104]
		at mezz.jei.library.startup.JeiStarter.start(JeiStarter.java:115) ~[jei-1.20.1-forge-15.20.0.104.jar%23630!/:15.20.0.104]
		at mezz.jei.forge.startup.StartEventObserver.transitionState(StartEventObserver.java:130) ~[jei-1.20.1-forge-15.20.0.104.jar%23630!/:15.20.0.104]
		at mezz.jei.forge.startup.StartEventObserver.onEvent(StartEventObserver.java:98) ~[jei-1.20.1-forge-15.20.0.104.jar%23630!/:15.20.0.104]
		at net.minecraftforge.eventbus.EventBus.doCastFilter(EventBus.java:260) ~[eventbus-6.0.5.jar%23137!/:?]
		at net.minecraftforge.eventbus.EventBus.lambda$addListener$11(EventBus.java:252) ~[eventbus-6.0.5.jar%23137!/:?]
		at net.minecraftforge.eventbus.EventBus.post(EventBus.java:315) ~[eventbus-6.0.5.jar%23137!/:?]
		at net.minecraftforge.eventbus.EventBus.post(EventBus.java:296) ~[eventbus-6.0.5.jar%23137!/:?]
		at net.minecraft.client.multiplayer.ClientPacketListener.m_5859_(ClientPacketListener.java:1451) ~[client-1.20.1-20230612.114412-srg.jar%23794!/:?]
		at net.minecraft.network.protocol.game.ClientboundUpdateTagsPacket.m_5797_(ClientboundUpdateTagsPacket.java:35) ~[client-1.20.1-20230612.114412-srg.jar%23794!/:?]
		at net.minecraft.network.protocol.game.ClientboundUpdateTagsPacket.m_5797_(ClientboundUpdateTagsPacket.java:11) ~[client-1.20.1-20230612.114412-srg.jar%23794!/:?]
		at net.minecraft.network.protocol.PacketUtils.m_263899_(PacketUtils.java:22) ~[client-1.20.1-20230612.114412-srg.jar%23794!/:?]
		at net.minecraft.util.thread.BlockableEventLoop.m_6367_(BlockableEventLoop.java:156) ~[client-1.20.1-20230612.114412-srg.jar%23794!/:?]
		at net.minecraft.util.thread.ReentrantBlockableEventLoop.m_6367_(ReentrantBlockableEventLoop.java:23) ~[client-1.20.1-20230612.114412-srg.jar%23794!/:?]
		at net.minecraft.util.thread.BlockableEventLoop.m_7245_(BlockableEventLoop.java:130) ~[client-1.20.1-20230612.114412-srg.jar%23794!/:?]
		at net.minecraft.util.thread.BlockableEventLoop.m_18699_(BlockableEventLoop.java:115) ~[client-1.20.1-20230612.114412-srg.jar%23794!/:?]
		at net.minecraft.client.Minecraft.m_91383_(Minecraft.java:1106) ~[client-1.20.1-20230612.114412-srg.jar%23794!/:?]
		at net.minecraft.client.Minecraft.m_91374_(Minecraft.java:718) ~[client-1.20.1-20230612.114412-srg.jar%23794!/:?]
		at net.minecraft.client.main.Main.main(Main.java:218) ~[minecraft-1.20.1-client.jar:?]
		at jdk.internal.reflect.NativeMethodAccessorImpl.invoke0(Native Method) ~[?:?]
		at jdk.internal.reflect.NativeMethodAccessorImpl.invoke(NativeMethodAccessorImpl.java:77) ~[?:?]
		at jdk.internal.reflect.DelegatingMethodAccessorImpl.invoke(DelegatingMethodAccessorImpl.java:43) ~[?:?]
		at java.lang.reflect.Method.invoke(Method.java:568) ~[?:?]
		at net.minecraftforge.fml.loading.targets.CommonLaunchHandler.runTarget(CommonLaunchHandler.java:111) ~[fmlloader-1.20.1-47.2.0.jar:?]
		at net.minecraftforge.fml.loading.targets.CommonLaunchHandler.clientService(CommonLaunchHandler.java:99) ~[fmlloader-1.20.1-47.2.0.jar:?]
		at net.minecraftforge.fml.loading.targets.CommonClientLaunchHandler.lambda$makeService$0(CommonClientLaunchHandler.java:25) ~[fmlloader-1.20.1-47.2.0.jar:?]
		at cpw.mods.modlauncher.LaunchServiceHandlerDecorator.launch(LaunchServiceHandlerDecorator.java:30) ~[modlauncher-10.0.9.jar:?]
		at cpw.mods.modlauncher.LaunchServiceHandler.launch(LaunchServiceHandler.java:53) ~[modlauncher-10.0.9.jar:?]
		at cpw.mods.modlauncher.LaunchServiceHandler.launch(LaunchServiceHandler.java:71) ~[modlauncher-10.0.9.jar:?]
		at cpw.mods.modlauncher.Launcher.run(Launcher.java:108) ~[modlauncher-10.0.9.jar:?]
		at cpw.mods.modlauncher.Launcher.main(Launcher.java:78) ~[modlauncher-10.0.9.jar:?]
		at cpw.mods.modlauncher.BootstrapLaunchConsumer.accept(BootstrapLaunchConsumer.java:26) ~[modlauncher-10.0.9.jar:?]
		at cpw.mods.modlauncher.BootstrapLaunchConsumer.accept(BootstrapLaunchConsumer.java:23) ~[modlauncher-10.0.9.jar:?]
		at cpw.mods.bootstraplauncher.BootstrapLauncher.main(BootstrapLauncher.java:141) ~[bootstraplauncher-1.1.2.jar:?]
		at jdk.internal.reflect.NativeMethodAccessorImpl.invoke0(Native Method) ~[?:?]
		at jdk.internal.reflect.NativeMethodAccessorImpl.invoke(NativeMethodAccessorImpl.java:77) ~[?:?]
		at jdk.internal.reflect.DelegatingMethodAccessorImpl.invoke(DelegatingMethodAccessorImpl.java:43) ~[?:?]
		at java.lang.reflect.Method.invoke(Method.java:568) ~[?:?]
		at io.github.zekerzhayard.forgewrapper.installer.Main.main(Main.java:67) ~[?:?]
		at org.prismlauncher.launcher.impl.StandardLauncher.launch(StandardLauncher.java:105) ~[?:?]
		at org.prismlauncher.EntryPoint.listen(EntryPoint.java:129) ~[?:?]
		at org.prismlauncher.EntryPoint.main(EntryPoint.java:70) ~[?:?]
	Suppressed: java.lang.IllegalStateException: Unreferenced key: ResourceKey[minecraft:worldgen/biome / betternether:old_warped_woods]
		at net.minecraft.core.RegistrySetBuilder$BuildState.m_255228_(RegistrySetBuilder.java:126) ~[client-1.20.1-20230612.114412-srg.jar%23794!/:?]
		at net.minecraft.core.RegistrySetBuilder.m_255144_(RegistrySetBuilder.java:61) ~[client-1.20.1-20230612.114412-srg.jar%23794!/:?]
		at net.minecraft.data.registries.VanillaRegistries.m_255371_(VanillaRegistries.java:72) ~[client-1.20.1-20230612.114412-srg.jar%23794!/:?]
		at jeresources.api.util.BiomeHelper.getBiome(BiomeHelper.java:20) ~[JustEnoughResources-1.20.1-1.4.0.247.jar%23635!/:1.4.0.247]
		at jeresources.api.restrictions.BiomeRestriction.<init>(BiomeRestriction.java:46) ~[JustEnoughResources-1.20.1-1.4.0.247.jar%23635!/:1.4.0.247]
		at jeresources.api.restrictions.BiomeRestriction.<clinit>(BiomeRestriction.java:19) ~[JustEnoughResources-1.20.1-1.4.0.247.jar%23635!/:1.4.0.247]
		at jeresources.api.restrictions.Restriction.<init>(Restriction.java:23) ~[JustEnoughResources-1.20.1-1.4.0.247.jar%23635!/:1.4.0.247]
		at jeresources.api.restrictions.Restriction.<clinit>(Restriction.java:6) ~[JustEnoughResources-1.20.1-1.4.0.247.jar%23635!/:1.4.0.247]
		at jeresources.compatibility.minecraft.MinecraftCompat.registerOres(MinecraftCompat.java:67) ~[JustEnoughResources-1.20.1-1.4.0.247.jar%23635!/:1.4.0.247]
		at jeresources.compatibility.minecraft.MinecraftCompat.init(MinecraftCompat.java:37) ~[JustEnoughResources-1.20.1-1.4.0.247.jar%23635!/:1.4.0.247]
		at jeresources.compatibility.Compatibility.init(Compatibility.java:27) ~[JustEnoughResources-1.20.1-1.4.0.247.jar%23635!/:1.4.0.247]
		at jeresources.proxy.CommonProxy.initCompatibility(CommonProxy.java:14) ~[JustEnoughResources-1.20.1-1.4.0.247.jar%23635!/:1.4.0.247]
		at jeresources.jei.JEIConfig.registerCategories(JEIConfig.java:98) ~[JustEnoughResources-1.20.1-1.4.0.247.jar%23635!/:1.4.0.247]
		at mezz.jei.library.load.PluginLoader.lambda$createRecipeCategories$5(PluginLoader.java:119) ~[jei-1.20.1-forge-15.20.0.104.jar%23630!/:15.20.0.104]
		at mezz.jei.library.load.PluginCaller.callOnPlugins(PluginCaller.java:25) ~[jei-1.20.1-forge-15.20.0.104.jar%23630!/:15.20.0.104]
		at mezz.jei.library.load.PluginLoader.createRecipeCategories(PluginLoader.java:119) ~[jei-1.20.1-forge-15.20.0.104.jar%23630!/:15.20.0.104]
		at mezz.jei.library.load.PluginLoader.createRecipeManager(PluginLoader.java:154) ~[jei-1.20.1-forge-15.20.0.104.jar%23630!/:15.20.0.104]
		at mezz.jei.library.startup.JeiStarter.start(JeiStarter.java:115) ~[jei-1.20.1-forge-15.20.0.104.jar%23630!/:15.20.0.104]
		at mezz.jei.forge.startup.StartEventObserver.transitionState(StartEventObserver.java:130) ~[jei-1.20.1-forge-15.20.0.104.jar%23630!/:15.20.0.104]
		at mezz.jei.forge.startup.StartEventObserver.onEvent(StartEventObserver.java:98) ~[jei-1.20.1-forge-15.20.0.104.jar%23630!/:15.20.0.104]
		at net.minecraftforge.eventbus.EventBus.doCastFilter(EventBus.java:260) ~[eventbus-6.0.5.jar%23137!/:?]
		at net.minecraftforge.eventbus.EventBus.lambda$addListener$11(EventBus.java:252) ~[eventbus-6.0.5.jar%23137!/:?]
		at net.minecraftforge.eventbus.EventBus.post(EventBus.java:315) ~[eventbus-6.0.5.jar%23137!/:?]
		at net.minecraftforge.eventbus.EventBus.post(EventBus.java:296) ~[eventbus-6.0.5.jar%23137!/:?]
		at net.minecraft.client.multiplayer.ClientPacketListener.m_5859_(ClientPacketListener.java:1451) ~[client-1.20.1-20230612.114412-srg.jar%23794!/:?]
		at net.minecraft.network.protocol.game.ClientboundUpdateTagsPacket.m_5797_(ClientboundUpdateTagsPacket.java:35) ~[client-1.20.1-20230612.114412-srg.jar%23794!/:?]
		at net.minecraft.network.protocol.game.ClientboundUpdateTagsPacket.m_5797_(ClientboundUpdateTagsPacket.java:11) ~[client-1.20.1-20230612.114412-srg.jar%23794!/:?]
		at net.minecraft.network.protocol.PacketUtils.m_263899_(PacketUtils.java:22) ~[client-1.20.1-20230612.114412-srg.jar%23794!/:?]
		at net.minecraft.util.thread.BlockableEventLoop.m_6367_(BlockableEventLoop.java:156) ~[client-1.20.1-20230612.114412-srg.jar%23794!/:?]
		at net.minecraft.util.thread.ReentrantBlockableEventLoop.m_6367_(ReentrantBlockableEventLoop.java:23) ~[client-1.20.1-20230612.114412-srg.jar%23794!/:?]
		at net.minecraft.util.thread.BlockableEventLoop.m_7245_(BlockableEventLoop.java:130) ~[client-1.20.1-20230612.114412-srg.jar%23794!/:?]
		at net.minecraft.util.thread.BlockableEventLoop.m_18699_(BlockableEventLoop.java:115) ~[client-1.20.1-20230612.114412-srg.jar%23794!/:?]
		at net.minecraft.client.Minecraft.m_91383_(Minecraft.java:1106) ~[client-1.20.1-20230612.114412-srg.jar%23794!/:?]
		at net.minecraft.client.Minecraft.m_91374_(Minecraft.java:718) ~[client-1.20.1-20230612.114412-srg.jar%23794!/:?]
		at net.minecraft.client.main.Main.main(Main.java:218) ~[minecraft-1.20.1-client.jar:?]
		at jdk.internal.reflect.NativeMethodAccessorImpl.invoke0(Native Method) ~[?:?]
		at jdk.internal.reflect.NativeMethodAccessorImpl.invoke(NativeMethodAccessorImpl.java:77) ~[?:?]
		at jdk.internal.reflect.DelegatingMethodAccessorImpl.invoke(DelegatingMethodAccessorImpl.java:43) ~[?:?]
		at java.lang.reflect.Method.invoke(Method.java:568) ~[?:?]
		at net.minecraftforge.fml.loading.targets.CommonLaunchHandler.runTarget(CommonLaunchHandler.java:111) ~[fmlloader-1.20.1-47.2.0.jar:?]
		at net.minecraftforge.fml.loading.targets.CommonLaunchHandler.clientService(CommonLaunchHandler.java:99) ~[fmlloader-1.20.1-47.2.0.jar:?]
		at net.minecraftforge.fml.loading.targets.CommonClientLaunchHandler.lambda$makeService$0(CommonClientLaunchHandler.java:25) ~[fmlloader-1.20.1-47.2.0.jar:?]
		at cpw.mods.modlauncher.LaunchServiceHandlerDecorator.launch(LaunchServiceHandlerDecorator.java:30) ~[modlauncher-10.0.9.jar:?]
		at cpw.mods.modlauncher.LaunchServiceHandler.launch(LaunchServiceHandler.java:53) ~[modlauncher-10.0.9.jar:?]
		at cpw.mods.modlauncher.LaunchServiceHandler.launch(LaunchServiceHandler.java:71) ~[modlauncher-10.0.9.jar:?]
		at cpw.mods.modlauncher.Launcher.run(Launcher.java:108) ~[modlauncher-10.0.9.jar:?]
		at cpw.mods.modlauncher.Launcher.main(Launcher.java:78) ~[modlauncher-10.0.9.jar:?]
		at cpw.mods.modlauncher.BootstrapLaunchConsumer.accept(BootstrapLaunchConsumer.java:26) ~[modlauncher-10.0.9.jar:?]
		at cpw.mods.modlauncher.BootstrapLaunchConsumer.accept(BootstrapLaunchConsumer.java:23) ~[modlauncher-10.0.9.jar:?]
		at cpw.mods.bootstraplauncher.BootstrapLauncher.main(BootstrapLauncher.java:141) ~[bootstraplauncher-1.1.2.jar:?]
		at jdk.internal.reflect.NativeMethodAccessorImpl.invoke0(Native Method) ~[?:?]
		at jdk.internal.reflect.NativeMethodAccessorImpl.invoke(NativeMethodAccessorImpl.java:77) ~[?:?]
		at jdk.internal.reflect.DelegatingMethodAccessorImpl.invoke(DelegatingMethodAccessorImpl.java:43) ~[?:?]
		at java.lang.reflect.Method.invoke(Method.java:568) ~[?:?]
		at io.github.zekerzhayard.forgewrapper.installer.Main.main(Main.java:67) ~[?:?]
		at org.prismlauncher.launcher.impl.StandardLauncher.launch(StandardLauncher.java:105) ~[?:?]
		at org.prismlauncher.EntryPoint.listen(EntryPoint.java:129) ~[?:?]
		at org.prismlauncher.EntryPoint.main(EntryPoint.java:70) ~[?:?]
	Suppressed: java.lang.IllegalStateException: Unreferenced key: ResourceKey[minecraft:worldgen/biome / betternether:poor_nether_grasslands]
		at net.minecraft.core.RegistrySetBuilder$BuildState.m_255228_(RegistrySetBuilder.java:126) ~[client-1.20.1-20230612.114412-srg.jar%23794!/:?]
		at net.minecraft.core.RegistrySetBuilder.m_255144_(RegistrySetBuilder.java:61) ~[client-1.20.1-20230612.114412-srg.jar%23794!/:?]
		at net.minecraft.data.registries.VanillaRegistries.m_255371_(VanillaRegistries.java:72) ~[client-1.20.1-20230612.114412-srg.jar%23794!/:?]
		at jeresources.api.util.BiomeHelper.getBiome(BiomeHelper.java:20) ~[JustEnoughResources-1.20.1-1.4.0.247.jar%23635!/:1.4.0.247]
		at jeresources.api.restrictions.BiomeRestriction.<init>(BiomeRestriction.java:46) ~[JustEnoughResources-1.20.1-1.4.0.247.jar%23635!/:1.4.0.247]
		at jeresources.api.restrictions.BiomeRestriction.<clinit>(BiomeRestriction.java:19) ~[JustEnoughResources-1.20.1-1.4.0.247.jar%23635!/:1.4.0.247]
		at jeresources.api.restrictions.Restriction.<init>(Restriction.java:23) ~[JustEnoughResources-1.20.1-1.4.0.247.jar%23635!/:1.4.0.247]
		at jeresources.api.restrictions.Restriction.<clinit>(Restriction.java:6) ~[JustEnoughResources-1.20.1-1.4.0.247.jar%23635!/:1.4.0.247]
		at jeresources.compatibility.minecraft.MinecraftCompat.registerOres(MinecraftCompat.java:67) ~[JustEnoughResources-1.20.1-1.4.0.247.jar%23635!/:1.4.0.247]
		at jeresources.compatibility.minecraft.MinecraftCompat.init(MinecraftCompat.java:37) ~[JustEnoughResources-1.20.1-1.4.0.247.jar%23635!/:1.4.0.247]
		at jeresources.compatibility.Compatibility.init(Compatibility.java:27) ~[JustEnoughResources-1.20.1-1.4.0.247.jar%23635!/:1.4.0.247]
		at jeresources.proxy.CommonProxy.initCompatibility(CommonProxy.java:14) ~[JustEnoughResources-1.20.1-1.4.0.247.jar%23635!/:1.4.0.247]
		at jeresources.jei.JEIConfig.registerCategories(JEIConfig.java:98) ~[JustEnoughResources-1.20.1-1.4.0.247.jar%23635!/:1.4.0.247]
		at mezz.jei.library.load.PluginLoader.lambda$createRecipeCategories$5(PluginLoader.java:119) ~[jei-1.20.1-forge-15.20.0.104.jar%23630!/:15.20.0.104]
		at mezz.jei.library.load.PluginCaller.callOnPlugins(PluginCaller.java:25) ~[jei-1.20.1-forge-15.20.0.104.jar%23630!/:15.20.0.104]
		at mezz.jei.library.load.PluginLoader.createRecipeCategories(PluginLoader.java:119) ~[jei-1.20.1-forge-15.20.0.104.jar%23630!/:15.20.0.104]
		at mezz.jei.library.load.PluginLoader.createRecipeManager(PluginLoader.java:154) ~[jei-1.20.1-forge-15.20.0.104.jar%23630!/:15.20.0.104]
		at mezz.jei.library.startup.JeiStarter.start(JeiStarter.java:115) ~[jei-1.20.1-forge-15.20.0.104.jar%23630!/:15.20.0.104]
		at mezz.jei.forge.startup.StartEventObserver.transitionState(StartEventObserver.java:130) ~[jei-1.20.1-forge-15.20.0.104.jar%23630!/:15.20.0.104]
		at mezz.jei.forge.startup.StartEventObserver.onEvent(StartEventObserver.java:98) ~[jei-1.20.1-forge-15.20.0.104.jar%23630!/:15.20.0.104]
		at net.minecraftforge.eventbus.EventBus.doCastFilter(EventBus.java:260) ~[eventbus-6.0.5.jar%23137!/:?]
		at net.minecraftforge.eventbus.EventBus.lambda$addListener$11(EventBus.java:252) ~[eventbus-6.0.5.jar%23137!/:?]
		at net.minecraftforge.eventbus.EventBus.post(EventBus.java:315) ~[eventbus-6.0.5.jar%23137!/:?]
		at net.minecraftforge.eventbus.EventBus.post(EventBus.java:296) ~[eventbus-6.0.5.jar%23137!/:?]
		at net.minecraft.client.multiplayer.ClientPacketListener.m_5859_(ClientPacketListener.java:1451) ~[client-1.20.1-20230612.114412-srg.jar%23794!/:?]
		at net.minecraft.network.protocol.game.ClientboundUpdateTagsPacket.m_5797_(ClientboundUpdateTagsPacket.java:35) ~[client-1.20.1-20230612.114412-srg.jar%23794!/:?]
		at net.minecraft.network.protocol.game.ClientboundUpdateTagsPacket.m_5797_(ClientboundUpdateTagsPacket.java:11) ~[client-1.20.1-20230612.114412-srg.jar%23794!/:?]
		at net.minecraft.network.protocol.PacketUtils.m_263899_(PacketUtils.java:22) ~[client-1.20.1-20230612.114412-srg.jar%23794!/:?]
		at net.minecraft.util.thread.BlockableEventLoop.m_6367_(BlockableEventLoop.java:156) ~[client-1.20.1-20230612.114412-srg.jar%23794!/:?]
		at net.minecraft.util.thread.ReentrantBlockableEventLoop.m_6367_(ReentrantBlockableEventLoop.java:23) ~[client-1.20.1-20230612.114412-srg.jar%23794!/:?]
		at net.minecraft.util.thread.BlockableEventLoop.m_7245_(BlockableEventLoop.java:130) ~[client-1.20.1-20230612.114412-srg.jar%23794!/:?]
		at net.minecraft.util.thread.BlockableEventLoop.m_18699_(BlockableEventLoop.java:115) ~[client-1.20.1-20230612.114412-srg.jar%23794!/:?]
		at net.minecraft.client.Minecraft.m_91383_(Minecraft.java:1106) ~[client-1.20.1-20230612.114412-srg.jar%23794!/:?]
		at net.minecraft.client.Minecraft.m_91374_(Minecraft.java:718) ~[client-1.20.1-20230612.114412-srg.jar%23794!/:?]
		at net.minecraft.client.main.Main.main(Main.java:218) ~[minecraft-1.20.1-client.jar:?]
		at jdk.internal.reflect.NativeMethodAccessorImpl.invoke0(Native Method) ~[?:?]
		at jdk.internal.reflect.NativeMethodAccessorImpl.invoke(NativeMethodAccessorImpl.java:77) ~[?:?]
		at jdk.internal.reflect.DelegatingMethodAccessorImpl.invoke(DelegatingMethodAccessorImpl.java:43) ~[?:?]
		at java.lang.reflect.Method.invoke(Method.java:568) ~[?:?]
		at net.minecraftforge.fml.loading.targets.CommonLaunchHandler.runTarget(CommonLaunchHandler.java:111) ~[fmlloader-1.20.1-47.2.0.jar:?]
		at net.minecraftforge.fml.loading.targets.CommonLaunchHandler.clientService(CommonLaunchHandler.java:99) ~[fmlloader-1.20.1-47.2.0.jar:?]
		at net.minecraftforge.fml.loading.targets.CommonClientLaunchHandler.lambda$makeService$0(CommonClientLaunchHandler.java:25) ~[fmlloader-1.20.1-47.2.0.jar:?]
		at cpw.mods.modlauncher.LaunchServiceHandlerDecorator.launch(LaunchServiceHandlerDecorator.java:30) ~[modlauncher-10.0.9.jar:?]
		at cpw.mods.modlauncher.LaunchServiceHandler.launch(LaunchServiceHandler.java:53) ~[modlauncher-10.0.9.jar:?]
		at cpw.mods.modlauncher.LaunchServiceHandler.launch(LaunchServiceHandler.java:71) ~[modlauncher-10.0.9.jar:?]
		at cpw.mods.modlauncher.Launcher.run(Launcher.java:108) ~[modlauncher-10.0.9.jar:?]
		at cpw.mods.modlauncher.Launcher.main(Launcher.java:78) ~[modlauncher-10.0.9.jar:?]
		at cpw.mods.modlauncher.BootstrapLaunchConsumer.accept(BootstrapLaunchConsumer.java:26) ~[modlauncher-10.0.9.jar:?]
		at cpw.mods.modlauncher.BootstrapLaunchConsumer.accept(BootstrapLaunchConsumer.java:23) ~[modlauncher-10.0.9.jar:?]
		at cpw.mods.bootstraplauncher.BootstrapLauncher.main(BootstrapLauncher.java:141) ~[bootstraplauncher-1.1.2.jar:?]
		at jdk.internal.reflect.NativeMethodAccessorImpl.invoke0(Native Method) ~[?:?]
		at jdk.internal.reflect.NativeMethodAccessorImpl.invoke(NativeMethodAccessorImpl.java:77) ~[?:?]
		at jdk.internal.reflect.DelegatingMethodAccessorImpl.invoke(DelegatingMethodAccessorImpl.java:43) ~[?:?]
		at java.lang.reflect.Method.invoke(Method.java:568) ~[?:?]
		at io.github.zekerzhayard.forgewrapper.installer.Main.main(Main.java:67) ~[?:?]
		at org.prismlauncher.launcher.impl.StandardLauncher.launch(StandardLauncher.java:105) ~[?:?]
		at org.prismlauncher.EntryPoint.listen(EntryPoint.java:129) ~[?:?]
		at org.prismlauncher.EntryPoint.main(EntryPoint.java:70) ~[?:?]
	Suppressed: java.lang.IllegalStateException: Unreferenced key: ResourceKey[minecraft:worldgen/biome / betternether:old_fungiwoods]
		at net.minecraft.core.RegistrySetBuilder$BuildState.m_255228_(RegistrySetBuilder.java:126) ~[client-1.20.1-20230612.114412-srg.jar%23794!/:?]
		at net.minecraft.core.RegistrySetBuilder.m_255144_(RegistrySetBuilder.java:61) ~[client-1.20.1-20230612.114412-srg.jar%23794!/:?]
		at net.minecraft.data.registries.VanillaRegistries.m_255371_(VanillaRegistries.java:72) ~[client-1.20.1-20230612.114412-srg.jar%23794!/:?]
		at jeresources.api.util.BiomeHelper.getBiome(BiomeHelper.java:20) ~[JustEnoughResources-1.20.1-1.4.0.247.jar%23635!/:1.4.0.247]
		at jeresources.api.restrictions.BiomeRestriction.<init>(BiomeRestriction.java:46) ~[JustEnoughResources-1.20.1-1.4.0.247.jar%23635!/:1.4.0.247]
		at jeresources.api.restrictions.BiomeRestriction.<clinit>(BiomeRestriction.java:19) ~[JustEnoughResources-1.20.1-1.4.0.247.jar%23635!/:1.4.0.247]
		at jeresources.api.restrictions.Restriction.<init>(Restriction.java:23) ~[JustEnoughResources-1.20.1-1.4.0.247.jar%23635!/:1.4.0.247]
		at jeresources.api.restrictions.Restriction.<clinit>(Restriction.java:6) ~[JustEnoughResources-1.20.1-1.4.0.247.jar%23635!/:1.4.0.247]
		at jeresources.compatibility.minecraft.MinecraftCompat.registerOres(MinecraftCompat.java:67) ~[JustEnoughResources-1.20.1-1.4.0.247.jar%23635!/:1.4.0.247]
		at jeresources.compatibility.minecraft.MinecraftCompat.init(MinecraftCompat.java:37) ~[JustEnoughResources-1.20.1-1.4.0.247.jar%23635!/:1.4.0.247]
		at jeresources.compatibility.Compatibility.init(Compatibility.java:27) ~[JustEnoughResources-1.20.1-1.4.0.247.jar%23635!/:1.4.0.247]
		at jeresources.proxy.CommonProxy.initCompatibility(CommonProxy.java:14) ~[JustEnoughResources-1.20.1-1.4.0.247.jar%23635!/:1.4.0.247]
		at jeresources.jei.JEIConfig.registerCategories(JEIConfig.java:98) ~[JustEnoughResources-1.20.1-1.4.0.247.jar%23635!/:1.4.0.247]
		at mezz.jei.library.load.PluginLoader.lambda$createRecipeCategories$5(PluginLoader.java:119) ~[jei-1.20.1-forge-15.20.0.104.jar%23630!/:15.20.0.104]
		at mezz.jei.library.load.PluginCaller.callOnPlugins(PluginCaller.java:25) ~[jei-1.20.1-forge-15.20.0.104.jar%23630!/:15.20.0.104]
		at mezz.jei.library.load.PluginLoader.createRecipeCategories(PluginLoader.java:119) ~[jei-1.20.1-forge-15.20.0.104.jar%23630!/:15.20.0.104]
		at mezz.jei.library.load.PluginLoader.createRecipeManager(PluginLoader.java:154) ~[jei-1.20.1-forge-15.20.0.104.jar%23630!/:15.20.0.104]
		at mezz.jei.library.startup.JeiStarter.start(JeiStarter.java:115) ~[jei-1.20.1-forge-15.20.0.104.jar%23630!/:15.20.0.104]
		at mezz.jei.forge.startup.StartEventObserver.transitionState(StartEventObserver.java:130) ~[jei-1.20.1-forge-15.20.0.104.jar%23630!/:15.20.0.104]
		at mezz.jei.forge.startup.StartEventObserver.onEvent(StartEventObserver.java:98) ~[jei-1.20.1-forge-15.20.0.104.jar%23630!/:15.20.0.104]
		at net.minecraftforge.eventbus.EventBus.doCastFilter(EventBus.java:260) ~[eventbus-6.0.5.jar%23137!/:?]
		at net.minecraftforge.eventbus.EventBus.lambda$addListener$11(EventBus.java:252) ~[eventbus-6.0.5.jar%23137!/:?]
		at net.minecraftforge.eventbus.EventBus.post(EventBus.java:315) ~[eventbus-6.0.5.jar%23137!/:?]
		at net.minecraftforge.eventbus.EventBus.post(EventBus.java:296) ~[eventbus-6.0.5.jar%23137!/:?]
		at net.minecraft.client.multiplayer.ClientPacketListener.m_5859_(ClientPacketListener.java:1451) ~[client-1.20.1-20230612.114412-srg.jar%23794!/:?]
		at net.minecraft.network.protocol.game.ClientboundUpdateTagsPacket.m_5797_(ClientboundUpdateTagsPacket.java:35) ~[client-1.20.1-20230612.114412-srg.jar%23794!/:?]
		at net.minecraft.network.protocol.game.ClientboundUpdateTagsPacket.m_5797_(ClientboundUpdateTagsPacket.java:11) ~[client-1.20.1-20230612.114412-srg.jar%23794!/:?]
		at net.minecraft.network.protocol.PacketUtils.m_263899_(PacketUtils.java:22) ~[client-1.20.1-20230612.114412-srg.jar%23794!/:?]
		at net.minecraft.util.thread.BlockableEventLoop.m_6367_(BlockableEventLoop.java:156) ~[client-1.20.1-20230612.114412-srg.jar%23794!/:?]
		at net.minecraft.util.thread.ReentrantBlockableEventLoop.m_6367_(ReentrantBlockableEventLoop.java:23) ~[client-1.20.1-20230612.114412-srg.jar%23794!/:?]
		at net.minecraft.util.thread.BlockableEventLoop.m_7245_(BlockableEventLoop.java:130) ~[client-1.20.1-20230612.114412-srg.jar%23794!/:?]
		at net.minecraft.util.thread.BlockableEventLoop.m_18699_(BlockableEventLoop.java:115) ~[client-1.20.1-20230612.114412-srg.jar%23794!/:?]
		at net.minecraft.client.Minecraft.m_91383_(Minecraft.java:1106) ~[client-1.20.1-20230612.114412-srg.jar%23794!/:?]
		at net.minecraft.client.Minecraft.m_91374_(Minecraft.java:718) ~[client-1.20.1-20230612.114412-srg.jar%23794!/:?]
		at net.minecraft.client.main.Main.main(Main.java:218) ~[minecraft-1.20.1-client.jar:?]
		at jdk.internal.reflect.NativeMethodAccessorImpl.invoke0(Native Method) ~[?:?]
		at jdk.internal.reflect.NativeMethodAccessorImpl.invoke(NativeMethodAccessorImpl.java:77) ~[?:?]
		at jdk.internal.reflect.DelegatingMethodAccessorImpl.invoke(DelegatingMethodAccessorImpl.java:43) ~[?:?]
		at java.lang.reflect.Method.invoke(Method.java:568) ~[?:?]
		at net.minecraftforge.fml.loading.targets.CommonLaunchHandler.runTarget(CommonLaunchHandler.java:111) ~[fmlloader-1.20.1-47.2.0.jar:?]
		at net.minecraftforge.fml.loading.targets.CommonLaunchHandler.clientService(CommonLaunchHandler.java:99) ~[fmlloader-1.20.1-47.2.0.jar:?]
		at net.minecraftforge.fml.loading.targets.CommonClientLaunchHandler.lambda$makeService$0(CommonClientLaunchHandler.java:25) ~[fmlloader-1.20.1-47.2.0.jar:?]
		at cpw.mods.modlauncher.LaunchServiceHandlerDecorator.launch(LaunchServiceHandlerDecorator.java:30) ~[modlauncher-10.0.9.jar:?]
		at cpw.mods.modlauncher.LaunchServiceHandler.launch(LaunchServiceHandler.java:53) ~[modlauncher-10.0.9.jar:?]
		at cpw.mods.modlauncher.LaunchServiceHandler.launch(LaunchServiceHandler.java:71) ~[modlauncher-10.0.9.jar:?]
		at cpw.mods.modlauncher.Launcher.run(Launcher.java:108) ~[modlauncher-10.0.9.jar:?]
		at cpw.mods.modlauncher.Launcher.main(Launcher.java:78) ~[modlauncher-10.0.9.jar:?]
		at cpw.mods.modlauncher.BootstrapLaunchConsumer.accept(BootstrapLaunchConsumer.java:26) ~[modlauncher-10.0.9.jar:?]
		at cpw.mods.modlauncher.BootstrapLaunchConsumer.accept(BootstrapLaunchConsumer.java:23) ~[modlauncher-10.0.9.jar:?]
		at cpw.mods.bootstraplauncher.BootstrapLauncher.main(BootstrapLauncher.java:141) ~[bootstraplauncher-1.1.2.jar:?]
		at jdk.internal.reflect.NativeMethodAccessorImpl.invoke0(Native Method) ~[?:?]
		at jdk.internal.reflect.NativeMethodAccessorImpl.invoke(NativeMethodAccessorImpl.java:77) ~[?:?]
		at jdk.internal.reflect.DelegatingMethodAccessorImpl.invoke(DelegatingMethodAccessorImpl.java:43) ~[?:?]
		at java.lang.reflect.Method.invoke(Method.java:568) ~[?:?]
		at io.github.zekerzhayard.forgewrapper.installer.Main.main(Main.java:67) ~[?:?]
		at org.prismlauncher.launcher.impl.StandardLauncher.launch(StandardLauncher.java:105) ~[?:?]
		at org.prismlauncher.EntryPoint.listen(EntryPoint.java:129) ~[?:?]
		at org.prismlauncher.EntryPoint.main(EntryPoint.java:70) ~[?:?]
	Suppressed: java.lang.IllegalStateException: Unreferenced key: ResourceKey[minecraft:worldgen/biome / betternether:nether_grasslands]
		at net.minecraft.core.RegistrySetBuilder$BuildState.m_255228_(RegistrySetBuilder.java:126) ~[client-1.20.1-20230612.114412-srg.jar%23794!/:?]
		at net.minecraft.core.RegistrySetBuilder.m_255144_(RegistrySetBuilder.java:61) ~[client-1.20.1-20230612.114412-srg.jar%23794!/:?]
		at net.minecraft.data.registries.VanillaRegistries.m_255371_(VanillaRegistries.java:72) ~[client-1.20.1-20230612.114412-srg.jar%23794!/:?]
		at jeresources.api.util.BiomeHelper.getBiome(BiomeHelper.java:20) ~[JustEnoughResources-1.20.1-1.4.0.247.jar%23635!/:1.4.0.247]
		at jeresources.api.restrictions.BiomeRestriction.<init>(BiomeRestriction.java:46) ~[JustEnoughResources-1.20.1-1.4.0.247.jar%23635!/:1.4.0.247]
		at jeresources.api.restrictions.BiomeRestriction.<clinit>(BiomeRestriction.java:19) ~[JustEnoughResources-1.20.1-1.4.0.247.jar%23635!/:1.4.0.247]
		at jeresources.api.restrictions.Restriction.<init>(Restriction.java:23) ~[JustEnoughResources-1.20.1-1.4.0.247.jar%23635!/:1.4.0.247]
		at jeresources.api.restrictions.Restriction.<clinit>(Restriction.java:6) ~[JustEnoughResources-1.20.1-1.4.0.247.jar%23635!/:1.4.0.247]
		at jeresources.compatibility.minecraft.MinecraftCompat.registerOres(MinecraftCompat.java:67) ~[JustEnoughResources-1.20.1-1.4.0.247.jar%23635!/:1.4.0.247]
		at jeresources.compatibility.minecraft.MinecraftCompat.init(MinecraftCompat.java:37) ~[JustEnoughResources-1.20.1-1.4.0.247.jar%23635!/:1.4.0.247]
		at jeresources.compatibility.Compatibility.init(Compatibility.java:27) ~[JustEnoughResources-1.20.1-1.4.0.247.jar%23635!/:1.4.0.247]
		at jeresources.proxy.CommonProxy.initCompatibility(CommonProxy.java:14) ~[JustEnoughResources-1.20.1-1.4.0.247.jar%23635!/:1.4.0.247]
		at jeresources.jei.JEIConfig.registerCategories(JEIConfig.java:98) ~[JustEnoughResources-1.20.1-1.4.0.247.jar%23635!/:1.4.0.247]
		at mezz.jei.library.load.PluginLoader.lambda$createRecipeCategories$5(PluginLoader.java:119) ~[jei-1.20.1-forge-15.20.0.104.jar%23630!/:15.20.0.104]
		at mezz.jei.library.load.PluginCaller.callOnPlugins(PluginCaller.java:25) ~[jei-1.20.1-forge-15.20.0.104.jar%23630!/:15.20.0.104]
		at mezz.jei.library.load.PluginLoader.createRecipeCategories(PluginLoader.java:119) ~[jei-1.20.1-forge-15.20.0.104.jar%23630!/:15.20.0.104]
		at mezz.jei.library.load.PluginLoader.createRecipeManager(PluginLoader.java:154) ~[jei-1.20.1-forge-15.20.0.104.jar%23630!/:15.20.0.104]
		at mezz.jei.library.startup.JeiStarter.start(JeiStarter.java:115) ~[jei-1.20.1-forge-15.20.0.104.jar%23630!/:15.20.0.104]
		at mezz.jei.forge.startup.StartEventObserver.transitionState(StartEventObserver.java:130) ~[jei-1.20.1-forge-15.20.0.104.jar%23630!/:15.20.0.104]
		at mezz.jei.forge.startup.StartEventObserver.onEvent(StartEventObserver.java:98) ~[jei-1.20.1-forge-15.20.0.104.jar%23630!/:15.20.0.104]
		at net.minecraftforge.eventbus.EventBus.doCastFilter(EventBus.java:260) ~[eventbus-6.0.5.jar%23137!/:?]
		at net.minecraftforge.eventbus.EventBus.lambda$addListener$11(EventBus.java:252) ~[eventbus-6.0.5.jar%23137!/:?]
		at net.minecraftforge.eventbus.EventBus.post(EventBus.java:315) ~[eventbus-6.0.5.jar%23137!/:?]
		at net.minecraftforge.eventbus.EventBus.post(EventBus.java:296) ~[eventbus-6.0.5.jar%23137!/:?]
		at net.minecraft.client.multiplayer.ClientPacketListener.m_5859_(ClientPacketListener.java:1451) ~[client-1.20.1-20230612.114412-srg.jar%23794!/:?]
		at net.minecraft.network.protocol.game.ClientboundUpdateTagsPacket.m_5797_(ClientboundUpdateTagsPacket.java:35) ~[client-1.20.1-20230612.114412-srg.jar%23794!/:?]
		at net.minecraft.network.protocol.game.ClientboundUpdateTagsPacket.m_5797_(ClientboundUpdateTagsPacket.java:11) ~[client-1.20.1-20230612.114412-srg.jar%23794!/:?]
		at net.minecraft.network.protocol.PacketUtils.m_263899_(PacketUtils.java:22) ~[client-1.20.1-20230612.114412-srg.jar%23794!/:?]
		at net.minecraft.util.thread.BlockableEventLoop.m_6367_(BlockableEventLoop.java:156) ~[client-1.20.1-20230612.114412-srg.jar%23794!/:?]
		at net.minecraft.util.thread.ReentrantBlockableEventLoop.m_6367_(ReentrantBlockableEventLoop.java:23) ~[client-1.20.1-20230612.114412-srg.jar%23794!/:?]
		at net.minecraft.util.thread.BlockableEventLoop.m_7245_(BlockableEventLoop.java:130) ~[client-1.20.1-20230612.114412-srg.jar%23794!/:?]
		at net.minecraft.util.thread.BlockableEventLoop.m_18699_(BlockableEventLoop.java:115) ~[client-1.20.1-20230612.114412-srg.jar%23794!/:?]
		at net.minecraft.client.Minecraft.m_91383_(Minecraft.java:1106) ~[client-1.20.1-20230612.114412-srg.jar%23794!/:?]
		at net.minecraft.client.Minecraft.m_91374_(Minecraft.java:718) ~[client-1.20.1-20230612.114412-srg.jar%23794!/:?]
		at net.minecraft.client.main.Main.main(Main.java:218) ~[minecraft-1.20.1-client.jar:?]
		at jdk.internal.reflect.NativeMethodAccessorImpl.invoke0(Native Method) ~[?:?]
		at jdk.internal.reflect.NativeMethodAccessorImpl.invoke(NativeMethodAccessorImpl.java:77) ~[?:?]
		at jdk.internal.reflect.DelegatingMethodAccessorImpl.invoke(DelegatingMethodAccessorImpl.java:43) ~[?:?]
		at java.lang.reflect.Method.invoke(Method.java:568) ~[?:?]
		at net.minecraftforge.fml.loading.targets.CommonLaunchHandler.runTarget(CommonLaunchHandler.java:111) ~[fmlloader-1.20.1-47.2.0.jar:?]
		at net.minecraftforge.fml.loading.targets.CommonLaunchHandler.clientService(CommonLaunchHandler.java:99) ~[fmlloader-1.20.1-47.2.0.jar:?]
		at net.minecraftforge.fml.loading.targets.CommonClientLaunchHandler.lambda$makeService$0(CommonClientLaunchHandler.java:25) ~[fmlloader-1.20.1-47.2.0.jar:?]
		at cpw.mods.modlauncher.LaunchServiceHandlerDecorator.launch(LaunchServiceHandlerDecorator.java:30) ~[modlauncher-10.0.9.jar:?]
		at cpw.mods.modlauncher.LaunchServiceHandler.launch(LaunchServiceHandler.java:53) ~[modlauncher-10.0.9.jar:?]
		at cpw.mods.modlauncher.LaunchServiceHandler.launch(LaunchServiceHandler.java:71) ~[modlauncher-10.0.9.jar:?]
		at cpw.mods.modlauncher.Launcher.run(Launcher.java:108) ~[modlauncher-10.0.9.jar:?]
		at cpw.mods.modlauncher.Launcher.main(Launcher.java:78) ~[modlauncher-10.0.9.jar:?]
		at cpw.mods.modlauncher.BootstrapLaunchConsumer.accept(BootstrapLaunchConsumer.java:26) ~[modlauncher-10.0.9.jar:?]
		at cpw.mods.modlauncher.BootstrapLaunchConsumer.accept(BootstrapLaunchConsumer.java:23) ~[modlauncher-10.0.9.jar:?]
		at cpw.mods.bootstraplauncher.BootstrapLauncher.main(BootstrapLauncher.java:141) ~[bootstraplauncher-1.1.2.jar:?]
		at jdk.internal.reflect.NativeMethodAccessorImpl.invoke0(Native Method) ~[?:?]
		at jdk.internal.reflect.NativeMethodAccessorImpl.invoke(NativeMethodAccessorImpl.java:77) ~[?:?]
		at jdk.internal.reflect.DelegatingMethodAccessorImpl.invoke(DelegatingMethodAccessorImpl.java:43) ~[?:?]
		at java.lang.reflect.Method.invoke(Method.java:568) ~[?:?]
		at io.github.zekerzhayard.forgewrapper.installer.Main.main(Main.java:67) ~[?:?]
		at org.prismlauncher.launcher.impl.StandardLauncher.launch(StandardLauncher.java:105) ~[?:?]
		at org.prismlauncher.EntryPoint.listen(EntryPoint.java:129) ~[?:?]
		at org.prismlauncher.EntryPoint.main(EntryPoint.java:70) ~[?:?]
	Suppressed: java.lang.IllegalStateException: Unreferenced key: ResourceKey[minecraft:worldgen/biome / betternether:nether_mushroom_forest_edge]
		at net.minecraft.core.RegistrySetBuilder$BuildState.m_255228_(RegistrySetBuilder.java:126) ~[client-1.20.1-20230612.114412-srg.jar%23794!/:?]
		at net.minecraft.core.RegistrySetBuilder.m_255144_(RegistrySetBuilder.java:61) ~[client-1.20.1-20230612.114412-srg.jar%23794!/:?]
		at net.minecraft.data.registries.VanillaRegistries.m_255371_(VanillaRegistries.java:72) ~[client-1.20.1-20230612.114412-srg.jar%23794!/:?]
		at jeresources.api.util.BiomeHelper.getBiome(BiomeHelper.java:20) ~[JustEnoughResources-1.20.1-1.4.0.247.jar%23635!/:1.4.0.247]
		at jeresources.api.restrictions.BiomeRestriction.<init>(BiomeRestriction.java:46) ~[JustEnoughResources-1.20.1-1.4.0.247.jar%23635!/:1.4.0.247]
		at jeresources.api.restrictions.BiomeRestriction.<clinit>(BiomeRestriction.java:19) ~[JustEnoughResources-1.20.1-1.4.0.247.jar%23635!/:1.4.0.247]
		at jeresources.api.restrictions.Restriction.<init>(Restriction.java:23) ~[JustEnoughResources-1.20.1-1.4.0.247.jar%23635!/:1.4.0.247]
		at jeresources.api.restrictions.Restriction.<clinit>(Restriction.java:6) ~[JustEnoughResources-1.20.1-1.4.0.247.jar%23635!/:1.4.0.247]
		at jeresources.compatibility.minecraft.MinecraftCompat.registerOres(MinecraftCompat.java:67) ~[JustEnoughResources-1.20.1-1.4.0.247.jar%23635!/:1.4.0.247]
		at jeresources.compatibility.minecraft.MinecraftCompat.init(MinecraftCompat.java:37) ~[JustEnoughResources-1.20.1-1.4.0.247.jar%23635!/:1.4.0.247]
		at jeresources.compatibility.Compatibility.init(Compatibility.java:27) ~[JustEnoughResources-1.20.1-1.4.0.247.jar%23635!/:1.4.0.247]
		at jeresources.proxy.CommonProxy.initCompatibility(CommonProxy.java:14) ~[JustEnoughResources-1.20.1-1.4.0.247.jar%23635!/:1.4.0.247]
		at jeresources.jei.JEIConfig.registerCategories(JEIConfig.java:98) ~[JustEnoughResources-1.20.1-1.4.0.247.jar%23635!/:1.4.0.247]
		at mezz.jei.library.load.PluginLoader.lambda$createRecipeCategories$5(PluginLoader.java:119) ~[jei-1.20.1-forge-15.20.0.104.jar%23630!/:15.20.0.104]
		at mezz.jei.library.load.PluginCaller.callOnPlugins(PluginCaller.java:25) ~[jei-1.20.1-forge-15.20.0.104.jar%23630!/:15.20.0.104]
		at mezz.jei.library.load.PluginLoader.createRecipeCategories(PluginLoader.java:119) ~[jei-1.20.1-forge-15.20.0.104.jar%23630!/:15.20.0.104]
		at mezz.jei.library.load.PluginLoader.createRecipeManager(PluginLoader.java:154) ~[jei-1.20.1-forge-15.20.0.104.jar%23630!/:15.20.0.104]
		at mezz.jei.library.startup.JeiStarter.start(JeiStarter.java:115) ~[jei-1.20.1-forge-15.20.0.104.jar%23630!/:15.20.0.104]
		at mezz.jei.forge.startup.StartEventObserver.transitionState(StartEventObserver.java:130) ~[jei-1.20.1-forge-15.20.0.104.jar%23630!/:15.20.0.104]
		at mezz.jei.forge.startup.StartEventObserver.onEvent(StartEventObserver.java:98) ~[jei-1.20.1-forge-15.20.0.104.jar%23630!/:15.20.0.104]
		at net.minecraftforge.eventbus.EventBus.doCastFilter(EventBus.java:260) ~[eventbus-6.0.5.jar%23137!/:?]
		at net.minecraftforge.eventbus.EventBus.lambda$addListener$11(EventBus.java:252) ~[eventbus-6.0.5.jar%23137!/:?]
		at net.minecraftforge.eventbus.EventBus.post(EventBus.java:315) ~[eventbus-6.0.5.jar%23137!/:?]
		at net.minecraftforge.eventbus.EventBus.post(EventBus.java:296) ~[eventbus-6.0.5.jar%23137!/:?]
		at net.minecraft.client.multiplayer.ClientPacketListener.m_5859_(ClientPacketListener.java:1451) ~[client-1.20.1-20230612.114412-srg.jar%23794!/:?]
		at net.minecraft.network.protocol.game.ClientboundUpdateTagsPacket.m_5797_(ClientboundUpdateTagsPacket.java:35) ~[client-1.20.1-20230612.114412-srg.jar%23794!/:?]
		at net.minecraft.network.protocol.game.ClientboundUpdateTagsPacket.m_5797_(ClientboundUpdateTagsPacket.java:11) ~[client-1.20.1-20230612.114412-srg.jar%23794!/:?]
		at net.minecraft.network.protocol.PacketUtils.m_263899_(PacketUtils.java:22) ~[client-1.20.1-20230612.114412-srg.jar%23794!/:?]
		at net.minecraft.util.thread.BlockableEventLoop.m_6367_(BlockableEventLoop.java:156) ~[client-1.20.1-20230612.114412-srg.jar%23794!/:?]
		at net.minecraft.util.thread.ReentrantBlockableEventLoop.m_6367_(ReentrantBlockableEventLoop.java:23) ~[client-1.20.1-20230612.114412-srg.jar%23794!/:?]
		at net.minecraft.util.thread.BlockableEventLoop.m_7245_(BlockableEventLoop.java:130) ~[client-1.20.1-20230612.114412-srg.jar%23794!/:?]
		at net.minecraft.util.thread.BlockableEventLoop.m_18699_(BlockableEventLoop.java:115) ~[client-1.20.1-20230612.114412-srg.jar%23794!/:?]
		at net.minecraft.client.Minecraft.m_91383_(Minecraft.java:1106) ~[client-1.20.1-20230612.114412-srg.jar%23794!/:?]
		at net.minecraft.client.Minecraft.m_91374_(Minecraft.java:718) ~[client-1.20.1-20230612.114412-srg.jar%23794!/:?]
		at net.minecraft.client.main.Main.main(Main.java:218) ~[minecraft-1.20.1-client.jar:?]
		at jdk.internal.reflect.NativeMethodAccessorImpl.invoke0(Native Method) ~[?:?]
		at jdk.internal.reflect.NativeMethodAccessorImpl.invoke(NativeMethodAccessorImpl.java:77) ~[?:?]
		at jdk.internal.reflect.DelegatingMethodAccessorImpl.invoke(DelegatingMethodAccessorImpl.java:43) ~[?:?]
		at java.lang.reflect.Method.invoke(Method.java:568) ~[?:?]
		at net.minecraftforge.fml.loading.targets.CommonLaunchHandler.runTarget(CommonLaunchHandler.java:111) ~[fmlloader-1.20.1-47.2.0.jar:?]
		at net.minecraftforge.fml.loading.targets.CommonLaunchHandler.clientService(CommonLaunchHandler.java:99) ~[fmlloader-1.20.1-47.2.0.jar:?]
		at net.minecraftforge.fml.loading.targets.CommonClientLaunchHandler.lambda$makeService$0(CommonClientLaunchHandler.java:25) ~[fmlloader-1.20.1-47.2.0.jar:?]
		at cpw.mods.modlauncher.LaunchServiceHandlerDecorator.launch(LaunchServiceHandlerDecorator.java:30) ~[modlauncher-10.0.9.jar:?]
		at cpw.mods.modlauncher.LaunchServiceHandler.launch(LaunchServiceHandler.java:53) ~[modlauncher-10.0.9.jar:?]
		at cpw.mods.modlauncher.LaunchServiceHandler.launch(LaunchServiceHandler.java:71) ~[modlauncher-10.0.9.jar:?]
		at cpw.mods.modlauncher.Launcher.run(Launcher.java:108) ~[modlauncher-10.0.9.jar:?]
		at cpw.mods.modlauncher.Launcher.main(Launcher.java:78) ~[modlauncher-10.0.9.jar:?]
		at cpw.mods.modlauncher.BootstrapLaunchConsumer.accept(BootstrapLaunchConsumer.java:26) ~[modlauncher-10.0.9.jar:?]
		at cpw.mods.modlauncher.BootstrapLaunchConsumer.accept(BootstrapLaunchConsumer.java:23) ~[modlauncher-10.0.9.jar:?]
		at cpw.mods.bootstraplauncher.BootstrapLauncher.main(BootstrapLauncher.java:141) ~[bootstraplauncher-1.1.2.jar:?]
		at jdk.internal.reflect.NativeMethodAccessorImpl.invoke0(Native Method) ~[?:?]
		at jdk.internal.reflect.NativeMethodAccessorImpl.invoke(NativeMethodAccessorImpl.java:77) ~[?:?]
		at jdk.internal.reflect.DelegatingMethodAccessorImpl.invoke(DelegatingMethodAccessorImpl.java:43) ~[?:?]
		at java.lang.reflect.Method.invoke(Method.java:568) ~[?:?]
		at io.github.zekerzhayard.forgewrapper.installer.Main.main(Main.java:67) ~[?:?]
		at org.prismlauncher.launcher.impl.StandardLauncher.launch(StandardLauncher.java:105) ~[?:?]
		at org.prismlauncher.EntryPoint.listen(EntryPoint.java:129) ~[?:?]
		at org.prismlauncher.EntryPoint.main(EntryPoint.java:70) ~[?:?]
	Suppressed: java.lang.IllegalStateException: Unreferenced key: ResourceKey[minecraft:worldgen/biome / betternether:magma_land]
		at net.minecraft.core.RegistrySetBuilder$BuildState.m_255228_(RegistrySetBuilder.java:126) ~[client-1.20.1-20230612.114412-srg.jar%23794!/:?]
		at net.minecraft.core.RegistrySetBuilder.m_255144_(RegistrySetBuilder.java:61) ~[client-1.20.1-20230612.114412-srg.jar%23794!/:?]
		at net.minecraft.data.registries.VanillaRegistries.m_255371_(VanillaRegistries.java:72) ~[client-1.20.1-20230612.114412-srg.jar%23794!/:?]
		at jeresources.api.util.BiomeHelper.getBiome(BiomeHelper.java:20) ~[JustEnoughResources-1.20.1-1.4.0.247.jar%23635!/:1.4.0.247]
		at jeresources.api.restrictions.BiomeRestriction.<init>(BiomeRestriction.java:46) ~[JustEnoughResources-1.20.1-1.4.0.247.jar%23635!/:1.4.0.247]
		at jeresources.api.restrictions.BiomeRestriction.<clinit>(BiomeRestriction.java:19) ~[JustEnoughResources-1.20.1-1.4.0.247.jar%23635!/:1.4.0.247]
		at jeresources.api.restrictions.Restriction.<init>(Restriction.java:23) ~[JustEnoughResources-1.20.1-1.4.0.247.jar%23635!/:1.4.0.247]
		at jeresources.api.restrictions.Restriction.<clinit>(Restriction.java:6) ~[JustEnoughResources-1.20.1-1.4.0.247.jar%23635!/:1.4.0.247]
		at jeresources.compatibility.minecraft.MinecraftCompat.registerOres(MinecraftCompat.java:67) ~[JustEnoughResources-1.20.1-1.4.0.247.jar%23635!/:1.4.0.247]
		at jeresources.compatibility.minecraft.MinecraftCompat.init(MinecraftCompat.java:37) ~[JustEnoughResources-1.20.1-1.4.0.247.jar%23635!/:1.4.0.247]
		at jeresources.compatibility.Compatibility.init(Compatibility.java:27) ~[JustEnoughResources-1.20.1-1.4.0.247.jar%23635!/:1.4.0.247]
		at jeresources.proxy.CommonProxy.initCompatibility(CommonProxy.java:14) ~[JustEnoughResources-1.20.1-1.4.0.247.jar%23635!/:1.4.0.247]
		at jeresources.jei.JEIConfig.registerCategories(JEIConfig.java:98) ~[JustEnoughResources-1.20.1-1.4.0.247.jar%23635!/:1.4.0.247]
		at mezz.jei.library.load.PluginLoader.lambda$createRecipeCategories$5(PluginLoader.java:119) ~[jei-1.20.1-forge-15.20.0.104.jar%23630!/:15.20.0.104]
		at mezz.jei.library.load.PluginCaller.callOnPlugins(PluginCaller.java:25) ~[jei-1.20.1-forge-15.20.0.104.jar%23630!/:15.20.0.104]
		at mezz.jei.library.load.PluginLoader.createRecipeCategories(PluginLoader.java:119) ~[jei-1.20.1-forge-15.20.0.104.jar%23630!/:15.20.0.104]
		at mezz.jei.library.load.PluginLoader.createRecipeManager(PluginLoader.java:154) ~[jei-1.20.1-forge-15.20.0.104.jar%23630!/:15.20.0.104]
		at mezz.jei.library.startup.JeiStarter.start(JeiStarter.java:115) ~[jei-1.20.1-forge-15.20.0.104.jar%23630!/:15.20.0.104]
		at mezz.jei.forge.startup.StartEventObserver.transitionState(StartEventObserver.java:130) ~[jei-1.20.1-forge-15.20.0.104.jar%23630!/:15.20.0.104]
		at mezz.jei.forge.startup.StartEventObserver.onEvent(StartEventObserver.java:98) ~[jei-1.20.1-forge-15.20.0.104.jar%23630!/:15.20.0.104]
		at net.minecraftforge.eventbus.EventBus.doCastFilter(EventBus.java:260) ~[eventbus-6.0.5.jar%23137!/:?]
		at net.minecraftforge.eventbus.EventBus.lambda$addListener$11(EventBus.java:252) ~[eventbus-6.0.5.jar%23137!/:?]
		at net.minecraftforge.eventbus.EventBus.post(EventBus.java:315) ~[eventbus-6.0.5.jar%23137!/:?]
		at net.minecraftforge.eventbus.EventBus.post(EventBus.java:296) ~[eventbus-6.0.5.jar%23137!/:?]
		at net.minecraft.client.multiplayer.ClientPacketListener.m_5859_(ClientPacketListener.java:1451) ~[client-1.20.1-20230612.114412-srg.jar%23794!/:?]
		at net.minecraft.network.protocol.game.ClientboundUpdateTagsPacket.m_5797_(ClientboundUpdateTagsPacket.java:35) ~[client-1.20.1-20230612.114412-srg.jar%23794!/:?]
		at net.minecraft.network.protocol.game.ClientboundUpdateTagsPacket.m_5797_(ClientboundUpdateTagsPacket.java:11) ~[client-1.20.1-20230612.114412-srg.jar%23794!/:?]
		at net.minecraft.network.protocol.PacketUtils.m_263899_(PacketUtils.java:22) ~[client-1.20.1-20230612.114412-srg.jar%23794!/:?]
		at net.minecraft.util.thread.BlockableEventLoop.m_6367_(BlockableEventLoop.java:156) ~[client-1.20.1-20230612.114412-srg.jar%23794!/:?]
		at net.minecraft.util.thread.ReentrantBlockableEventLoop.m_6367_(ReentrantBlockableEventLoop.java:23) ~[client-1.20.1-20230612.114412-srg.jar%23794!/:?]
		at net.minecraft.util.thread.BlockableEventLoop.m_7245_(BlockableEventLoop.java:130) ~[client-1.20.1-20230612.114412-srg.jar%23794!/:?]
		at net.minecraft.util.thread.BlockableEventLoop.m_18699_(BlockableEventLoop.java:115) ~[client-1.20.1-20230612.114412-srg.jar%23794!/:?]
		at net.minecraft.client.Minecraft.m_91383_(Minecraft.java:1106) ~[client-1.20.1-20230612.114412-srg.jar%23794!/:?]
		at net.minecraft.client.Minecraft.m_91374_(Minecraft.java:718) ~[client-1.20.1-20230612.114412-srg.jar%23794!/:?]
		at net.minecraft.client.main.Main.main(Main.java:218) ~[minecraft-1.20.1-client.jar:?]
		at jdk.internal.reflect.NativeMethodAccessorImpl.invoke0(Native Method) ~[?:?]
		at jdk.internal.reflect.NativeMethodAccessorImpl.invoke(NativeMethodAccessorImpl.java:77) ~[?:?]
		at jdk.internal.reflect.DelegatingMethodAccessorImpl.invoke(DelegatingMethodAccessorImpl.java:43) ~[?:?]
		at java.lang.reflect.Method.invoke(Method.java:568) ~[?:?]
		at net.minecraftforge.fml.loading.targets.CommonLaunchHandler.runTarget(CommonLaunchHandler.java:111) ~[fmlloader-1.20.1-47.2.0.jar:?]
		at net.minecraftforge.fml.loading.targets.CommonLaunchHandler.clientService(CommonLaunchHandler.java:99) ~[fmlloader-1.20.1-47.2.0.jar:?]
		at net.minecraftforge.fml.loading.targets.CommonClientLaunchHandler.lambda$makeService$0(CommonClientLaunchHandler.java:25) ~[fmlloader-1.20.1-47.2.0.jar:?]
		at cpw.mods.modlauncher.LaunchServiceHandlerDecorator.launch(LaunchServiceHandlerDecorator.java:30) ~[modlauncher-10.0.9.jar:?]
		at cpw.mods.modlauncher.LaunchServiceHandler.launch(LaunchServiceHandler.java:53) ~[modlauncher-10.0.9.jar:?]
		at cpw.mods.modlauncher.LaunchServiceHandler.launch(LaunchServiceHandler.java:71) ~[modlauncher-10.0.9.jar:?]
		at cpw.mods.modlauncher.Launcher.run(Launcher.java:108) ~[modlauncher-10.0.9.jar:?]
		at cpw.mods.modlauncher.Launcher.main(Launcher.java:78) ~[modlauncher-10.0.9.jar:?]
		at cpw.mods.modlauncher.BootstrapLaunchConsumer.accept(BootstrapLaunchConsumer.java:26) ~[modlauncher-10.0.9.jar:?]
		at cpw.mods.modlauncher.BootstrapLaunchConsumer.accept(BootstrapLaunchConsumer.java:23) ~[modlauncher-10.0.9.jar:?]
		at cpw.mods.bootstraplauncher.BootstrapLauncher.main(BootstrapLauncher.java:141) ~[bootstraplauncher-1.1.2.jar:?]
		at jdk.internal.reflect.NativeMethodAccessorImpl.invoke0(Native Method) ~[?:?]
		at jdk.internal.reflect.NativeMethodAccessorImpl.invoke(NativeMethodAccessorImpl.java:77) ~[?:?]
		at jdk.internal.reflect.DelegatingMethodAccessorImpl.invoke(DelegatingMethodAccessorImpl.java:43) ~[?:?]
		at java.lang.reflect.Method.invoke(Method.java:568) ~[?:?]
		at io.github.zekerzhayard.forgewrapper.installer.Main.main(Main.java:67) ~[?:?]
		at org.prismlauncher.launcher.impl.StandardLauncher.launch(StandardLauncher.java:105) ~[?:?]
		at org.prismlauncher.EntryPoint.listen(EntryPoint.java:129) ~[?:?]
		at org.prismlauncher.EntryPoint.main(EntryPoint.java:70) ~[?:?]
	Suppressed: java.lang.IllegalStateException: Unreferenced key: ResourceKey[minecraft:worldgen/biome / betternether:nether_swampland]
		at net.minecraft.core.RegistrySetBuilder$BuildState.m_255228_(RegistrySetBuilder.java:126) ~[client-1.20.1-20230612.114412-srg.jar%23794!/:?]
		at net.minecraft.core.RegistrySetBuilder.m_255144_(RegistrySetBuilder.java:61) ~[client-1.20.1-20230612.114412-srg.jar%23794!/:?]
		at net.minecraft.data.registries.VanillaRegistries.m_255371_(VanillaRegistries.java:72) ~[client-1.20.1-20230612.114412-srg.jar%23794!/:?]
		at jeresources.api.util.BiomeHelper.getBiome(BiomeHelper.java:20) ~[JustEnoughResources-1.20.1-1.4.0.247.jar%23635!/:1.4.0.247]
		at jeresources.api.restrictions.BiomeRestriction.<init>(BiomeRestriction.java:46) ~[JustEnoughResources-1.20.1-1.4.0.247.jar%23635!/:1.4.0.247]
		at jeresources.api.restrictions.BiomeRestriction.<clinit>(BiomeRestriction.java:19) ~[JustEnoughResources-1.20.1-1.4.0.247.jar%23635!/:1.4.0.247]
		at jeresources.api.restrictions.Restriction.<init>(Restriction.java:23) ~[JustEnoughResources-1.20.1-1.4.0.247.jar%23635!/:1.4.0.247]
		at jeresources.api.restrictions.Restriction.<clinit>(Restriction.java:6) ~[JustEnoughResources-1.20.1-1.4.0.247.jar%23635!/:1.4.0.247]
		at jeresources.compatibility.minecraft.MinecraftCompat.registerOres(MinecraftCompat.java:67) ~[JustEnoughResources-1.20.1-1.4.0.247.jar%23635!/:1.4.0.247]
		at jeresources.compatibility.minecraft.MinecraftCompat.init(MinecraftCompat.java:37) ~[JustEnoughResources-1.20.1-1.4.0.247.jar%23635!/:1.4.0.247]
		at jeresources.compatibility.Compatibility.init(Compatibility.java:27) ~[JustEnoughResources-1.20.1-1.4.0.247.jar%23635!/:1.4.0.247]
		at jeresources.proxy.CommonProxy.initCompatibility(CommonProxy.java:14) ~[JustEnoughResources-1.20.1-1.4.0.247.jar%23635!/:1.4.0.247]
		at jeresources.jei.JEIConfig.registerCategories(JEIConfig.java:98) ~[JustEnoughResources-1.20.1-1.4.0.247.jar%23635!/:1.4.0.247]
		at mezz.jei.library.load.PluginLoader.lambda$createRecipeCategories$5(PluginLoader.java:119) ~[jei-1.20.1-forge-15.20.0.104.jar%23630!/:15.20.0.104]
		at mezz.jei.library.load.PluginCaller.callOnPlugins(PluginCaller.java:25) ~[jei-1.20.1-forge-15.20.0.104.jar%23630!/:15.20.0.104]
		at mezz.jei.library.load.PluginLoader.createRecipeCategories(PluginLoader.java:119) ~[jei-1.20.1-forge-15.20.0.104.jar%23630!/:15.20.0.104]
		at mezz.jei.library.load.PluginLoader.createRecipeManager(PluginLoader.java:154) ~[jei-1.20.1-forge-15.20.0.104.jar%23630!/:15.20.0.104]
		at mezz.jei.library.startup.JeiStarter.start(JeiStarter.java:115) ~[jei-1.20.1-forge-15.20.0.104.jar%23630!/:15.20.0.104]
		at mezz.jei.forge.startup.StartEventObserver.transitionState(StartEventObserver.java:130) ~[jei-1.20.1-forge-15.20.0.104.jar%23630!/:15.20.0.104]
		at mezz.jei.forge.startup.StartEventObserver.onEvent(StartEventObserver.java:98) ~[jei-1.20.1-forge-15.20.0.104.jar%23630!/:15.20.0.104]
		at net.minecraftforge.eventbus.EventBus.doCastFilter(EventBus.java:260) ~[eventbus-6.0.5.jar%23137!/:?]
		at net.minecraftforge.eventbus.EventBus.lambda$addListener$11(EventBus.java:252) ~[eventbus-6.0.5.jar%23137!/:?]
		at net.minecraftforge.eventbus.EventBus.post(EventBus.java:315) ~[eventbus-6.0.5.jar%23137!/:?]
		at net.minecraftforge.eventbus.EventBus.post(EventBus.java:296) ~[eventbus-6.0.5.jar%23137!/:?]
		at net.minecraft.client.multiplayer.ClientPacketListener.m_5859_(ClientPacketListener.java:1451) ~[client-1.20.1-20230612.114412-srg.jar%23794!/:?]
		at net.minecraft.network.protocol.game.ClientboundUpdateTagsPacket.m_5797_(ClientboundUpdateTagsPacket.java:35) ~[client-1.20.1-20230612.114412-srg.jar%23794!/:?]
		at net.minecraft.network.protocol.game.ClientboundUpdateTagsPacket.m_5797_(ClientboundUpdateTagsPacket.java:11) ~[client-1.20.1-20230612.114412-srg.jar%23794!/:?]
		at net.minecraft.network.protocol.PacketUtils.m_263899_(PacketUtils.java:22) ~[client-1.20.1-20230612.114412-srg.jar%23794!/:?]
		at net.minecraft.util.thread.BlockableEventLoop.m_6367_(BlockableEventLoop.java:156) ~[client-1.20.1-20230612.114412-srg.jar%23794!/:?]
		at net.minecraft.util.thread.ReentrantBlockableEventLoop.m_6367_(ReentrantBlockableEventLoop.java:23) ~[client-1.20.1-20230612.114412-srg.jar%23794!/:?]
		at net.minecraft.util.thread.BlockableEventLoop.m_7245_(BlockableEventLoop.java:130) ~[client-1.20.1-20230612.114412-srg.jar%23794!/:?]
		at net.minecraft.util.thread.BlockableEventLoop.m_18699_(BlockableEventLoop.java:115) ~[client-1.20.1-20230612.114412-srg.jar%23794!/:?]
		at net.minecraft.client.Minecraft.m_91383_(Minecraft.java:1106) ~[client-1.20.1-20230612.114412-srg.jar%23794!/:?]
		at net.minecraft.client.Minecraft.m_91374_(Minecraft.java:718) ~[client-1.20.1-20230612.114412-srg.jar%23794!/:?]
		at net.minecraft.client.main.Main.main(Main.java:218) ~[minecraft-1.20.1-client.jar:?]
		at jdk.internal.reflect.NativeMethodAccessorImpl.invoke0(Native Method) ~[?:?]
		at jdk.internal.reflect.NativeMethodAccessorImpl.invoke(NativeMethodAccessorImpl.java:77) ~[?:?]
		at jdk.internal.reflect.DelegatingMethodAccessorImpl.invoke(DelegatingMethodAccessorImpl.java:43) ~[?:?]
		at java.lang.reflect.Method.invoke(Method.java:568) ~[?:?]
		at net.minecraftforge.fml.loading.targets.CommonLaunchHandler.runTarget(CommonLaunchHandler.java:111) ~[fmlloader-1.20.1-47.2.0.jar:?]
		at net.minecraftforge.fml.loading.targets.CommonLaunchHandler.clientService(CommonLaunchHandler.java:99) ~[fmlloader-1.20.1-47.2.0.jar:?]
		at net.minecraftforge.fml.loading.targets.CommonClientLaunchHandler.lambda$makeService$0(CommonClientLaunchHandler.java:25) ~[fmlloader-1.20.1-47.2.0.jar:?]
		at cpw.mods.modlauncher.LaunchServiceHandlerDecorator.launch(LaunchServiceHandlerDecorator.java:30) ~[modlauncher-10.0.9.jar:?]
		at cpw.mods.modlauncher.LaunchServiceHandler.launch(LaunchServiceHandler.java:53) ~[modlauncher-10.0.9.jar:?]
		at cpw.mods.modlauncher.LaunchServiceHandler.launch(LaunchServiceHandler.java:71) ~[modlauncher-10.0.9.jar:?]
		at cpw.mods.modlauncher.Launcher.run(Launcher.java:108) ~[modlauncher-10.0.9.jar:?]
		at cpw.mods.modlauncher.Launcher.main(Launcher.java:78) ~[modlauncher-10.0.9.jar:?]
		at cpw.mods.modlauncher.BootstrapLaunchConsumer.accept(BootstrapLaunchConsumer.java:26) ~[modlauncher-10.0.9.jar:?]
		at cpw.mods.modlauncher.BootstrapLaunchConsumer.accept(BootstrapLaunchConsumer.java:23) ~[modlauncher-10.0.9.jar:?]
		at cpw.mods.bootstraplauncher.BootstrapLauncher.main(BootstrapLauncher.java:141) ~[bootstraplauncher-1.1.2.jar:?]
		at jdk.internal.reflect.NativeMethodAccessorImpl.invoke0(Native Method) ~[?:?]
		at jdk.internal.reflect.NativeMethodAccessorImpl.invoke(NativeMethodAccessorImpl.java:77) ~[?:?]
		at jdk.internal.reflect.DelegatingMethodAccessorImpl.invoke(DelegatingMethodAccessorImpl.java:43) ~[?:?]
		at java.lang.reflect.Method.invoke(Method.java:568) ~[?:?]
		at io.github.zekerzhayard.forgewrapper.installer.Main.main(Main.java:67) ~[?:?]
		at org.prismlauncher.launcher.impl.StandardLauncher.launch(StandardLauncher.java:105) ~[?:?]
		at org.prismlauncher.EntryPoint.listen(EntryPoint.java:129) ~[?:?]
		at org.prismlauncher.EntryPoint.main(EntryPoint.java:70) ~[?:?]
	Suppressed: java.lang.IllegalStateException: Unreferenced key: ResourceKey[minecraft:worldgen/biome / betternether:crimson_glowing_woods]
		at net.minecraft.core.RegistrySetBuilder$BuildState.m_255228_(RegistrySetBuilder.java:126) ~[client-1.20.1-20230612.114412-srg.jar%23794!/:?]
		at net.minecraft.core.RegistrySetBuilder.m_255144_(RegistrySetBuilder.java:61) ~[client-1.20.1-20230612.114412-srg.jar%23794!/:?]
		at net.minecraft.data.registries.VanillaRegistries.m_255371_(VanillaRegistries.java:72) ~[client-1.20.1-20230612.114412-srg.jar%23794!/:?]
		at jeresources.api.util.BiomeHelper.getBiome(BiomeHelper.java:20) ~[JustEnoughResources-1.20.1-1.4.0.247.jar%23635!/:1.4.0.247]
		at jeresources.api.restrictions.BiomeRestriction.<init>(BiomeRestriction.java:46) ~[JustEnoughResources-1.20.1-1.4.0.247.jar%23635!/:1.4.0.247]
		at jeresources.api.restrictions.BiomeRestriction.<clinit>(BiomeRestriction.java:19) ~[JustEnoughResources-1.20.1-1.4.0.247.jar%23635!/:1.4.0.247]
		at jeresources.api.restrictions.Restriction.<init>(Restriction.java:23) ~[JustEnoughResources-1.20.1-1.4.0.247.jar%23635!/:1.4.0.247]
		at jeresources.api.restrictions.Restriction.<clinit>(Restriction.java:6) ~[JustEnoughResources-1.20.1-1.4.0.247.jar%23635!/:1.4.0.247]
		at jeresources.compatibility.minecraft.MinecraftCompat.registerOres(MinecraftCompat.java:67) ~[JustEnoughResources-1.20.1-1.4.0.247.jar%23635!/:1.4.0.247]
		at jeresources.compatibility.minecraft.MinecraftCompat.init(MinecraftCompat.java:37) ~[JustEnoughResources-1.20.1-1.4.0.247.jar%23635!/:1.4.0.247]
		at jeresources.compatibility.Compatibility.init(Compatibility.java:27) ~[JustEnoughResources-1.20.1-1.4.0.247.jar%23635!/:1.4.0.247]
		at jeresources.proxy.CommonProxy.initCompatibility(CommonProxy.java:14) ~[JustEnoughResources-1.20.1-1.4.0.247.jar%23635!/:1.4.0.247]
		at jeresources.jei.JEIConfig.registerCategories(JEIConfig.java:98) ~[JustEnoughResources-1.20.1-1.4.0.247.jar%23635!/:1.4.0.247]
		at mezz.jei.library.load.PluginLoader.lambda$createRecipeCategories$5(PluginLoader.java:119) ~[jei-1.20.1-forge-15.20.0.104.jar%23630!/:15.20.0.104]
		at mezz.jei.library.load.PluginCaller.callOnPlugins(PluginCaller.java:25) ~[jei-1.20.1-forge-15.20.0.104.jar%23630!/:15.20.0.104]
		at mezz.jei.library.load.PluginLoader.createRecipeCategories(PluginLoader.java:119) ~[jei-1.20.1-forge-15.20.0.104.jar%23630!/:15.20.0.104]
		at mezz.jei.library.load.PluginLoader.createRecipeManager(PluginLoader.java:154) ~[jei-1.20.1-forge-15.20.0.104.jar%23630!/:15.20.0.104]
		at mezz.jei.library.startup.JeiStarter.start(JeiStarter.java:115) ~[jei-1.20.1-forge-15.20.0.104.jar%23630!/:15.20.0.104]
		at mezz.jei.forge.startup.StartEventObserver.transitionState(StartEventObserver.java:130) ~[jei-1.20.1-forge-15.20.0.104.jar%23630!/:15.20.0.104]
		at mezz.jei.forge.startup.StartEventObserver.onEvent(StartEventObserver.java:98) ~[jei-1.20.1-forge-15.20.0.104.jar%23630!/:15.20.0.104]
		at net.minecraftforge.eventbus.EventBus.doCastFilter(EventBus.java:260) ~[eventbus-6.0.5.jar%23137!/:?]
		at net.minecraftforge.eventbus.EventBus.lambda$addListener$11(EventBus.java:252) ~[eventbus-6.0.5.jar%23137!/:?]
		at net.minecraftforge.eventbus.EventBus.post(EventBus.java:315) ~[eventbus-6.0.5.jar%23137!/:?]
		at net.minecraftforge.eventbus.EventBus.post(EventBus.java:296) ~[eventbus-6.0.5.jar%23137!/:?]
		at net.minecraft.client.multiplayer.ClientPacketListener.m_5859_(ClientPacketListener.java:1451) ~[client-1.20.1-20230612.114412-srg.jar%23794!/:?]
		at net.minecraft.network.protocol.game.ClientboundUpdateTagsPacket.m_5797_(ClientboundUpdateTagsPacket.java:35) ~[client-1.20.1-20230612.114412-srg.jar%23794!/:?]
		at net.minecraft.network.protocol.game.ClientboundUpdateTagsPacket.m_5797_(ClientboundUpdateTagsPacket.java:11) ~[client-1.20.1-20230612.114412-srg.jar%23794!/:?]
		at net.minecraft.network.protocol.PacketUtils.m_263899_(PacketUtils.java:22) ~[client-1.20.1-20230612.114412-srg.jar%23794!/:?]
		at net.minecraft.util.thread.BlockableEventLoop.m_6367_(BlockableEventLoop.java:156) ~[client-1.20.1-20230612.114412-srg.jar%23794!/:?]
		at net.minecraft.util.thread.ReentrantBlockableEventLoop.m_6367_(ReentrantBlockableEventLoop.java:23) ~[client-1.20.1-20230612.114412-srg.jar%23794!/:?]
		at net.minecraft.util.thread.BlockableEventLoop.m_7245_(BlockableEventLoop.java:130) ~[client-1.20.1-20230612.114412-srg.jar%23794!/:?]
		at net.minecraft.util.thread.BlockableEventLoop.m_18699_(BlockableEventLoop.java:115) ~[client-1.20.1-20230612.114412-srg.jar%23794!/:?]
		at net.minecraft.client.Minecraft.m_91383_(Minecraft.java:1106) ~[client-1.20.1-20230612.114412-srg.jar%23794!/:?]
		at net.minecraft.client.Minecraft.m_91374_(Minecraft.java:718) ~[client-1.20.1-20230612.114412-srg.jar%23794!/:?]
		at net.minecraft.client.main.Main.main(Main.java:218) ~[minecraft-1.20.1-client.jar:?]
		at jdk.internal.reflect.NativeMethodAccessorImpl.invoke0(Native Method) ~[?:?]
		at jdk.internal.reflect.NativeMethodAccessorImpl.invoke(NativeMethodAccessorImpl.java:77) ~[?:?]
		at jdk.internal.reflect.DelegatingMethodAccessorImpl.invoke(DelegatingMethodAccessorImpl.java:43) ~[?:?]
		at java.lang.reflect.Method.invoke(Method.java:568) ~[?:?]
		at net.minecraftforge.fml.loading.targets.CommonLaunchHandler.runTarget(CommonLaunchHandler.java:111) ~[fmlloader-1.20.1-47.2.0.jar:?]
		at net.minecraftforge.fml.loading.targets.CommonLaunchHandler.clientService(CommonLaunchHandler.java:99) ~[fmlloader-1.20.1-47.2.0.jar:?]
		at net.minecraftforge.fml.loading.targets.CommonClientLaunchHandler.lambda$makeService$0(CommonClientLaunchHandler.java:25) ~[fmlloader-1.20.1-47.2.0.jar:?]
		at cpw.mods.modlauncher.LaunchServiceHandlerDecorator.launch(LaunchServiceHandlerDecorator.java:30) ~[modlauncher-10.0.9.jar:?]
		at cpw.mods.modlauncher.LaunchServiceHandler.launch(LaunchServiceHandler.java:53) ~[modlauncher-10.0.9.jar:?]
		at cpw.mods.modlauncher.LaunchServiceHandler.launch(LaunchServiceHandler.java:71) ~[modlauncher-10.0.9.jar:?]
		at cpw.mods.modlauncher.Launcher.run(Launcher.java:108) ~[modlauncher-10.0.9.jar:?]
		at cpw.mods.modlauncher.Launcher.main(Launcher.java:78) ~[modlauncher-10.0.9.jar:?]
		at cpw.mods.modlauncher.BootstrapLaunchConsumer.accept(BootstrapLaunchConsumer.java:26) ~[modlauncher-10.0.9.jar:?]
		at cpw.mods.modlauncher.BootstrapLaunchConsumer.accept(BootstrapLaunchConsumer.java:23) ~[modlauncher-10.0.9.jar:?]
		at cpw.mods.bootstraplauncher.BootstrapLauncher.main(BootstrapLauncher.java:141) ~[bootstraplauncher-1.1.2.jar:?]
		at jdk.internal.reflect.NativeMethodAccessorImpl.invoke0(Native Method) ~[?:?]
		at jdk.internal.reflect.NativeMethodAccessorImpl.invoke(NativeMethodAccessorImpl.java:77) ~[?:?]
		at jdk.internal.reflect.DelegatingMethodAccessorImpl.invoke(DelegatingMethodAccessorImpl.java:43) ~[?:?]
		at java.lang.reflect.Method.invoke(Method.java:568) ~[?:?]
		at io.github.zekerzhayard.forgewrapper.installer.Main.main(Main.java:67) ~[?:?]
		at org.prismlauncher.launcher.impl.StandardLauncher.launch(StandardLauncher.java:105) ~[?:?]
		at org.prismlauncher.EntryPoint.listen(EntryPoint.java:129) ~[?:?]
		at org.prismlauncher.EntryPoint.main(EntryPoint.java:70) ~[?:?]
	Suppressed: java.lang.IllegalStateException: Unreferenced key: ResourceKey[minecraft:worldgen/biome / betternether:nether_mushroom_forest]
		at net.minecraft.core.RegistrySetBuilder$BuildState.m_255228_(RegistrySetBuilder.java:126) ~[client-1.20.1-20230612.114412-srg.jar%23794!/:?]
		at net.minecraft.core.RegistrySetBuilder.m_255144_(RegistrySetBuilder.java:61) ~[client-1.20.1-20230612.114412-srg.jar%23794!/:?]
		at net.minecraft.data.registries.VanillaRegistries.m_255371_(VanillaRegistries.java:72) ~[client-1.20.1-20230612.114412-srg.jar%23794!/:?]
		at jeresources.api.util.BiomeHelper.getBiome(BiomeHelper.java:20) ~[JustEnoughResources-1.20.1-1.4.0.247.jar%23635!/:1.4.0.247]
		at jeresources.api.restrictions.BiomeRestriction.<init>(BiomeRestriction.java:46) ~[JustEnoughResources-1.20.1-1.4.0.247.jar%23635!/:1.4.0.247]
		at jeresources.api.restrictions.BiomeRestriction.<clinit>(BiomeRestriction.java:19) ~[JustEnoughResources-1.20.1-1.4.0.247.jar%23635!/:1.4.0.247]
		at jeresources.api.restrictions.Restriction.<init>(Restriction.java:23) ~[JustEnoughResources-1.20.1-1.4.0.247.jar%23635!/:1.4.0.247]
		at jeresources.api.restrictions.Restriction.<clinit>(Restriction.java:6) ~[JustEnoughResources-1.20.1-1.4.0.247.jar%23635!/:1.4.0.247]
		at jeresources.compatibility.minecraft.MinecraftCompat.registerOres(MinecraftCompat.java:67) ~[JustEnoughResources-1.20.1-1.4.0.247.jar%23635!/:1.4.0.247]
		at jeresources.compatibility.minecraft.MinecraftCompat.init(MinecraftCompat.java:37) ~[JustEnoughResources-1.20.1-1.4.0.247.jar%23635!/:1.4.0.247]
		at jeresources.compatibility.Compatibility.init(Compatibility.java:27) ~[JustEnoughResources-1.20.1-1.4.0.247.jar%23635!/:1.4.0.247]
		at jeresources.proxy.CommonProxy.initCompatibility(CommonProxy.java:14) ~[JustEnoughResources-1.20.1-1.4.0.247.jar%23635!/:1.4.0.247]
		at jeresources.jei.JEIConfig.registerCategories(JEIConfig.java:98) ~[JustEnoughResources-1.20.1-1.4.0.247.jar%23635!/:1.4.0.247]
		at mezz.jei.library.load.PluginLoader.lambda$createRecipeCategories$5(PluginLoader.java:119) ~[jei-1.20.1-forge-15.20.0.104.jar%23630!/:15.20.0.104]
		at mezz.jei.library.load.PluginCaller.callOnPlugins(PluginCaller.java:25) ~[jei-1.20.1-forge-15.20.0.104.jar%23630!/:15.20.0.104]
		at mezz.jei.library.load.PluginLoader.createRecipeCategories(PluginLoader.java:119) ~[jei-1.20.1-forge-15.20.0.104.jar%23630!/:15.20.0.104]
		at mezz.jei.library.load.PluginLoader.createRecipeManager(PluginLoader.java:154) ~[jei-1.20.1-forge-15.20.0.104.jar%23630!/:15.20.0.104]
		at mezz.jei.library.startup.JeiStarter.start(JeiStarter.java:115) ~[jei-1.20.1-forge-15.20.0.104.jar%23630!/:15.20.0.104]
		at mezz.jei.forge.startup.StartEventObserver.transitionState(StartEventObserver.java:130) ~[jei-1.20.1-forge-15.20.0.104.jar%23630!/:15.20.0.104]
		at mezz.jei.forge.startup.StartEventObserver.onEvent(StartEventObserver.java:98) ~[jei-1.20.1-forge-15.20.0.104.jar%23630!/:15.20.0.104]
		at net.minecraftforge.eventbus.EventBus.doCastFilter(EventBus.java:260) ~[eventbus-6.0.5.jar%23137!/:?]
		at net.minecraftforge.eventbus.EventBus.lambda$addListener$11(EventBus.java:252) ~[eventbus-6.0.5.jar%23137!/:?]
		at net.minecraftforge.eventbus.EventBus.post(EventBus.java:315) ~[eventbus-6.0.5.jar%23137!/:?]
		at net.minecraftforge.eventbus.EventBus.post(EventBus.java:296) ~[eventbus-6.0.5.jar%23137!/:?]
		at net.minecraft.client.multiplayer.ClientPacketListener.m_5859_(ClientPacketListener.java:1451) ~[client-1.20.1-20230612.114412-srg.jar%23794!/:?]
		at net.minecraft.network.protocol.game.ClientboundUpdateTagsPacket.m_5797_(ClientboundUpdateTagsPacket.java:35) ~[client-1.20.1-20230612.114412-srg.jar%23794!/:?]
		at net.minecraft.network.protocol.game.ClientboundUpdateTagsPacket.m_5797_(ClientboundUpdateTagsPacket.java:11) ~[client-1.20.1-20230612.114412-srg.jar%23794!/:?]
		at net.minecraft.network.protocol.PacketUtils.m_263899_(PacketUtils.java:22) ~[client-1.20.1-20230612.114412-srg.jar%23794!/:?]
		at net.minecraft.util.thread.BlockableEventLoop.m_6367_(BlockableEventLoop.java:156) ~[client-1.20.1-20230612.114412-srg.jar%23794!/:?]
		at net.minecraft.util.thread.ReentrantBlockableEventLoop.m_6367_(ReentrantBlockableEventLoop.java:23) ~[client-1.20.1-20230612.114412-srg.jar%23794!/:?]
		at net.minecraft.util.thread.BlockableEventLoop.m_7245_(BlockableEventLoop.java:130) ~[client-1.20.1-20230612.114412-srg.jar%23794!/:?]
		at net.minecraft.util.thread.BlockableEventLoop.m_18699_(BlockableEventLoop.java:115) ~[client-1.20.1-20230612.114412-srg.jar%23794!/:?]
		at net.minecraft.client.Minecraft.m_91383_(Minecraft.java:1106) ~[client-1.20.1-20230612.114412-srg.jar%23794!/:?]
		at net.minecraft.client.Minecraft.m_91374_(Minecraft.java:718) ~[client-1.20.1-20230612.114412-srg.jar%23794!/:?]
		at net.minecraft.client.main.Main.main(Main.java:218) ~[minecraft-1.20.1-client.jar:?]
		at jdk.internal.reflect.NativeMethodAccessorImpl.invoke0(Native Method) ~[?:?]
		at jdk.internal.reflect.NativeMethodAccessorImpl.invoke(NativeMethodAccessorImpl.java:77) ~[?:?]
		at jdk.internal.reflect.DelegatingMethodAccessorImpl.invoke(DelegatingMethodAccessorImpl.java:43) ~[?:?]
		at java.lang.reflect.Method.invoke(Method.java:568) ~[?:?]
		at net.minecraftforge.fml.loading.targets.CommonLaunchHandler.runTarget(CommonLaunchHandler.java:111) ~[fmlloader-1.20.1-47.2.0.jar:?]
		at net.minecraftforge.fml.loading.targets.CommonLaunchHandler.clientService(CommonLaunchHandler.java:99) ~[fmlloader-1.20.1-47.2.0.jar:?]
		at net.minecraftforge.fml.loading.targets.CommonClientLaunchHandler.lambda$makeService$0(CommonClientLaunchHandler.java:25) ~[fmlloader-1.20.1-47.2.0.jar:?]
		at cpw.mods.modlauncher.LaunchServiceHandlerDecorator.launch(LaunchServiceHandlerDecorator.java:30) ~[modlauncher-10.0.9.jar:?]
		at cpw.mods.modlauncher.LaunchServiceHandler.launch(LaunchServiceHandler.java:53) ~[modlauncher-10.0.9.jar:?]
		at cpw.mods.modlauncher.LaunchServiceHandler.launch(LaunchServiceHandler.java:71) ~[modlauncher-10.0.9.jar:?]
		at cpw.mods.modlauncher.Launcher.run(Launcher.java:108) ~[modlauncher-10.0.9.jar:?]
		at cpw.mods.modlauncher.Launcher.main(Launcher.java:78) ~[modlauncher-10.0.9.jar:?]
		at cpw.mods.modlauncher.BootstrapLaunchConsumer.accept(BootstrapLaunchConsumer.java:26) ~[modlauncher-10.0.9.jar:?]
		at cpw.mods.modlauncher.BootstrapLaunchConsumer.accept(BootstrapLaunchConsumer.java:23) ~[modlauncher-10.0.9.jar:?]
		at cpw.mods.bootstraplauncher.BootstrapLauncher.main(BootstrapLauncher.java:141) ~[bootstraplauncher-1.1.2.jar:?]
		at jdk.internal.reflect.NativeMethodAccessorImpl.invoke0(Native Method) ~[?:?]
		at jdk.internal.reflect.NativeMethodAccessorImpl.invoke(NativeMethodAccessorImpl.java:77) ~[?:?]
		at jdk.internal.reflect.DelegatingMethodAccessorImpl.invoke(DelegatingMethodAccessorImpl.java:43) ~[?:?]
		at java.lang.reflect.Method.invoke(Method.java:568) ~[?:?]
		at io.github.zekerzhayard.forgewrapper.installer.Main.main(Main.java:67) ~[?:?]
		at org.prismlauncher.launcher.impl.StandardLauncher.launch(StandardLauncher.java:105) ~[?:?]
		at org.prismlauncher.EntryPoint.listen(EntryPoint.java:129) ~[?:?]
		at org.prismlauncher.EntryPoint.main(EntryPoint.java:70) ~[?:?]
	Suppressed: java.lang.IllegalStateException: Unreferenced key: ResourceKey[minecraft:worldgen/biome / betternether:nether_jungle]
		at net.minecraft.core.RegistrySetBuilder$BuildState.m_255228_(RegistrySetBuilder.java:126) ~[client-1.20.1-20230612.114412-srg.jar%23794!/:?]
		at net.minecraft.core.RegistrySetBuilder.m_255144_(RegistrySetBuilder.java:61) ~[client-1.20.1-20230612.114412-srg.jar%23794!/:?]
		at net.minecraft.data.registries.VanillaRegistries.m_255371_(VanillaRegistries.java:72) ~[client-1.20.1-20230612.114412-srg.jar%23794!/:?]
		at jeresources.api.util.BiomeHelper.getBiome(BiomeHelper.java:20) ~[JustEnoughResources-1.20.1-1.4.0.247.jar%23635!/:1.4.0.247]
		at jeresources.api.restrictions.BiomeRestriction.<init>(BiomeRestriction.java:46) ~[JustEnoughResources-1.20.1-1.4.0.247.jar%23635!/:1.4.0.247]
		at jeresources.api.restrictions.BiomeRestriction.<clinit>(BiomeRestriction.java:19) ~[JustEnoughResources-1.20.1-1.4.0.247.jar%23635!/:1.4.0.247]
		at jeresources.api.restrictions.Restriction.<init>(Restriction.java:23) ~[JustEnoughResources-1.20.1-1.4.0.247.jar%23635!/:1.4.0.247]
		at jeresources.api.restrictions.Restriction.<clinit>(Restriction.java:6) ~[JustEnoughResources-1.20.1-1.4.0.247.jar%23635!/:1.4.0.247]
		at jeresources.compatibility.minecraft.MinecraftCompat.registerOres(MinecraftCompat.java:67) ~[JustEnoughResources-1.20.1-1.4.0.247.jar%23635!/:1.4.0.247]
		at jeresources.compatibility.minecraft.MinecraftCompat.init(MinecraftCompat.java:37) ~[JustEnoughResources-1.20.1-1.4.0.247.jar%23635!/:1.4.0.247]
		at jeresources.compatibility.Compatibility.init(Compatibility.java:27) ~[JustEnoughResources-1.20.1-1.4.0.247.jar%23635!/:1.4.0.247]
		at jeresources.proxy.CommonProxy.initCompatibility(CommonProxy.java:14) ~[JustEnoughResources-1.20.1-1.4.0.247.jar%23635!/:1.4.0.247]
		at jeresources.jei.JEIConfig.registerCategories(JEIConfig.java:98) ~[JustEnoughResources-1.20.1-1.4.0.247.jar%23635!/:1.4.0.247]
		at mezz.jei.library.load.PluginLoader.lambda$createRecipeCategories$5(PluginLoader.java:119) ~[jei-1.20.1-forge-15.20.0.104.jar%23630!/:15.20.0.104]
		at mezz.jei.library.load.PluginCaller.callOnPlugins(PluginCaller.java:25) ~[jei-1.20.1-forge-15.20.0.104.jar%23630!/:15.20.0.104]
		at mezz.jei.library.load.PluginLoader.createRecipeCategories(PluginLoader.java:119) ~[jei-1.20.1-forge-15.20.0.104.jar%23630!/:15.20.0.104]
		at mezz.jei.library.load.PluginLoader.createRecipeManager(PluginLoader.java:154) ~[jei-1.20.1-forge-15.20.0.104.jar%23630!/:15.20.0.104]
		at mezz.jei.library.startup.JeiStarter.start(JeiStarter.java:115) ~[jei-1.20.1-forge-15.20.0.104.jar%23630!/:15.20.0.104]
		at mezz.jei.forge.startup.StartEventObserver.transitionState(StartEventObserver.java:130) ~[jei-1.20.1-forge-15.20.0.104.jar%23630!/:15.20.0.104]
		at mezz.jei.forge.startup.StartEventObserver.onEvent(StartEventObserver.java:98) ~[jei-1.20.1-forge-15.20.0.104.jar%23630!/:15.20.0.104]
		at net.minecraftforge.eventbus.EventBus.doCastFilter(EventBus.java:260) ~[eventbus-6.0.5.jar%23137!/:?]
		at net.minecraftforge.eventbus.EventBus.lambda$addListener$11(EventBus.java:252) ~[eventbus-6.0.5.jar%23137!/:?]
		at net.minecraftforge.eventbus.EventBus.post(EventBus.java:315) ~[eventbus-6.0.5.jar%23137!/:?]
		at net.minecraftforge.eventbus.EventBus.post(EventBus.java:296) ~[eventbus-6.0.5.jar%23137!/:?]
		at net.minecraft.client.multiplayer.ClientPacketListener.m_5859_(ClientPacketListener.java:1451) ~[client-1.20.1-20230612.114412-srg.jar%23794!/:?]
		at net.minecraft.network.protocol.game.ClientboundUpdateTagsPacket.m_5797_(ClientboundUpdateTagsPacket.java:35) ~[client-1.20.1-20230612.114412-srg.jar%23794!/:?]
		at net.minecraft.network.protocol.game.ClientboundUpdateTagsPacket.m_5797_(ClientboundUpdateTagsPacket.java:11) ~[client-1.20.1-20230612.114412-srg.jar%23794!/:?]
		at net.minecraft.network.protocol.PacketUtils.m_263899_(PacketUtils.java:22) ~[client-1.20.1-20230612.114412-srg.jar%23794!/:?]
		at net.minecraft.util.thread.BlockableEventLoop.m_6367_(BlockableEventLoop.java:156) ~[client-1.20.1-20230612.114412-srg.jar%23794!/:?]
		at net.minecraft.util.thread.ReentrantBlockableEventLoop.m_6367_(ReentrantBlockableEventLoop.java:23) ~[client-1.20.1-20230612.114412-srg.jar%23794!/:?]
		at net.minecraft.util.thread.BlockableEventLoop.m_7245_(BlockableEventLoop.java:130) ~[client-1.20.1-20230612.114412-srg.jar%23794!/:?]
		at net.minecraft.util.thread.BlockableEventLoop.m_18699_(BlockableEventLoop.java:115) ~[client-1.20.1-20230612.114412-srg.jar%23794!/:?]
		at net.minecraft.client.Minecraft.m_91383_(Minecraft.java:1106) ~[client-1.20.1-20230612.114412-srg.jar%23794!/:?]
		at net.minecraft.client.Minecraft.m_91374_(Minecraft.java:718) ~[client-1.20.1-20230612.114412-srg.jar%23794!/:?]
		at net.minecraft.client.main.Main.main(Main.java:218) ~[minecraft-1.20.1-client.jar:?]
		at jdk.internal.reflect.NativeMethodAccessorImpl.invoke0(Native Method) ~[?:?]
		at jdk.internal.reflect.NativeMethodAccessorImpl.invoke(NativeMethodAccessorImpl.java:77) ~[?:?]
		at jdk.internal.reflect.DelegatingMethodAccessorImpl.invoke(DelegatingMethodAccessorImpl.java:43) ~[?:?]
		at java.lang.reflect.Method.invoke(Method.java:568) ~[?:?]
		at net.minecraftforge.fml.loading.targets.CommonLaunchHandler.runTarget(CommonLaunchHandler.java:111) ~[fmlloader-1.20.1-47.2.0.jar:?]
		at net.minecraftforge.fml.loading.targets.CommonLaunchHandler.clientService(CommonLaunchHandler.java:99) ~[fmlloader-1.20.1-47.2.0.jar:?]
		at net.minecraftforge.fml.loading.targets.CommonClientLaunchHandler.lambda$makeService$0(CommonClientLaunchHandler.java:25) ~[fmlloader-1.20.1-47.2.0.jar:?]
		at cpw.mods.modlauncher.LaunchServiceHandlerDecorator.launch(LaunchServiceHandlerDecorator.java:30) ~[modlauncher-10.0.9.jar:?]
		at cpw.mods.modlauncher.LaunchServiceHandler.launch(LaunchServiceHandler.java:53) ~[modlauncher-10.0.9.jar:?]
		at cpw.mods.modlauncher.LaunchServiceHandler.launch(LaunchServiceHandler.java:71) ~[modlauncher-10.0.9.jar:?]
		at cpw.mods.modlauncher.Launcher.run(Launcher.java:108) ~[modlauncher-10.0.9.jar:?]
		at cpw.mods.modlauncher.Launcher.main(Launcher.java:78) ~[modlauncher-10.0.9.jar:?]
		at cpw.mods.modlauncher.BootstrapLaunchConsumer.accept(BootstrapLaunchConsumer.java:26) ~[modlauncher-10.0.9.jar:?]
		at cpw.mods.modlauncher.BootstrapLaunchConsumer.accept(BootstrapLaunchConsumer.java:23) ~[modlauncher-10.0.9.jar:?]
		at cpw.mods.bootstraplauncher.BootstrapLauncher.main(BootstrapLauncher.java:141) ~[bootstraplauncher-1.1.2.jar:?]
		at jdk.internal.reflect.NativeMethodAccessorImpl.invoke0(Native Method) ~[?:?]
		at jdk.internal.reflect.NativeMethodAccessorImpl.invoke(NativeMethodAccessorImpl.java:77) ~[?:?]
		at jdk.internal.reflect.DelegatingMethodAccessorImpl.invoke(DelegatingMethodAccessorImpl.java:43) ~[?:?]
		at java.lang.reflect.Method.invoke(Method.java:568) ~[?:?]
		at io.github.zekerzhayard.forgewrapper.installer.Main.main(Main.java:67) ~[?:?]
		at org.prismlauncher.launcher.impl.StandardLauncher.launch(StandardLauncher.java:105) ~[?:?]
		at org.prismlauncher.EntryPoint.listen(EntryPoint.java:129) ~[?:?]
		at org.prismlauncher.EntryPoint.main(EntryPoint.java:70) ~[?:?]
	Suppressed: java.lang.IllegalStateException: Unreferenced key: ResourceKey[minecraft:worldgen/biome / betternether:upside_down_forest_cleared]
		at net.minecraft.core.RegistrySetBuilder$BuildState.m_255228_(RegistrySetBuilder.java:126) ~[client-1.20.1-20230612.114412-srg.jar%23794!/:?]
		at net.minecraft.core.RegistrySetBuilder.m_255144_(RegistrySetBuilder.java:61) ~[client-1.20.1-20230612.114412-srg.jar%23794!/:?]
		at net.minecraft.data.registries.VanillaRegistries.m_255371_(VanillaRegistries.java:72) ~[client-1.20.1-20230612.114412-srg.jar%23794!/:?]
		at jeresources.api.util.BiomeHelper.getBiome(BiomeHelper.java:20) ~[JustEnoughResources-1.20.1-1.4.0.247.jar%23635!/:1.4.0.247]
		at jeresources.api.restrictions.BiomeRestriction.<init>(BiomeRestriction.java:46) ~[JustEnoughResources-1.20.1-1.4.0.247.jar%23635!/:1.4.0.247]
		at jeresources.api.restrictions.BiomeRestriction.<clinit>(BiomeRestriction.java:19) ~[JustEnoughResources-1.20.1-1.4.0.247.jar%23635!/:1.4.0.247]
		at jeresources.api.restrictions.Restriction.<init>(Restriction.java:23) ~[JustEnoughResources-1.20.1-1.4.0.247.jar%23635!/:1.4.0.247]
		at jeresources.api.restrictions.Restriction.<clinit>(Restriction.java:6) ~[JustEnoughResources-1.20.1-1.4.0.247.jar%23635!/:1.4.0.247]
		at jeresources.compatibility.minecraft.MinecraftCompat.registerOres(MinecraftCompat.java:67) ~[JustEnoughResources-1.20.1-1.4.0.247.jar%23635!/:1.4.0.247]
		at jeresources.compatibility.minecraft.MinecraftCompat.init(MinecraftCompat.java:37) ~[JustEnoughResources-1.20.1-1.4.0.247.jar%23635!/:1.4.0.247]
		at jeresources.compatibility.Compatibility.init(Compatibility.java:27) ~[JustEnoughResources-1.20.1-1.4.0.247.jar%23635!/:1.4.0.247]
		at jeresources.proxy.CommonProxy.initCompatibility(CommonProxy.java:14) ~[JustEnoughResources-1.20.1-1.4.0.247.jar%23635!/:1.4.0.247]
		at jeresources.jei.JEIConfig.registerCategories(JEIConfig.java:98) ~[JustEnoughResources-1.20.1-1.4.0.247.jar%23635!/:1.4.0.247]
		at mezz.jei.library.load.PluginLoader.lambda$createRecipeCategories$5(PluginLoader.java:119) ~[jei-1.20.1-forge-15.20.0.104.jar%23630!/:15.20.0.104]
		at mezz.jei.library.load.PluginCaller.callOnPlugins(PluginCaller.java:25) ~[jei-1.20.1-forge-15.20.0.104.jar%23630!/:15.20.0.104]
		at mezz.jei.library.load.PluginLoader.createRecipeCategories(PluginLoader.java:119) ~[jei-1.20.1-forge-15.20.0.104.jar%23630!/:15.20.0.104]
		at mezz.jei.library.load.PluginLoader.createRecipeManager(PluginLoader.java:154) ~[jei-1.20.1-forge-15.20.0.104.jar%23630!/:15.20.0.104]
		at mezz.jei.library.startup.JeiStarter.start(JeiStarter.java:115) ~[jei-1.20.1-forge-15.20.0.104.jar%23630!/:15.20.0.104]
		at mezz.jei.forge.startup.StartEventObserver.transitionState(StartEventObserver.java:130) ~[jei-1.20.1-forge-15.20.0.104.jar%23630!/:15.20.0.104]
		at mezz.jei.forge.startup.StartEventObserver.onEvent(StartEventObserver.java:98) ~[jei-1.20.1-forge-15.20.0.104.jar%23630!/:15.20.0.104]
		at net.minecraftforge.eventbus.EventBus.doCastFilter(EventBus.java:260) ~[eventbus-6.0.5.jar%23137!/:?]
		at net.minecraftforge.eventbus.EventBus.lambda$addListener$11(EventBus.java:252) ~[eventbus-6.0.5.jar%23137!/:?]
		at net.minecraftforge.eventbus.EventBus.post(EventBus.java:315) ~[eventbus-6.0.5.jar%23137!/:?]
		at net.minecraftforge.eventbus.EventBus.post(EventBus.java:296) ~[eventbus-6.0.5.jar%23137!/:?]
		at net.minecraft.client.multiplayer.ClientPacketListener.m_5859_(ClientPacketListener.java:1451) ~[client-1.20.1-20230612.114412-srg.jar%23794!/:?]
		at net.minecraft.network.protocol.game.ClientboundUpdateTagsPacket.m_5797_(ClientboundUpdateTagsPacket.java:35) ~[client-1.20.1-20230612.114412-srg.jar%23794!/:?]
		at net.minecraft.network.protocol.game.ClientboundUpdateTagsPacket.m_5797_(ClientboundUpdateTagsPacket.java:11) ~[client-1.20.1-20230612.114412-srg.jar%23794!/:?]
		at net.minecraft.network.protocol.PacketUtils.m_263899_(PacketUtils.java:22) ~[client-1.20.1-20230612.114412-srg.jar%23794!/:?]
		at net.minecraft.util.thread.BlockableEventLoop.m_6367_(BlockableEventLoop.java:156) ~[client-1.20.1-20230612.114412-srg.jar%23794!/:?]
		at net.minecraft.util.thread.ReentrantBlockableEventLoop.m_6367_(ReentrantBlockableEventLoop.java:23) ~[client-1.20.1-20230612.114412-srg.jar%23794!/:?]
		at net.minecraft.util.thread.BlockableEventLoop.m_7245_(BlockableEventLoop.java:130) ~[client-1.20.1-20230612.114412-srg.jar%23794!/:?]
		at net.minecraft.util.thread.BlockableEventLoop.m_18699_(BlockableEventLoop.java:115) ~[client-1.20.1-20230612.114412-srg.jar%23794!/:?]
		at net.minecraft.client.Minecraft.m_91383_(Minecraft.java:1106) ~[client-1.20.1-20230612.114412-srg.jar%23794!/:?]
		at net.minecraft.client.Minecraft.m_91374_(Minecraft.java:718) ~[client-1.20.1-20230612.114412-srg.jar%23794!/:?]
		at net.minecraft.client.main.Main.main(Main.java:218) ~[minecraft-1.20.1-client.jar:?]
		at jdk.internal.reflect.NativeMethodAccessorImpl.invoke0(Native Method) ~[?:?]
		at jdk.internal.reflect.NativeMethodAccessorImpl.invoke(NativeMethodAccessorImpl.java:77) ~[?:?]
		at jdk.internal.reflect.DelegatingMethodAccessorImpl.invoke(DelegatingMethodAccessorImpl.java:43) ~[?:?]
		at java.lang.reflect.Method.invoke(Method.java:568) ~[?:?]
		at net.minecraftforge.fml.loading.targets.CommonLaunchHandler.runTarget(CommonLaunchHandler.java:111) ~[fmlloader-1.20.1-47.2.0.jar:?]
		at net.minecraftforge.fml.loading.targets.CommonLaunchHandler.clientService(CommonLaunchHandler.java:99) ~[fmlloader-1.20.1-47.2.0.jar:?]
		at net.minecraftforge.fml.loading.targets.CommonClientLaunchHandler.lambda$makeService$0(CommonClientLaunchHandler.java:25) ~[fmlloader-1.20.1-47.2.0.jar:?]
		at cpw.mods.modlauncher.LaunchServiceHandlerDecorator.launch(LaunchServiceHandlerDecorator.java:30) ~[modlauncher-10.0.9.jar:?]
		at cpw.mods.modlauncher.LaunchServiceHandler.launch(LaunchServiceHandler.java:53) ~[modlauncher-10.0.9.jar:?]
		at cpw.mods.modlauncher.LaunchServiceHandler.launch(LaunchServiceHandler.java:71) ~[modlauncher-10.0.9.jar:?]
		at cpw.mods.modlauncher.Launcher.run(Launcher.java:108) ~[modlauncher-10.0.9.jar:?]
		at cpw.mods.modlauncher.Launcher.main(Launcher.java:78) ~[modlauncher-10.0.9.jar:?]
		at cpw.mods.modlauncher.BootstrapLaunchConsumer.accept(BootstrapLaunchConsumer.java:26) ~[modlauncher-10.0.9.jar:?]
		at cpw.mods.modlauncher.BootstrapLaunchConsumer.accept(BootstrapLaunchConsumer.java:23) ~[modlauncher-10.0.9.jar:?]
		at cpw.mods.bootstraplauncher.BootstrapLauncher.main(BootstrapLauncher.java:141) ~[bootstraplauncher-1.1.2.jar:?]
		at jdk.internal.reflect.NativeMethodAccessorImpl.invoke0(Native Method) ~[?:?]
		at jdk.internal.reflect.NativeMethodAccessorImpl.invoke(NativeMethodAccessorImpl.java:77) ~[?:?]
		at jdk.internal.reflect.DelegatingMethodAccessorImpl.invoke(DelegatingMethodAccessorImpl.java:43) ~[?:?]
		at java.lang.reflect.Method.invoke(Method.java:568) ~[?:?]
		at io.github.zekerzhayard.forgewrapper.installer.Main.main(Main.java:67) ~[?:?]
		at org.prismlauncher.launcher.impl.StandardLauncher.launch(StandardLauncher.java:105) ~[?:?]
		at org.prismlauncher.EntryPoint.listen(EntryPoint.java:129) ~[?:?]
		at org.prismlauncher.EntryPoint.main(EntryPoint.java:70) ~[?:?]
	Suppressed: java.lang.IllegalStateException: Unreferenced key: ResourceKey[minecraft:worldgen/biome / betternether:gravel_desert]
		at net.minecraft.core.RegistrySetBuilder$BuildState.m_255228_(RegistrySetBuilder.java:126) ~[client-1.20.1-20230612.114412-srg.jar%23794!/:?]
		at net.minecraft.core.RegistrySetBuilder.m_255144_(RegistrySetBuilder.java:61) ~[client-1.20.1-20230612.114412-srg.jar%23794!/:?]
		at net.minecraft.data.registries.VanillaRegistries.m_255371_(VanillaRegistries.java:72) ~[client-1.20.1-20230612.114412-srg.jar%23794!/:?]
		at jeresources.api.util.BiomeHelper.getBiome(BiomeHelper.java:20) ~[JustEnoughResources-1.20.1-1.4.0.247.jar%23635!/:1.4.0.247]
		at jeresources.api.restrictions.BiomeRestriction.<init>(BiomeRestriction.java:46) ~[JustEnoughResources-1.20.1-1.4.0.247.jar%23635!/:1.4.0.247]
		at jeresources.api.restrictions.BiomeRestriction.<clinit>(BiomeRestriction.java:19) ~[JustEnoughResources-1.20.1-1.4.0.247.jar%23635!/:1.4.0.247]
		at jeresources.api.restrictions.Restriction.<init>(Restriction.java:23) ~[JustEnoughResources-1.20.1-1.4.0.247.jar%23635!/:1.4.0.247]
		at jeresources.api.restrictions.Restriction.<clinit>(Restriction.java:6) ~[JustEnoughResources-1.20.1-1.4.0.247.jar%23635!/:1.4.0.247]
		at jeresources.compatibility.minecraft.MinecraftCompat.registerOres(MinecraftCompat.java:67) ~[JustEnoughResources-1.20.1-1.4.0.247.jar%23635!/:1.4.0.247]
		at jeresources.compatibility.minecraft.MinecraftCompat.init(MinecraftCompat.java:37) ~[JustEnoughResources-1.20.1-1.4.0.247.jar%23635!/:1.4.0.247]
		at jeresources.compatibility.Compatibility.init(Compatibility.java:27) ~[JustEnoughResources-1.20.1-1.4.0.247.jar%23635!/:1.4.0.247]
		at jeresources.proxy.CommonProxy.initCompatibility(CommonProxy.java:14) ~[JustEnoughResources-1.20.1-1.4.0.247.jar%23635!/:1.4.0.247]
		at jeresources.jei.JEIConfig.registerCategories(JEIConfig.java:98) ~[JustEnoughResources-1.20.1-1.4.0.247.jar%23635!/:1.4.0.247]
		at mezz.jei.library.load.PluginLoader.lambda$createRecipeCategories$5(PluginLoader.java:119) ~[jei-1.20.1-forge-15.20.0.104.jar%23630!/:15.20.0.104]
		at mezz.jei.library.load.PluginCaller.callOnPlugins(PluginCaller.java:25) ~[jei-1.20.1-forge-15.20.0.104.jar%23630!/:15.20.0.104]
		at mezz.jei.library.load.PluginLoader.createRecipeCategories(PluginLoader.java:119) ~[jei-1.20.1-forge-15.20.0.104.jar%23630!/:15.20.0.104]
		at mezz.jei.library.load.PluginLoader.createRecipeManager(PluginLoader.java:154) ~[jei-1.20.1-forge-15.20.0.104.jar%23630!/:15.20.0.104]
		at mezz.jei.library.startup.JeiStarter.start(JeiStarter.java:115) ~[jei-1.20.1-forge-15.20.0.104.jar%23630!/:15.20.0.104]
		at mezz.jei.forge.startup.StartEventObserver.transitionState(StartEventObserver.java:130) ~[jei-1.20.1-forge-15.20.0.104.jar%23630!/:15.20.0.104]
		at mezz.jei.forge.startup.StartEventObserver.onEvent(StartEventObserver.java:98) ~[jei-1.20.1-forge-15.20.0.104.jar%23630!/:15.20.0.104]
		at net.minecraftforge.eventbus.EventBus.doCastFilter(EventBus.java:260) ~[eventbus-6.0.5.jar%23137!/:?]
		at net.minecraftforge.eventbus.EventBus.lambda$addListener$11(EventBus.java:252) ~[eventbus-6.0.5.jar%23137!/:?]
		at net.minecraftforge.eventbus.EventBus.post(EventBus.java:315) ~[eventbus-6.0.5.jar%23137!/:?]
		at net.minecraftforge.eventbus.EventBus.post(EventBus.java:296) ~[eventbus-6.0.5.jar%23137!/:?]
		at net.minecraft.client.multiplayer.ClientPacketListener.m_5859_(ClientPacketListener.java:1451) ~[client-1.20.1-20230612.114412-srg.jar%23794!/:?]
		at net.minecraft.network.protocol.game.ClientboundUpdateTagsPacket.m_5797_(ClientboundUpdateTagsPacket.java:35) ~[client-1.20.1-20230612.114412-srg.jar%23794!/:?]
		at net.minecraft.network.protocol.game.ClientboundUpdateTagsPacket.m_5797_(ClientboundUpdateTagsPacket.java:11) ~[client-1.20.1-20230612.114412-srg.jar%23794!/:?]
		at net.minecraft.network.protocol.PacketUtils.m_263899_(PacketUtils.java:22) ~[client-1.20.1-20230612.114412-srg.jar%23794!/:?]
		at net.minecraft.util.thread.BlockableEventLoop.m_6367_(BlockableEventLoop.java:156) ~[client-1.20.1-20230612.114412-srg.jar%23794!/:?]
		at net.minecraft.util.thread.ReentrantBlockableEventLoop.m_6367_(ReentrantBlockableEventLoop.java:23) ~[client-1.20.1-20230612.114412-srg.jar%23794!/:?]
		at net.minecraft.util.thread.BlockableEventLoop.m_7245_(BlockableEventLoop.java:130) ~[client-1.20.1-20230612.114412-srg.jar%23794!/:?]
		at net.minecraft.util.thread.BlockableEventLoop.m_18699_(BlockableEventLoop.java:115) ~[client-1.20.1-20230612.114412-srg.jar%23794!/:?]
		at net.minecraft.client.Minecraft.m_91383_(Minecraft.java:1106) ~[client-1.20.1-20230612.114412-srg.jar%23794!/:?]
		at net.minecraft.client.Minecraft.m_91374_(Minecraft.java:718) ~[client-1.20.1-20230612.114412-srg.jar%23794!/:?]
		at net.minecraft.client.main.Main.main(Main.java:218) ~[minecraft-1.20.1-client.jar:?]
		at jdk.internal.reflect.NativeMethodAccessorImpl.invoke0(Native Method) ~[?:?]
		at jdk.internal.reflect.NativeMethodAccessorImpl.invoke(NativeMethodAccessorImpl.java:77) ~[?:?]
		at jdk.internal.reflect.DelegatingMethodAccessorImpl.invoke(DelegatingMethodAccessorImpl.java:43) ~[?:?]
		at java.lang.reflect.Method.invoke(Method.java:568) ~[?:?]
		at net.minecraftforge.fml.loading.targets.CommonLaunchHandler.runTarget(CommonLaunchHandler.java:111) ~[fmlloader-1.20.1-47.2.0.jar:?]
		at net.minecraftforge.fml.loading.targets.CommonLaunchHandler.clientService(CommonLaunchHandler.java:99) ~[fmlloader-1.20.1-47.2.0.jar:?]
		at net.minecraftforge.fml.loading.targets.CommonClientLaunchHandler.lambda$makeService$0(CommonClientLaunchHandler.java:25) ~[fmlloader-1.20.1-47.2.0.jar:?]
		at cpw.mods.modlauncher.LaunchServiceHandlerDecorator.launch(LaunchServiceHandlerDecorator.java:30) ~[modlauncher-10.0.9.jar:?]
		at cpw.mods.modlauncher.LaunchServiceHandler.launch(LaunchServiceHandler.java:53) ~[modlauncher-10.0.9.jar:?]
		at cpw.mods.modlauncher.LaunchServiceHandler.launch(LaunchServiceHandler.java:71) ~[modlauncher-10.0.9.jar:?]
		at cpw.mods.modlauncher.Launcher.run(Launcher.java:108) ~[modlauncher-10.0.9.jar:?]
		at cpw.mods.modlauncher.Launcher.main(Launcher.java:78) ~[modlauncher-10.0.9.jar:?]
		at cpw.mods.modlauncher.BootstrapLaunchConsumer.accept(BootstrapLaunchConsumer.java:26) ~[modlauncher-10.0.9.jar:?]
		at cpw.mods.modlauncher.BootstrapLaunchConsumer.accept(BootstrapLaunchConsumer.java:23) ~[modlauncher-10.0.9.jar:?]
		at cpw.mods.bootstraplauncher.BootstrapLauncher.main(BootstrapLauncher.java:141) ~[bootstraplauncher-1.1.2.jar:?]
		at jdk.internal.reflect.NativeMethodAccessorImpl.invoke0(Native Method) ~[?:?]
		at jdk.internal.reflect.NativeMethodAccessorImpl.invoke(NativeMethodAccessorImpl.java:77) ~[?:?]
		at jdk.internal.reflect.DelegatingMethodAccessorImpl.invoke(DelegatingMethodAccessorImpl.java:43) ~[?:?]
		at java.lang.reflect.Method.invoke(Method.java:568) ~[?:?]
		at io.github.zekerzhayard.forgewrapper.installer.Main.main(Main.java:67) ~[?:?]
		at org.prismlauncher.launcher.impl.StandardLauncher.launch(StandardLauncher.java:105) ~[?:?]
		at org.prismlauncher.EntryPoint.listen(EntryPoint.java:129) ~[?:?]
		at org.prismlauncher.EntryPoint.main(EntryPoint.java:70) ~[?:?]
	Suppressed: java.lang.IllegalStateException: Unreferenced key: ResourceKey[minecraft:worldgen/biome / betternether:bone_reef]
		at net.minecraft.core.RegistrySetBuilder$BuildState.m_255228_(RegistrySetBuilder.java:126) ~[client-1.20.1-20230612.114412-srg.jar%23794!/:?]
		at net.minecraft.core.RegistrySetBuilder.m_255144_(RegistrySetBuilder.java:61) ~[client-1.20.1-20230612.114412-srg.jar%23794!/:?]
		at net.minecraft.data.registries.VanillaRegistries.m_255371_(VanillaRegistries.java:72) ~[client-1.20.1-20230612.114412-srg.jar%23794!/:?]
		at jeresources.api.util.BiomeHelper.getBiome(BiomeHelper.java:20) ~[JustEnoughResources-1.20.1-1.4.0.247.jar%23635!/:1.4.0.247]
		at jeresources.api.restrictions.BiomeRestriction.<init>(BiomeRestriction.java:46) ~[JustEnoughResources-1.20.1-1.4.0.247.jar%23635!/:1.4.0.247]
		at jeresources.api.restrictions.BiomeRestriction.<clinit>(BiomeRestriction.java:19) ~[JustEnoughResources-1.20.1-1.4.0.247.jar%23635!/:1.4.0.247]
		at jeresources.api.restrictions.Restriction.<init>(Restriction.java:23) ~[JustEnoughResources-1.20.1-1.4.0.247.jar%23635!/:1.4.0.247]
		at jeresources.api.restrictions.Restriction.<clinit>(Restriction.java:6) ~[JustEnoughResources-1.20.1-1.4.0.247.jar%23635!/:1.4.0.247]
		at jeresources.compatibility.minecraft.MinecraftCompat.registerOres(MinecraftCompat.java:67) ~[JustEnoughResources-1.20.1-1.4.0.247.jar%23635!/:1.4.0.247]
		at jeresources.compatibility.minecraft.MinecraftCompat.init(MinecraftCompat.java:37) ~[JustEnoughResources-1.20.1-1.4.0.247.jar%23635!/:1.4.0.247]
		at jeresources.compatibility.Compatibility.init(Compatibility.java:27) ~[JustEnoughResources-1.20.1-1.4.0.247.jar%23635!/:1.4.0.247]
		at jeresources.proxy.CommonProxy.initCompatibility(CommonProxy.java:14) ~[JustEnoughResources-1.20.1-1.4.0.247.jar%23635!/:1.4.0.247]
		at jeresources.jei.JEIConfig.registerCategories(JEIConfig.java:98) ~[JustEnoughResources-1.20.1-1.4.0.247.jar%23635!/:1.4.0.247]
		at mezz.jei.library.load.PluginLoader.lambda$createRecipeCategories$5(PluginLoader.java:119) ~[jei-1.20.1-forge-15.20.0.104.jar%23630!/:15.20.0.104]
		at mezz.jei.library.load.PluginCaller.callOnPlugins(PluginCaller.java:25) ~[jei-1.20.1-forge-15.20.0.104.jar%23630!/:15.20.0.104]
		at mezz.jei.library.load.PluginLoader.createRecipeCategories(PluginLoader.java:119) ~[jei-1.20.1-forge-15.20.0.104.jar%23630!/:15.20.0.104]
		at mezz.jei.library.load.PluginLoader.createRecipeManager(PluginLoader.java:154) ~[jei-1.20.1-forge-15.20.0.104.jar%23630!/:15.20.0.104]
		at mezz.jei.library.startup.JeiStarter.start(JeiStarter.java:115) ~[jei-1.20.1-forge-15.20.0.104.jar%23630!/:15.20.0.104]
		at mezz.jei.forge.startup.StartEventObserver.transitionState(StartEventObserver.java:130) ~[jei-1.20.1-forge-15.20.0.104.jar%23630!/:15.20.0.104]
		at mezz.jei.forge.startup.StartEventObserver.onEvent(StartEventObserver.java:98) ~[jei-1.20.1-forge-15.20.0.104.jar%23630!/:15.20.0.104]
		at net.minecraftforge.eventbus.EventBus.doCastFilter(EventBus.java:260) ~[eventbus-6.0.5.jar%23137!/:?]
		at net.minecraftforge.eventbus.EventBus.lambda$addListener$11(EventBus.java:252) ~[eventbus-6.0.5.jar%23137!/:?]
		at net.minecraftforge.eventbus.EventBus.post(EventBus.java:315) ~[eventbus-6.0.5.jar%23137!/:?]
		at net.minecraftforge.eventbus.EventBus.post(EventBus.java:296) ~[eventbus-6.0.5.jar%23137!/:?]
		at net.minecraft.client.multiplayer.ClientPacketListener.m_5859_(ClientPacketListener.java:1451) ~[client-1.20.1-20230612.114412-srg.jar%23794!/:?]
		at net.minecraft.network.protocol.game.ClientboundUpdateTagsPacket.m_5797_(ClientboundUpdateTagsPacket.java:35) ~[client-1.20.1-20230612.114412-srg.jar%23794!/:?]
		at net.minecraft.network.protocol.game.ClientboundUpdateTagsPacket.m_5797_(ClientboundUpdateTagsPacket.java:11) ~[client-1.20.1-20230612.114412-srg.jar%23794!/:?]
		at net.minecraft.network.protocol.PacketUtils.m_263899_(PacketUtils.java:22) ~[client-1.20.1-20230612.114412-srg.jar%23794!/:?]
		at net.minecraft.util.thread.BlockableEventLoop.m_6367_(BlockableEventLoop.java:156) ~[client-1.20.1-20230612.114412-srg.jar%23794!/:?]
		at net.minecraft.util.thread.ReentrantBlockableEventLoop.m_6367_(ReentrantBlockableEventLoop.java:23) ~[client-1.20.1-20230612.114412-srg.jar%23794!/:?]
		at net.minecraft.util.thread.BlockableEventLoop.m_7245_(BlockableEventLoop.java:130) ~[client-1.20.1-20230612.114412-srg.jar%23794!/:?]
		at net.minecraft.util.thread.BlockableEventLoop.m_18699_(BlockableEventLoop.java:115) ~[client-1.20.1-20230612.114412-srg.jar%23794!/:?]
		at net.minecraft.client.Minecraft.m_91383_(Minecraft.java:1106) ~[client-1.20.1-20230612.114412-srg.jar%23794!/:?]
		at net.minecraft.client.Minecraft.m_91374_(Minecraft.java:718) ~[client-1.20.1-20230612.114412-srg.jar%23794!/:?]
		at net.minecraft.client.main.Main.main(Main.java:218) ~[minecraft-1.20.1-client.jar:?]
		at jdk.internal.reflect.NativeMethodAccessorImpl.invoke0(Native Method) ~[?:?]
		at jdk.internal.reflect.NativeMethodAccessorImpl.invoke(NativeMethodAccessorImpl.java:77) ~[?:?]
		at jdk.internal.reflect.DelegatingMethodAccessorImpl.invoke(DelegatingMethodAccessorImpl.java:43) ~[?:?]
		at java.lang.reflect.Method.invoke(Method.java:568) ~[?:?]
		at net.minecraftforge.fml.loading.targets.CommonLaunchHandler.runTarget(CommonLaunchHandler.java:111) ~[fmlloader-1.20.1-47.2.0.jar:?]
		at net.minecraftforge.fml.loading.targets.CommonLaunchHandler.clientService(CommonLaunchHandler.java:99) ~[fmlloader-1.20.1-47.2.0.jar:?]
		at net.minecraftforge.fml.loading.targets.CommonClientLaunchHandler.lambda$makeService$0(CommonClientLaunchHandler.java:25) ~[fmlloader-1.20.1-47.2.0.jar:?]
		at cpw.mods.modlauncher.LaunchServiceHandlerDecorator.launch(LaunchServiceHandlerDecorator.java:30) ~[modlauncher-10.0.9.jar:?]
		at cpw.mods.modlauncher.LaunchServiceHandler.launch(LaunchServiceHandler.java:53) ~[modlauncher-10.0.9.jar:?]
		at cpw.mods.modlauncher.LaunchServiceHandler.launch(LaunchServiceHandler.java:71) ~[modlauncher-10.0.9.jar:?]
		at cpw.mods.modlauncher.Launcher.run(Launcher.java:108) ~[modlauncher-10.0.9.jar:?]
		at cpw.mods.modlauncher.Launcher.main(Launcher.java:78) ~[modlauncher-10.0.9.jar:?]
		at cpw.mods.modlauncher.BootstrapLaunchConsumer.accept(BootstrapLaunchConsumer.java:26) ~[modlauncher-10.0.9.jar:?]
		at cpw.mods.modlauncher.BootstrapLaunchConsumer.accept(BootstrapLaunchConsumer.java:23) ~[modlauncher-10.0.9.jar:?]
		at cpw.mods.bootstraplauncher.BootstrapLauncher.main(BootstrapLauncher.java:141) ~[bootstraplauncher-1.1.2.jar:?]
		at jdk.internal.reflect.NativeMethodAccessorImpl.invoke0(Native Method) ~[?:?]
		at jdk.internal.reflect.NativeMethodAccessorImpl.invoke(NativeMethodAccessorImpl.java:77) ~[?:?]
		at jdk.internal.reflect.DelegatingMethodAccessorImpl.invoke(DelegatingMethodAccessorImpl.java:43) ~[?:?]
		at java.lang.reflect.Method.invoke(Method.java:568) ~[?:?]
		at io.github.zekerzhayard.forgewrapper.installer.Main.main(Main.java:67) ~[?:?]
		at org.prismlauncher.launcher.impl.StandardLauncher.launch(StandardLauncher.java:105) ~[?:?]
		at org.prismlauncher.EntryPoint.listen(EntryPoint.java:129) ~[?:?]
		at org.prismlauncher.EntryPoint.main(EntryPoint.java:70) ~[?:?]
	Suppressed: java.lang.IllegalStateException: Unreferenced key: ResourceKey[minecraft:worldgen/biome / betternether:wart_forest_edge]
		at net.minecraft.core.RegistrySetBuilder$BuildState.m_255228_(RegistrySetBuilder.java:126) ~[client-1.20.1-20230612.114412-srg.jar%23794!/:?]
		at net.minecraft.core.RegistrySetBuilder.m_255144_(RegistrySetBuilder.java:61) ~[client-1.20.1-20230612.114412-srg.jar%23794!/:?]
		at net.minecraft.data.registries.VanillaRegistries.m_255371_(VanillaRegistries.java:72) ~[client-1.20.1-20230612.114412-srg.jar%23794!/:?]
		at jeresources.api.util.BiomeHelper.getBiome(BiomeHelper.java:20) ~[JustEnoughResources-1.20.1-1.4.0.247.jar%23635!/:1.4.0.247]
		at jeresources.api.restrictions.BiomeRestriction.<init>(BiomeRestriction.java:46) ~[JustEnoughResources-1.20.1-1.4.0.247.jar%23635!/:1.4.0.247]
		at jeresources.api.restrictions.BiomeRestriction.<clinit>(BiomeRestriction.java:19) ~[JustEnoughResources-1.20.1-1.4.0.247.jar%23635!/:1.4.0.247]
		at jeresources.api.restrictions.Restriction.<init>(Restriction.java:23) ~[JustEnoughResources-1.20.1-1.4.0.247.jar%23635!/:1.4.0.247]
		at jeresources.api.restrictions.Restriction.<clinit>(Restriction.java:6) ~[JustEnoughResources-1.20.1-1.4.0.247.jar%23635!/:1.4.0.247]
		at jeresources.compatibility.minecraft.MinecraftCompat.registerOres(MinecraftCompat.java:67) ~[JustEnoughResources-1.20.1-1.4.0.247.jar%23635!/:1.4.0.247]
		at jeresources.compatibility.minecraft.MinecraftCompat.init(MinecraftCompat.java:37) ~[JustEnoughResources-1.20.1-1.4.0.247.jar%23635!/:1.4.0.247]
		at jeresources.compatibility.Compatibility.init(Compatibility.java:27) ~[JustEnoughResources-1.20.1-1.4.0.247.jar%23635!/:1.4.0.247]
		at jeresources.proxy.CommonProxy.initCompatibility(CommonProxy.java:14) ~[JustEnoughResources-1.20.1-1.4.0.247.jar%23635!/:1.4.0.247]
		at jeresources.jei.JEIConfig.registerCategories(JEIConfig.java:98) ~[JustEnoughResources-1.20.1-1.4.0.247.jar%23635!/:1.4.0.247]
		at mezz.jei.library.load.PluginLoader.lambda$createRecipeCategories$5(PluginLoader.java:119) ~[jei-1.20.1-forge-15.20.0.104.jar%23630!/:15.20.0.104]
		at mezz.jei.library.load.PluginCaller.callOnPlugins(PluginCaller.java:25) ~[jei-1.20.1-forge-15.20.0.104.jar%23630!/:15.20.0.104]
		at mezz.jei.library.load.PluginLoader.createRecipeCategories(PluginLoader.java:119) ~[jei-1.20.1-forge-15.20.0.104.jar%23630!/:15.20.0.104]
		at mezz.jei.library.load.PluginLoader.createRecipeManager(PluginLoader.java:154) ~[jei-1.20.1-forge-15.20.0.104.jar%23630!/:15.20.0.104]
		at mezz.jei.library.startup.JeiStarter.start(JeiStarter.java:115) ~[jei-1.20.1-forge-15.20.0.104.jar%23630!/:15.20.0.104]
		at mezz.jei.forge.startup.StartEventObserver.transitionState(StartEventObserver.java:130) ~[jei-1.20.1-forge-15.20.0.104.jar%23630!/:15.20.0.104]
		at mezz.jei.forge.startup.StartEventObserver.onEvent(StartEventObserver.java:98) ~[jei-1.20.1-forge-15.20.0.104.jar%23630!/:15.20.0.104]
		at net.minecraftforge.eventbus.EventBus.doCastFilter(EventBus.java:260) ~[eventbus-6.0.5.jar%23137!/:?]
		at net.minecraftforge.eventbus.EventBus.lambda$addListener$11(EventBus.java:252) ~[eventbus-6.0.5.jar%23137!/:?]
		at net.minecraftforge.eventbus.EventBus.post(EventBus.java:315) ~[eventbus-6.0.5.jar%23137!/:?]
		at net.minecraftforge.eventbus.EventBus.post(EventBus.java:296) ~[eventbus-6.0.5.jar%23137!/:?]
		at net.minecraft.client.multiplayer.ClientPacketListener.m_5859_(ClientPacketListener.java:1451) ~[client-1.20.1-20230612.114412-srg.jar%23794!/:?]
		at net.minecraft.network.protocol.game.ClientboundUpdateTagsPacket.m_5797_(ClientboundUpdateTagsPacket.java:35) ~[client-1.20.1-20230612.114412-srg.jar%23794!/:?]
		at net.minecraft.network.protocol.game.ClientboundUpdateTagsPacket.m_5797_(ClientboundUpdateTagsPacket.java:11) ~[client-1.20.1-20230612.114412-srg.jar%23794!/:?]
		at net.minecraft.network.protocol.PacketUtils.m_263899_(PacketUtils.java:22) ~[client-1.20.1-20230612.114412-srg.jar%23794!/:?]
		at net.minecraft.util.thread.BlockableEventLoop.m_6367_(BlockableEventLoop.java:156) ~[client-1.20.1-20230612.114412-srg.jar%23794!/:?]
		at net.minecraft.util.thread.ReentrantBlockableEventLoop.m_6367_(ReentrantBlockableEventLoop.java:23) ~[client-1.20.1-20230612.114412-srg.jar%23794!/:?]
		at net.minecraft.util.thread.BlockableEventLoop.m_7245_(BlockableEventLoop.java:130) ~[client-1.20.1-20230612.114412-srg.jar%23794!/:?]
		at net.minecraft.util.thread.BlockableEventLoop.m_18699_(BlockableEventLoop.java:115) ~[client-1.20.1-20230612.114412-srg.jar%23794!/:?]
		at net.minecraft.client.Minecraft.m_91383_(Minecraft.java:1106) ~[client-1.20.1-20230612.114412-srg.jar%23794!/:?]
		at net.minecraft.client.Minecraft.m_91374_(Minecraft.java:718) ~[client-1.20.1-20230612.114412-srg.jar%23794!/:?]
		at net.minecraft.client.main.Main.main(Main.java:218) ~[minecraft-1.20.1-client.jar:?]
		at jdk.internal.reflect.NativeMethodAccessorImpl.invoke0(Native Method) ~[?:?]
		at jdk.internal.reflect.NativeMethodAccessorImpl.invoke(NativeMethodAccessorImpl.java:77) ~[?:?]
		at jdk.internal.reflect.DelegatingMethodAccessorImpl.invoke(DelegatingMethodAccessorImpl.java:43) ~[?:?]
		at java.lang.reflect.Method.invoke(Method.java:568) ~[?:?]
		at net.minecraftforge.fml.loading.targets.CommonLaunchHandler.runTarget(CommonLaunchHandler.java:111) ~[fmlloader-1.20.1-47.2.0.jar:?]
		at net.minecraftforge.fml.loading.targets.CommonLaunchHandler.clientService(CommonLaunchHandler.java:99) ~[fmlloader-1.20.1-47.2.0.jar:?]
		at net.minecraftforge.fml.loading.targets.CommonClientLaunchHandler.lambda$makeService$0(CommonClientLaunchHandler.java:25) ~[fmlloader-1.20.1-47.2.0.jar:?]
		at cpw.mods.modlauncher.LaunchServiceHandlerDecorator.launch(LaunchServiceHandlerDecorator.java:30) ~[modlauncher-10.0.9.jar:?]
		at cpw.mods.modlauncher.LaunchServiceHandler.launch(LaunchServiceHandler.java:53) ~[modlauncher-10.0.9.jar:?]
		at cpw.mods.modlauncher.LaunchServiceHandler.launch(LaunchServiceHandler.java:71) ~[modlauncher-10.0.9.jar:?]
		at cpw.mods.modlauncher.Launcher.run(Launcher.java:108) ~[modlauncher-10.0.9.jar:?]
		at cpw.mods.modlauncher.Launcher.main(Launcher.java:78) ~[modlauncher-10.0.9.jar:?]
		at cpw.mods.modlauncher.BootstrapLaunchConsumer.accept(BootstrapLaunchConsumer.java:26) ~[modlauncher-10.0.9.jar:?]
		at cpw.mods.modlauncher.BootstrapLaunchConsumer.accept(BootstrapLaunchConsumer.java:23) ~[modlauncher-10.0.9.jar:?]
		at cpw.mods.bootstraplauncher.BootstrapLauncher.main(BootstrapLauncher.java:141) ~[bootstraplauncher-1.1.2.jar:?]
		at jdk.internal.reflect.NativeMethodAccessorImpl.invoke0(Native Method) ~[?:?]
		at jdk.internal.reflect.NativeMethodAccessorImpl.invoke(NativeMethodAccessorImpl.java:77) ~[?:?]
		at jdk.internal.reflect.DelegatingMethodAccessorImpl.invoke(DelegatingMethodAccessorImpl.java:43) ~[?:?]
		at java.lang.reflect.Method.invoke(Method.java:568) ~[?:?]
		at io.github.zekerzhayard.forgewrapper.installer.Main.main(Main.java:67) ~[?:?]
		at org.prismlauncher.launcher.impl.StandardLauncher.launch(StandardLauncher.java:105) ~[?:?]
		at org.prismlauncher.EntryPoint.listen(EntryPoint.java:129) ~[?:?]
		at org.prismlauncher.EntryPoint.main(EntryPoint.java:70) ~[?:?]
	Suppressed: java.lang.IllegalStateException: Unreferenced key: ResourceKey[minecraft:worldgen/biome / betternether:soul_plain]
		at net.minecraft.core.RegistrySetBuilder$BuildState.m_255228_(RegistrySetBuilder.java:126) ~[client-1.20.1-20230612.114412-srg.jar%23794!/:?]
		at net.minecraft.core.RegistrySetBuilder.m_255144_(RegistrySetBuilder.java:61) ~[client-1.20.1-20230612.114412-srg.jar%23794!/:?]
		at net.minecraft.data.registries.VanillaRegistries.m_255371_(VanillaRegistries.java:72) ~[client-1.20.1-20230612.114412-srg.jar%23794!/:?]
		at jeresources.api.util.BiomeHelper.getBiome(BiomeHelper.java:20) ~[JustEnoughResources-1.20.1-1.4.0.247.jar%23635!/:1.4.0.247]
		at jeresources.api.restrictions.BiomeRestriction.<init>(BiomeRestriction.java:46) ~[JustEnoughResources-1.20.1-1.4.0.247.jar%23635!/:1.4.0.247]
		at jeresources.api.restrictions.BiomeRestriction.<clinit>(BiomeRestriction.java:19) ~[JustEnoughResources-1.20.1-1.4.0.247.jar%23635!/:1.4.0.247]
		at jeresources.api.restrictions.Restriction.<init>(Restriction.java:23) ~[JustEnoughResources-1.20.1-1.4.0.247.jar%23635!/:1.4.0.247]
		at jeresources.api.restrictions.Restriction.<clinit>(Restriction.java:6) ~[JustEnoughResources-1.20.1-1.4.0.247.jar%23635!/:1.4.0.247]
		at jeresources.compatibility.minecraft.MinecraftCompat.registerOres(MinecraftCompat.java:67) ~[JustEnoughResources-1.20.1-1.4.0.247.jar%23635!/:1.4.0.247]
		at jeresources.compatibility.minecraft.MinecraftCompat.init(MinecraftCompat.java:37) ~[JustEnoughResources-1.20.1-1.4.0.247.jar%23635!/:1.4.0.247]
		at jeresources.compatibility.Compatibility.init(Compatibility.java:27) ~[JustEnoughResources-1.20.1-1.4.0.247.jar%23635!/:1.4.0.247]
		at jeresources.proxy.CommonProxy.initCompatibility(CommonProxy.java:14) ~[JustEnoughResources-1.20.1-1.4.0.247.jar%23635!/:1.4.0.247]
		at jeresources.jei.JEIConfig.registerCategories(JEIConfig.java:98) ~[JustEnoughResources-1.20.1-1.4.0.247.jar%23635!/:1.4.0.247]
		at mezz.jei.library.load.PluginLoader.lambda$createRecipeCategories$5(PluginLoader.java:119) ~[jei-1.20.1-forge-15.20.0.104.jar%23630!/:15.20.0.104]
		at mezz.jei.library.load.PluginCaller.callOnPlugins(PluginCaller.java:25) ~[jei-1.20.1-forge-15.20.0.104.jar%23630!/:15.20.0.104]
		at mezz.jei.library.load.PluginLoader.createRecipeCategories(PluginLoader.java:119) ~[jei-1.20.1-forge-15.20.0.104.jar%23630!/:15.20.0.104]
		at mezz.jei.library.load.PluginLoader.createRecipeManager(PluginLoader.java:154) ~[jei-1.20.1-forge-15.20.0.104.jar%23630!/:15.20.0.104]
		at mezz.jei.library.startup.JeiStarter.start(JeiStarter.java:115) ~[jei-1.20.1-forge-15.20.0.104.jar%23630!/:15.20.0.104]
		at mezz.jei.forge.startup.StartEventObserver.transitionState(StartEventObserver.java:130) ~[jei-1.20.1-forge-15.20.0.104.jar%23630!/:15.20.0.104]
		at mezz.jei.forge.startup.StartEventObserver.onEvent(StartEventObserver.java:98) ~[jei-1.20.1-forge-15.20.0.104.jar%23630!/:15.20.0.104]
		at net.minecraftforge.eventbus.EventBus.doCastFilter(EventBus.java:260) ~[eventbus-6.0.5.jar%23137!/:?]
		at net.minecraftforge.eventbus.EventBus.lambda$addListener$11(EventBus.java:252) ~[eventbus-6.0.5.jar%23137!/:?]
		at net.minecraftforge.eventbus.EventBus.post(EventBus.java:315) ~[eventbus-6.0.5.jar%23137!/:?]
		at net.minecraftforge.eventbus.EventBus.post(EventBus.java:296) ~[eventbus-6.0.5.jar%23137!/:?]
		at net.minecraft.client.multiplayer.ClientPacketListener.m_5859_(ClientPacketListener.java:1451) ~[client-1.20.1-20230612.114412-srg.jar%23794!/:?]
		at net.minecraft.network.protocol.game.ClientboundUpdateTagsPacket.m_5797_(ClientboundUpdateTagsPacket.java:35) ~[client-1.20.1-20230612.114412-srg.jar%23794!/:?]
		at net.minecraft.network.protocol.game.ClientboundUpdateTagsPacket.m_5797_(ClientboundUpdateTagsPacket.java:11) ~[client-1.20.1-20230612.114412-srg.jar%23794!/:?]
		at net.minecraft.network.protocol.PacketUtils.m_263899_(PacketUtils.java:22) ~[client-1.20.1-20230612.114412-srg.jar%23794!/:?]
		at net.minecraft.util.thread.BlockableEventLoop.m_6367_(BlockableEventLoop.java:156) ~[client-1.20.1-20230612.114412-srg.jar%23794!/:?]
		at net.minecraft.util.thread.ReentrantBlockableEventLoop.m_6367_(ReentrantBlockableEventLoop.java:23) ~[client-1.20.1-20230612.114412-srg.jar%23794!/:?]
		at net.minecraft.util.thread.BlockableEventLoop.m_7245_(BlockableEventLoop.java:130) ~[client-1.20.1-20230612.114412-srg.jar%23794!/:?]
		at net.minecraft.util.thread.BlockableEventLoop.m_18699_(BlockableEventLoop.java:115) ~[client-1.20.1-20230612.114412-srg.jar%23794!/:?]
		at net.minecraft.client.Minecraft.m_91383_(Minecraft.java:1106) ~[client-1.20.1-20230612.114412-srg.jar%23794!/:?]
		at net.minecraft.client.Minecraft.m_91374_(Minecraft.java:718) ~[client-1.20.1-20230612.114412-srg.jar%23794!/:?]
		at net.minecraft.client.main.Main.main(Main.java:218) ~[minecraft-1.20.1-client.jar:?]
		at jdk.internal.reflect.NativeMethodAccessorImpl.invoke0(Native Method) ~[?:?]
		at jdk.internal.reflect.NativeMethodAccessorImpl.invoke(NativeMethodAccessorImpl.java:77) ~[?:?]
		at jdk.internal.reflect.DelegatingMethodAccessorImpl.invoke(DelegatingMethodAccessorImpl.java:43) ~[?:?]
		at java.lang.reflect.Method.invoke(Method.java:568) ~[?:?]
		at net.minecraftforge.fml.loading.targets.CommonLaunchHandler.runTarget(CommonLaunchHandler.java:111) ~[fmlloader-1.20.1-47.2.0.jar:?]
		at net.minecraftforge.fml.loading.targets.CommonLaunchHandler.clientService(CommonLaunchHandler.java:99) ~[fmlloader-1.20.1-47.2.0.jar:?]
		at net.minecraftforge.fml.loading.targets.CommonClientLaunchHandler.lambda$makeService$0(CommonClientLaunchHandler.java:25) ~[fmlloader-1.20.1-47.2.0.jar:?]
		at cpw.mods.modlauncher.LaunchServiceHandlerDecorator.launch(LaunchServiceHandlerDecorator.java:30) ~[modlauncher-10.0.9.jar:?]
		at cpw.mods.modlauncher.LaunchServiceHandler.launch(LaunchServiceHandler.java:53) ~[modlauncher-10.0.9.jar:?]
		at cpw.mods.modlauncher.LaunchServiceHandler.launch(LaunchServiceHandler.java:71) ~[modlauncher-10.0.9.jar:?]
		at cpw.mods.modlauncher.Launcher.run(Launcher.java:108) ~[modlauncher-10.0.9.jar:?]
		at cpw.mods.modlauncher.Launcher.main(Launcher.java:78) ~[modlauncher-10.0.9.jar:?]
		at cpw.mods.modlauncher.BootstrapLaunchConsumer.accept(BootstrapLaunchConsumer.java:26) ~[modlauncher-10.0.9.jar:?]
		at cpw.mods.modlauncher.BootstrapLaunchConsumer.accept(BootstrapLaunchConsumer.java:23) ~[modlauncher-10.0.9.jar:?]
		at cpw.mods.bootstraplauncher.BootstrapLauncher.main(BootstrapLauncher.java:141) ~[bootstraplauncher-1.1.2.jar:?]
		at jdk.internal.reflect.NativeMethodAccessorImpl.invoke0(Native Method) ~[?:?]
		at jdk.internal.reflect.NativeMethodAccessorImpl.invoke(NativeMethodAccessorImpl.java:77) ~[?:?]
		at jdk.internal.reflect.DelegatingMethodAccessorImpl.invoke(DelegatingMethodAccessorImpl.java:43) ~[?:?]
		at java.lang.reflect.Method.invoke(Method.java:568) ~[?:?]
		at io.github.zekerzhayard.forgewrapper.installer.Main.main(Main.java:67) ~[?:?]
		at org.prismlauncher.launcher.impl.StandardLauncher.launch(StandardLauncher.java:105) ~[?:?]
		at org.prismlauncher.EntryPoint.listen(EntryPoint.java:129) ~[?:?]
		at org.prismlauncher.EntryPoint.main(EntryPoint.java:70) ~[?:?]
	Suppressed: java.lang.IllegalStateException: Unreferenced key: ResourceKey[minecraft:worldgen/biome / betternether:upside_down_forest]
		at net.minecraft.core.RegistrySetBuilder$BuildState.m_255228_(RegistrySetBuilder.java:126) ~[client-1.20.1-20230612.114412-srg.jar%23794!/:?]
		at net.minecraft.core.RegistrySetBuilder.m_255144_(RegistrySetBuilder.java:61) ~[client-1.20.1-20230612.114412-srg.jar%23794!/:?]
		at net.minecraft.data.registries.VanillaRegistries.m_255371_(VanillaRegistries.java:72) ~[client-1.20.1-20230612.114412-srg.jar%23794!/:?]
		at jeresources.api.util.BiomeHelper.getBiome(BiomeHelper.java:20) ~[JustEnoughResources-1.20.1-1.4.0.247.jar%23635!/:1.4.0.247]
		at jeresources.api.restrictions.BiomeRestriction.<init>(BiomeRestriction.java:46) ~[JustEnoughResources-1.20.1-1.4.0.247.jar%23635!/:1.4.0.247]
		at jeresources.api.restrictions.BiomeRestriction.<clinit>(BiomeRestriction.java:19) ~[JustEnoughResources-1.20.1-1.4.0.247.jar%23635!/:1.4.0.247]
		at jeresources.api.restrictions.Restriction.<init>(Restriction.java:23) ~[JustEnoughResources-1.20.1-1.4.0.247.jar%23635!/:1.4.0.247]
		at jeresources.api.restrictions.Restriction.<clinit>(Restriction.java:6) ~[JustEnoughResources-1.20.1-1.4.0.247.jar%23635!/:1.4.0.247]
		at jeresources.compatibility.minecraft.MinecraftCompat.registerOres(MinecraftCompat.java:67) ~[JustEnoughResources-1.20.1-1.4.0.247.jar%23635!/:1.4.0.247]
		at jeresources.compatibility.minecraft.MinecraftCompat.init(MinecraftCompat.java:37) ~[JustEnoughResources-1.20.1-1.4.0.247.jar%23635!/:1.4.0.247]
		at jeresources.compatibility.Compatibility.init(Compatibility.java:27) ~[JustEnoughResources-1.20.1-1.4.0.247.jar%23635!/:1.4.0.247]
		at jeresources.proxy.CommonProxy.initCompatibility(CommonProxy.java:14) ~[JustEnoughResources-1.20.1-1.4.0.247.jar%23635!/:1.4.0.247]
		at jeresources.jei.JEIConfig.registerCategories(JEIConfig.java:98) ~[JustEnoughResources-1.20.1-1.4.0.247.jar%23635!/:1.4.0.247]
		at mezz.jei.library.load.PluginLoader.lambda$createRecipeCategories$5(PluginLoader.java:119) ~[jei-1.20.1-forge-15.20.0.104.jar%23630!/:15.20.0.104]
		at mezz.jei.library.load.PluginCaller.callOnPlugins(PluginCaller.java:25) ~[jei-1.20.1-forge-15.20.0.104.jar%23630!/:15.20.0.104]
		at mezz.jei.library.load.PluginLoader.createRecipeCategories(PluginLoader.java:119) ~[jei-1.20.1-forge-15.20.0.104.jar%23630!/:15.20.0.104]
		at mezz.jei.library.load.PluginLoader.createRecipeManager(PluginLoader.java:154) ~[jei-1.20.1-forge-15.20.0.104.jar%23630!/:15.20.0.104]
		at mezz.jei.library.startup.JeiStarter.start(JeiStarter.java:115) ~[jei-1.20.1-forge-15.20.0.104.jar%23630!/:15.20.0.104]
		at mezz.jei.forge.startup.StartEventObserver.transitionState(StartEventObserver.java:130) ~[jei-1.20.1-forge-15.20.0.104.jar%23630!/:15.20.0.104]
		at mezz.jei.forge.startup.StartEventObserver.onEvent(StartEventObserver.java:98) ~[jei-1.20.1-forge-15.20.0.104.jar%23630!/:15.20.0.104]
		at net.minecraftforge.eventbus.EventBus.doCastFilter(EventBus.java:260) ~[eventbus-6.0.5.jar%23137!/:?]
		at net.minecraftforge.eventbus.EventBus.lambda$addListener$11(EventBus.java:252) ~[eventbus-6.0.5.jar%23137!/:?]
		at net.minecraftforge.eventbus.EventBus.post(EventBus.java:315) ~[eventbus-6.0.5.jar%23137!/:?]
		at net.minecraftforge.eventbus.EventBus.post(EventBus.java:296) ~[eventbus-6.0.5.jar%23137!/:?]
		at net.minecraft.client.multiplayer.ClientPacketListener.m_5859_(ClientPacketListener.java:1451) ~[client-1.20.1-20230612.114412-srg.jar%23794!/:?]
		at net.minecraft.network.protocol.game.ClientboundUpdateTagsPacket.m_5797_(ClientboundUpdateTagsPacket.java:35) ~[client-1.20.1-20230612.114412-srg.jar%23794!/:?]
		at net.minecraft.network.protocol.game.ClientboundUpdateTagsPacket.m_5797_(ClientboundUpdateTagsPacket.java:11) ~[client-1.20.1-20230612.114412-srg.jar%23794!/:?]
		at net.minecraft.network.protocol.PacketUtils.m_263899_(PacketUtils.java:22) ~[client-1.20.1-20230612.114412-srg.jar%23794!/:?]
		at net.minecraft.util.thread.BlockableEventLoop.m_6367_(BlockableEventLoop.java:156) ~[client-1.20.1-20230612.114412-srg.jar%23794!/:?]
		at net.minecraft.util.thread.ReentrantBlockableEventLoop.m_6367_(ReentrantBlockableEventLoop.java:23) ~[client-1.20.1-20230612.114412-srg.jar%23794!/:?]
		at net.minecraft.util.thread.BlockableEventLoop.m_7245_(BlockableEventLoop.java:130) ~[client-1.20.1-20230612.114412-srg.jar%23794!/:?]
		at net.minecraft.util.thread.BlockableEventLoop.m_18699_(BlockableEventLoop.java:115) ~[client-1.20.1-20230612.114412-srg.jar%23794!/:?]
		at net.minecraft.client.Minecraft.m_91383_(Minecraft.java:1106) ~[client-1.20.1-20230612.114412-srg.jar%23794!/:?]
		at net.minecraft.client.Minecraft.m_91374_(Minecraft.java:718) ~[client-1.20.1-20230612.114412-srg.jar%23794!/:?]
		at net.minecraft.client.main.Main.main(Main.java:218) ~[minecraft-1.20.1-client.jar:?]
		at jdk.internal.reflect.NativeMethodAccessorImpl.invoke0(Native Method) ~[?:?]
		at jdk.internal.reflect.NativeMethodAccessorImpl.invoke(NativeMethodAccessorImpl.java:77) ~[?:?]
		at jdk.internal.reflect.DelegatingMethodAccessorImpl.invoke(DelegatingMethodAccessorImpl.java:43) ~[?:?]
		at java.lang.reflect.Method.invoke(Method.java:568) ~[?:?]
		at net.minecraftforge.fml.loading.targets.CommonLaunchHandler.runTarget(CommonLaunchHandler.java:111) ~[fmlloader-1.20.1-47.2.0.jar:?]
		at net.minecraftforge.fml.loading.targets.CommonLaunchHandler.clientService(CommonLaunchHandler.java:99) ~[fmlloader-1.20.1-47.2.0.jar:?]
		at net.minecraftforge.fml.loading.targets.CommonClientLaunchHandler.lambda$makeService$0(CommonClientLaunchHandler.java:25) ~[fmlloader-1.20.1-47.2.0.jar:?]
		at cpw.mods.modlauncher.LaunchServiceHandlerDecorator.launch(LaunchServiceHandlerDecorator.java:30) ~[modlauncher-10.0.9.jar:?]
		at cpw.mods.modlauncher.LaunchServiceHandler.launch(LaunchServiceHandler.java:53) ~[modlauncher-10.0.9.jar:?]
		at cpw.mods.modlauncher.LaunchServiceHandler.launch(LaunchServiceHandler.java:71) ~[modlauncher-10.0.9.jar:?]
		at cpw.mods.modlauncher.Launcher.run(Launcher.java:108) ~[modlauncher-10.0.9.jar:?]
		at cpw.mods.modlauncher.Launcher.main(Launcher.java:78) ~[modlauncher-10.0.9.jar:?]
		at cpw.mods.modlauncher.BootstrapLaunchConsumer.accept(BootstrapLaunchConsumer.java:26) ~[modlauncher-10.0.9.jar:?]
		at cpw.mods.modlauncher.BootstrapLaunchConsumer.accept(BootstrapLaunchConsumer.java:23) ~[modlauncher-10.0.9.jar:?]
		at cpw.mods.bootstraplauncher.BootstrapLauncher.main(BootstrapLauncher.java:141) ~[bootstraplauncher-1.1.2.jar:?]
		at jdk.internal.reflect.NativeMethodAccessorImpl.invoke0(Native Method) ~[?:?]
		at jdk.internal.reflect.NativeMethodAccessorImpl.invoke(NativeMethodAccessorImpl.java:77) ~[?:?]
		at jdk.internal.reflect.DelegatingMethodAccessorImpl.invoke(DelegatingMethodAccessorImpl.java:43) ~[?:?]
		at java.lang.reflect.Method.invoke(Method.java:568) ~[?:?]
		at io.github.zekerzhayard.forgewrapper.installer.Main.main(Main.java:67) ~[?:?]
		at org.prismlauncher.launcher.impl.StandardLauncher.launch(StandardLauncher.java:105) ~[?:?]
		at org.prismlauncher.EntryPoint.listen(EntryPoint.java:129) ~[?:?]
		at org.prismlauncher.EntryPoint.main(EntryPoint.java:70) ~[?:?]
	Suppressed: java.lang.IllegalStateException: Unreferenced key: ResourceKey[minecraft:worldgen/biome / betternether:sulfuric_bone_reef]
		at net.minecraft.core.RegistrySetBuilder$BuildState.m_255228_(RegistrySetBuilder.java:126) ~[client-1.20.1-20230612.114412-srg.jar%23794!/:?]
		at net.minecraft.core.RegistrySetBuilder.m_255144_(RegistrySetBuilder.java:61) ~[client-1.20.1-20230612.114412-srg.jar%23794!/:?]
		at net.minecraft.data.registries.VanillaRegistries.m_255371_(VanillaRegistries.java:72) ~[client-1.20.1-20230612.114412-srg.jar%23794!/:?]
		at jeresources.api.util.BiomeHelper.getBiome(BiomeHelper.java:20) ~[JustEnoughResources-1.20.1-1.4.0.247.jar%23635!/:1.4.0.247]
		at jeresources.api.restrictions.BiomeRestriction.<init>(BiomeRestriction.java:46) ~[JustEnoughResources-1.20.1-1.4.0.247.jar%23635!/:1.4.0.247]
		at jeresources.api.restrictions.BiomeRestriction.<clinit>(BiomeRestriction.java:19) ~[JustEnoughResources-1.20.1-1.4.0.247.jar%23635!/:1.4.0.247]
		at jeresources.api.restrictions.Restriction.<init>(Restriction.java:23) ~[JustEnoughResources-1.20.1-1.4.0.247.jar%23635!/:1.4.0.247]
		at jeresources.api.restrictions.Restriction.<clinit>(Restriction.java:6) ~[JustEnoughResources-1.20.1-1.4.0.247.jar%23635!/:1.4.0.247]
		at jeresources.compatibility.minecraft.MinecraftCompat.registerOres(MinecraftCompat.java:67) ~[JustEnoughResources-1.20.1-1.4.0.247.jar%23635!/:1.4.0.247]
		at jeresources.compatibility.minecraft.MinecraftCompat.init(MinecraftCompat.java:37) ~[JustEnoughResources-1.20.1-1.4.0.247.jar%23635!/:1.4.0.247]
		at jeresources.compatibility.Compatibility.init(Compatibility.java:27) ~[JustEnoughResources-1.20.1-1.4.0.247.jar%23635!/:1.4.0.247]
		at jeresources.proxy.CommonProxy.initCompatibility(CommonProxy.java:14) ~[JustEnoughResources-1.20.1-1.4.0.247.jar%23635!/:1.4.0.247]
		at jeresources.jei.JEIConfig.registerCategories(JEIConfig.java:98) ~[JustEnoughResources-1.20.1-1.4.0.247.jar%23635!/:1.4.0.247]
		at mezz.jei.library.load.PluginLoader.lambda$createRecipeCategories$5(PluginLoader.java:119) ~[jei-1.20.1-forge-15.20.0.104.jar%23630!/:15.20.0.104]
		at mezz.jei.library.load.PluginCaller.callOnPlugins(PluginCaller.java:25) ~[jei-1.20.1-forge-15.20.0.104.jar%23630!/:15.20.0.104]
		at mezz.jei.library.load.PluginLoader.createRecipeCategories(PluginLoader.java:119) ~[jei-1.20.1-forge-15.20.0.104.jar%23630!/:15.20.0.104]
		at mezz.jei.library.load.PluginLoader.createRecipeManager(PluginLoader.java:154) ~[jei-1.20.1-forge-15.20.0.104.jar%23630!/:15.20.0.104]
		at mezz.jei.library.startup.JeiStarter.start(JeiStarter.java:115) ~[jei-1.20.1-forge-15.20.0.104.jar%23630!/:15.20.0.104]
		at mezz.jei.forge.startup.StartEventObserver.transitionState(StartEventObserver.java:130) ~[jei-1.20.1-forge-15.20.0.104.jar%23630!/:15.20.0.104]
		at mezz.jei.forge.startup.StartEventObserver.onEvent(StartEventObserver.java:98) ~[jei-1.20.1-forge-15.20.0.104.jar%23630!/:15.20.0.104]
		at net.minecraftforge.eventbus.EventBus.doCastFilter(EventBus.java:260) ~[eventbus-6.0.5.jar%23137!/:?]
		at net.minecraftforge.eventbus.EventBus.lambda$addListener$11(EventBus.java:252) ~[eventbus-6.0.5.jar%23137!/:?]
		at net.minecraftforge.eventbus.EventBus.post(EventBus.java:315) ~[eventbus-6.0.5.jar%23137!/:?]
		at net.minecraftforge.eventbus.EventBus.post(EventBus.java:296) ~[eventbus-6.0.5.jar%23137!/:?]
		at net.minecraft.client.multiplayer.ClientPacketListener.m_5859_(ClientPacketListener.java:1451) ~[client-1.20.1-20230612.114412-srg.jar%23794!/:?]
		at net.minecraft.network.protocol.game.ClientboundUpdateTagsPacket.m_5797_(ClientboundUpdateTagsPacket.java:35) ~[client-1.20.1-20230612.114412-srg.jar%23794!/:?]
		at net.minecraft.network.protocol.game.ClientboundUpdateTagsPacket.m_5797_(ClientboundUpdateTagsPacket.java:11) ~[client-1.20.1-20230612.114412-srg.jar%23794!/:?]
		at net.minecraft.network.protocol.PacketUtils.m_263899_(PacketUtils.java:22) ~[client-1.20.1-20230612.114412-srg.jar%23794!/:?]
		at net.minecraft.util.thread.BlockableEventLoop.m_6367_(BlockableEventLoop.java:156) ~[client-1.20.1-20230612.114412-srg.jar%23794!/:?]
		at net.minecraft.util.thread.ReentrantBlockableEventLoop.m_6367_(ReentrantBlockableEventLoop.java:23) ~[client-1.20.1-20230612.114412-srg.jar%23794!/:?]
		at net.minecraft.util.thread.BlockableEventLoop.m_7245_(BlockableEventLoop.java:130) ~[client-1.20.1-20230612.114412-srg.jar%23794!/:?]
		at net.minecraft.util.thread.BlockableEventLoop.m_18699_(BlockableEventLoop.java:115) ~[client-1.20.1-20230612.114412-srg.jar%23794!/:?]
		at net.minecraft.client.Minecraft.m_91383_(Minecraft.java:1106) ~[client-1.20.1-20230612.114412-srg.jar%23794!/:?]
		at net.minecraft.client.Minecraft.m_91374_(Minecraft.java:718) ~[client-1.20.1-20230612.114412-srg.jar%23794!/:?]
		at net.minecraft.client.main.Main.main(Main.java:218) ~[minecraft-1.20.1-client.jar:?]
		at jdk.internal.reflect.NativeMethodAccessorImpl.invoke0(Native Method) ~[?:?]
		at jdk.internal.reflect.NativeMethodAccessorImpl.invoke(NativeMethodAccessorImpl.java:77) ~[?:?]
		at jdk.internal.reflect.DelegatingMethodAccessorImpl.invoke(DelegatingMethodAccessorImpl.java:43) ~[?:?]
		at java.lang.reflect.Method.invoke(Method.java:568) ~[?:?]
		at net.minecraftforge.fml.loading.targets.CommonLaunchHandler.runTarget(CommonLaunchHandler.java:111) ~[fmlloader-1.20.1-47.2.0.jar:?]
		at net.minecraftforge.fml.loading.targets.CommonLaunchHandler.clientService(CommonLaunchHandler.java:99) ~[fmlloader-1.20.1-47.2.0.jar:?]
		at net.minecraftforge.fml.loading.targets.CommonClientLaunchHandler.lambda$makeService$0(CommonClientLaunchHandler.java:25) ~[fmlloader-1.20.1-47.2.0.jar:?]
		at cpw.mods.modlauncher.LaunchServiceHandlerDecorator.launch(LaunchServiceHandlerDecorator.java:30) ~[modlauncher-10.0.9.jar:?]
		at cpw.mods.modlauncher.LaunchServiceHandler.launch(LaunchServiceHandler.java:53) ~[modlauncher-10.0.9.jar:?]
		at cpw.mods.modlauncher.LaunchServiceHandler.launch(LaunchServiceHandler.java:71) ~[modlauncher-10.0.9.jar:?]
		at cpw.mods.modlauncher.Launcher.run(Launcher.java:108) ~[modlauncher-10.0.9.jar:?]
		at cpw.mods.modlauncher.Launcher.main(Launcher.java:78) ~[modlauncher-10.0.9.jar:?]
		at cpw.mods.modlauncher.BootstrapLaunchConsumer.accept(BootstrapLaunchConsumer.java:26) ~[modlauncher-10.0.9.jar:?]
		at cpw.mods.modlauncher.BootstrapLaunchConsumer.accept(BootstrapLaunchConsumer.java:23) ~[modlauncher-10.0.9.jar:?]
		at cpw.mods.bootstraplauncher.BootstrapLauncher.main(BootstrapLauncher.java:141) ~[bootstraplauncher-1.1.2.jar:?]
		at jdk.internal.reflect.NativeMethodAccessorImpl.invoke0(Native Method) ~[?:?]
		at jdk.internal.reflect.NativeMethodAccessorImpl.invoke(NativeMethodAccessorImpl.java:77) ~[?:?]
		at jdk.internal.reflect.DelegatingMethodAccessorImpl.invoke(DelegatingMethodAccessorImpl.java:43) ~[?:?]
		at java.lang.reflect.Method.invoke(Method.java:568) ~[?:?]
		at io.github.zekerzhayard.forgewrapper.installer.Main.main(Main.java:67) ~[?:?]
		at org.prismlauncher.launcher.impl.StandardLauncher.launch(StandardLauncher.java:105) ~[?:?]
		at org.prismlauncher.EntryPoint.listen(EntryPoint.java:129) ~[?:?]
		at org.prismlauncher.EntryPoint.main(EntryPoint.java:70) ~[?:?]
	Suppressed: java.lang.IllegalStateException: Unreferenced key: ResourceKey[minecraft:worldgen/biome / betternether:flooded_deltas]
		at net.minecraft.core.RegistrySetBuilder$BuildState.m_255228_(RegistrySetBuilder.java:126) ~[client-1.20.1-20230612.114412-srg.jar%23794!/:?]
		at net.minecraft.core.RegistrySetBuilder.m_255144_(RegistrySetBuilder.java:61) ~[client-1.20.1-20230612.114412-srg.jar%23794!/:?]
		at net.minecraft.data.registries.VanillaRegistries.m_255371_(VanillaRegistries.java:72) ~[client-1.20.1-20230612.114412-srg.jar%23794!/:?]
		at jeresources.api.util.BiomeHelper.getBiome(BiomeHelper.java:20) ~[JustEnoughResources-1.20.1-1.4.0.247.jar%23635!/:1.4.0.247]
		at jeresources.api.restrictions.BiomeRestriction.<init>(BiomeRestriction.java:46) ~[JustEnoughResources-1.20.1-1.4.0.247.jar%23635!/:1.4.0.247]
		at jeresources.api.restrictions.BiomeRestriction.<clinit>(BiomeRestriction.java:19) ~[JustEnoughResources-1.20.1-1.4.0.247.jar%23635!/:1.4.0.247]
		at jeresources.api.restrictions.Restriction.<init>(Restriction.java:23) ~[JustEnoughResources-1.20.1-1.4.0.247.jar%23635!/:1.4.0.247]
		at jeresources.api.restrictions.Restriction.<clinit>(Restriction.java:6) ~[JustEnoughResources-1.20.1-1.4.0.247.jar%23635!/:1.4.0.247]
		at jeresources.compatibility.minecraft.MinecraftCompat.registerOres(MinecraftCompat.java:67) ~[JustEnoughResources-1.20.1-1.4.0.247.jar%23635!/:1.4.0.247]
		at jeresources.compatibility.minecraft.MinecraftCompat.init(MinecraftCompat.java:37) ~[JustEnoughResources-1.20.1-1.4.0.247.jar%23635!/:1.4.0.247]
		at jeresources.compatibility.Compatibility.init(Compatibility.java:27) ~[JustEnoughResources-1.20.1-1.4.0.247.jar%23635!/:1.4.0.247]
		at jeresources.proxy.CommonProxy.initCompatibility(CommonProxy.java:14) ~[JustEnoughResources-1.20.1-1.4.0.247.jar%23635!/:1.4.0.247]
		at jeresources.jei.JEIConfig.registerCategories(JEIConfig.java:98) ~[JustEnoughResources-1.20.1-1.4.0.247.jar%23635!/:1.4.0.247]
		at mezz.jei.library.load.PluginLoader.lambda$createRecipeCategories$5(PluginLoader.java:119) ~[jei-1.20.1-forge-15.20.0.104.jar%23630!/:15.20.0.104]
		at mezz.jei.library.load.PluginCaller.callOnPlugins(PluginCaller.java:25) ~[jei-1.20.1-forge-15.20.0.104.jar%23630!/:15.20.0.104]
		at mezz.jei.library.load.PluginLoader.createRecipeCategories(PluginLoader.java:119) ~[jei-1.20.1-forge-15.20.0.104.jar%23630!/:15.20.0.104]
		at mezz.jei.library.load.PluginLoader.createRecipeManager(PluginLoader.java:154) ~[jei-1.20.1-forge-15.20.0.104.jar%23630!/:15.20.0.104]
		at mezz.jei.library.startup.JeiStarter.start(JeiStarter.java:115) ~[jei-1.20.1-forge-15.20.0.104.jar%23630!/:15.20.0.104]
		at mezz.jei.forge.startup.StartEventObserver.transitionState(StartEventObserver.java:130) ~[jei-1.20.1-forge-15.20.0.104.jar%23630!/:15.20.0.104]
		at mezz.jei.forge.startup.StartEventObserver.onEvent(StartEventObserver.java:98) ~[jei-1.20.1-forge-15.20.0.104.jar%23630!/:15.20.0.104]
		at net.minecraftforge.eventbus.EventBus.doCastFilter(EventBus.java:260) ~[eventbus-6.0.5.jar%23137!/:?]
		at net.minecraftforge.eventbus.EventBus.lambda$addListener$11(EventBus.java:252) ~[eventbus-6.0.5.jar%23137!/:?]
		at net.minecraftforge.eventbus.EventBus.post(EventBus.java:315) ~[eventbus-6.0.5.jar%23137!/:?]
		at net.minecraftforge.eventbus.EventBus.post(EventBus.java:296) ~[eventbus-6.0.5.jar%23137!/:?]
		at net.minecraft.client.multiplayer.ClientPacketListener.m_5859_(ClientPacketListener.java:1451) ~[client-1.20.1-20230612.114412-srg.jar%23794!/:?]
		at net.minecraft.network.protocol.game.ClientboundUpdateTagsPacket.m_5797_(ClientboundUpdateTagsPacket.java:35) ~[client-1.20.1-20230612.114412-srg.jar%23794!/:?]
		at net.minecraft.network.protocol.game.ClientboundUpdateTagsPacket.m_5797_(ClientboundUpdateTagsPacket.java:11) ~[client-1.20.1-20230612.114412-srg.jar%23794!/:?]
		at net.minecraft.network.protocol.PacketUtils.m_263899_(PacketUtils.java:22) ~[client-1.20.1-20230612.114412-srg.jar%23794!/:?]
		at net.minecraft.util.thread.BlockableEventLoop.m_6367_(BlockableEventLoop.java:156) ~[client-1.20.1-20230612.114412-srg.jar%23794!/:?]
		at net.minecraft.util.thread.ReentrantBlockableEventLoop.m_6367_(ReentrantBlockableEventLoop.java:23) ~[client-1.20.1-20230612.114412-srg.jar%23794!/:?]
		at net.minecraft.util.thread.BlockableEventLoop.m_7245_(BlockableEventLoop.java:130) ~[client-1.20.1-20230612.114412-srg.jar%23794!/:?]
		at net.minecraft.util.thread.BlockableEventLoop.m_18699_(BlockableEventLoop.java:115) ~[client-1.20.1-20230612.114412-srg.jar%23794!/:?]
		at net.minecraft.client.Minecraft.m_91383_(Minecraft.java:1106) ~[client-1.20.1-20230612.114412-srg.jar%23794!/:?]
		at net.minecraft.client.Minecraft.m_91374_(Minecraft.java:718) ~[client-1.20.1-20230612.114412-srg.jar%23794!/:?]
		at net.minecraft.client.main.Main.main(Main.java:218) ~[minecraft-1.20.1-client.jar:?]
		at jdk.internal.reflect.NativeMethodAccessorImpl.invoke0(Native Method) ~[?:?]
		at jdk.internal.reflect.NativeMethodAccessorImpl.invoke(NativeMethodAccessorImpl.java:77) ~[?:?]
		at jdk.internal.reflect.DelegatingMethodAccessorImpl.invoke(DelegatingMethodAccessorImpl.java:43) ~[?:?]
		at java.lang.reflect.Method.invoke(Method.java:568) ~[?:?]
		at net.minecraftforge.fml.loading.targets.CommonLaunchHandler.runTarget(CommonLaunchHandler.java:111) ~[fmlloader-1.20.1-47.2.0.jar:?]
		at net.minecraftforge.fml.loading.targets.CommonLaunchHandler.clientService(CommonLaunchHandler.java:99) ~[fmlloader-1.20.1-47.2.0.jar:?]
		at net.minecraftforge.fml.loading.targets.CommonClientLaunchHandler.lambda$makeService$0(CommonClientLaunchHandler.java:25) ~[fmlloader-1.20.1-47.2.0.jar:?]
		at cpw.mods.modlauncher.LaunchServiceHandlerDecorator.launch(LaunchServiceHandlerDecorator.java:30) ~[modlauncher-10.0.9.jar:?]
		at cpw.mods.modlauncher.LaunchServiceHandler.launch(LaunchServiceHandler.java:53) ~[modlauncher-10.0.9.jar:?]
		at cpw.mods.modlauncher.LaunchServiceHandler.launch(LaunchServiceHandler.java:71) ~[modlauncher-10.0.9.jar:?]
		at cpw.mods.modlauncher.Launcher.run(Launcher.java:108) ~[modlauncher-10.0.9.jar:?]
		at cpw.mods.modlauncher.Launcher.main(Launcher.java:78) ~[modlauncher-10.0.9.jar:?]
		at cpw.mods.modlauncher.BootstrapLaunchConsumer.accept(BootstrapLaunchConsumer.java:26) ~[modlauncher-10.0.9.jar:?]
		at cpw.mods.modlauncher.BootstrapLaunchConsumer.accept(BootstrapLaunchConsumer.java:23) ~[modlauncher-10.0.9.jar:?]
		at cpw.mods.bootstraplauncher.BootstrapLauncher.main(BootstrapLauncher.java:141) ~[bootstraplauncher-1.1.2.jar:?]
		at jdk.internal.reflect.NativeMethodAccessorImpl.invoke0(Native Method) ~[?:?]
		at jdk.internal.reflect.NativeMethodAccessorImpl.invoke(NativeMethodAccessorImpl.java:77) ~[?:?]
		at jdk.internal.reflect.DelegatingMethodAccessorImpl.invoke(DelegatingMethodAccessorImpl.java:43) ~[?:?]
		at java.lang.reflect.Method.invoke(Method.java:568) ~[?:?]
		at io.github.zekerzhayard.forgewrapper.installer.Main.main(Main.java:67) ~[?:?]
		at org.prismlauncher.launcher.impl.StandardLauncher.launch(StandardLauncher.java:105) ~[?:?]
		at org.prismlauncher.EntryPoint.listen(EntryPoint.java:129) ~[?:?]
		at org.prismlauncher.EntryPoint.main(EntryPoint.java:70) ~[?:?]
[18Nov2024 19:16:54.309] [Render thread/INFO] [mezz.jei.library.load.PluginCallerTimerRunnable/]: Registering categories: mekanism:jei_plugin took 24.38 milliseconds
[18Nov2024 19:16:54.325] [Render thread/INFO] [mezz.jei.library.load.PluginCallerTimerRunnable/]: Registering categories: pneumaticcraft:default took 13.49 milliseconds
[18Nov2024 19:16:54.355] [Render thread/INFO] [mezz.jei.library.load.PluginCallerTimerRunnable/]: Registering categories: thermal:expansion took 11.21 milliseconds
[18Nov2024 19:16:54.384] [Render thread/INFO] [mezz.jei.library.load.PluginCallerTimerRunnable/]: Registering categories: create:jei_plugin took 29.00 milliseconds
[18Nov2024 19:16:54.407] [Render thread/INFO] [mezz.jei.library.load.PluginCaller/]: Registering categories took 368.5 ms
[18Nov2024 19:16:54.408] [Render thread/INFO] [mezz.jei.library.load.PluginCaller/]: Registering vanilla category extensions...
[18Nov2024 19:16:54.414] [Render thread/INFO] [mezz.jei.library.load.PluginCaller/]: Registering vanilla category extensions took 5.408 ms
[18Nov2024 19:16:54.414] [Render thread/INFO] [mezz.jei.library.load.PluginCaller/]: Registering recipe catalysts...
[18Nov2024 19:16:54.430] [Render thread/INFO] [mezz.jei.library.load.PluginCaller/]: Registering recipe catalysts took 15.63 ms
[18Nov2024 19:16:54.431] [Render thread/INFO] [mezz.jei.core.util.LoggedTimer/]: Building recipe registry...
[18Nov2024 19:16:54.441] [Render thread/INFO] [mezz.jei.core.util.LoggedTimer/]: Building recipe registry took 10.51 ms
[18Nov2024 19:16:54.442] [Render thread/INFO] [mezz.jei.library.load.PluginCaller/]: Registering advanced plugins...
[18Nov2024 19:16:54.442] [Render thread/INFO] [mezz.jei.library.load.registration.AdvancedRegistration/]: Added recipe category decorator: class com.almostreliable.unified.compat.AlmostJEI$Decorator for recipe type: minecraft:crafting
[18Nov2024 19:16:54.442] [Render thread/INFO] [mezz.jei.library.load.registration.AdvancedRegistration/]: Added recipe category decorator: class com.almostreliable.unified.compat.AlmostJEI$Decorator for recipe type: minecraft:stonecutting
[18Nov2024 19:16:54.442] [Render thread/INFO] [mezz.jei.library.load.registration.AdvancedRegistration/]: Added recipe category decorator: class com.almostreliable.unified.compat.AlmostJEI$Decorator for recipe type: minecraft:furnace
[18Nov2024 19:16:54.442] [Render thread/INFO] [mezz.jei.library.load.registration.AdvancedRegistration/]: Added recipe category decorator: class com.almostreliable.unified.compat.AlmostJEI$Decorator for recipe type: minecraft:smoking
[18Nov2024 19:16:54.442] [Render thread/INFO] [mezz.jei.library.load.registration.AdvancedRegistration/]: Added recipe category decorator: class com.almostreliable.unified.compat.AlmostJEI$Decorator for recipe type: minecraft:blasting
[18Nov2024 19:16:54.442] [Render thread/INFO] [mezz.jei.library.load.registration.AdvancedRegistration/]: Added recipe category decorator: class com.almostreliable.unified.compat.AlmostJEI$Decorator for recipe type: minecraft:campfire
[18Nov2024 19:16:54.442] [Render thread/INFO] [mezz.jei.library.load.registration.AdvancedRegistration/]: Added recipe category decorator: class com.almostreliable.unified.compat.AlmostJEI$Decorator for recipe type: minecraft:smithing
[18Nov2024 19:16:54.442] [Render thread/INFO] [mezz.jei.library.load.registration.AdvancedRegistration/]: Added recipe category decorator: class com.almostreliable.unified.compat.AlmostJEI$Decorator for recipe type: minecraft:compostable
[18Nov2024 19:16:54.442] [Render thread/INFO] [mezz.jei.library.load.registration.AdvancedRegistration/]: Added recipe category decorator: class com.almostreliable.unified.compat.AlmostJEI$Decorator for recipe type: minecraft:fuel
[18Nov2024 19:16:54.442] [Render thread/INFO] [mezz.jei.library.load.registration.AdvancedRegistration/]: Added recipe category decorator: class com.almostreliable.unified.compat.AlmostJEI$Decorator for recipe type: minecraft:brewing
[18Nov2024 19:16:54.442] [Render thread/INFO] [mezz.jei.library.load.registration.AdvancedRegistration/]: Added recipe category decorator: class com.almostreliable.unified.compat.AlmostJEI$Decorator for recipe type: minecraft:anvil
[18Nov2024 19:16:54.442] [Render thread/INFO] [mezz.jei.library.load.registration.AdvancedRegistration/]: Added recipe category decorator: class com.almostreliable.unified.compat.AlmostJEI$Decorator for recipe type: hammerlib:test_machine
[18Nov2024 19:16:54.442] [Render thread/INFO] [mezz.jei.library.load.registration.AdvancedRegistration/]: Added recipe category decorator: class com.almostreliable.unified.compat.AlmostJEI$Decorator for recipe type: apotheosis:spawner_modifiers
[18Nov2024 19:16:54.442] [Render thread/INFO] [mezz.jei.library.load.registration.AdvancedRegistration/]: Added recipe category decorator: class com.almostreliable.unified.compat.AlmostJEI$Decorator for recipe type: apotheosis:enchanting
[18Nov2024 19:16:54.442] [Render thread/INFO] [mezz.jei.library.load.registration.AdvancedRegistration/]: Added recipe category decorator: class com.almostreliable.unified.compat.AlmostJEI$Decorator for recipe type: industrialforegoing:bioreactor
[18Nov2024 19:16:54.442] [Render thread/INFO] [mezz.jei.library.load.registration.AdvancedRegistration/]: Added recipe category decorator: class com.almostreliable.unified.compat.AlmostJEI$Decorator for recipe type: industrialforegoing:fluid_extractor
[18Nov2024 19:16:54.442] [Render thread/INFO] [mezz.jei.library.load.registration.AdvancedRegistration/]: Added recipe category decorator: class com.almostreliable.unified.compat.AlmostJEI$Decorator for recipe type: industrialforegoing:dissolution
[18Nov2024 19:16:54.442] [Render thread/INFO] [mezz.jei.library.load.registration.AdvancedRegistration/]: Added recipe category decorator: class com.almostreliable.unified.compat.AlmostJEI$Decorator for recipe type: industrialforegoing:laser_ore
[18Nov2024 19:16:54.442] [Render thread/INFO] [mezz.jei.library.load.registration.AdvancedRegistration/]: Added recipe category decorator: class com.almostreliable.unified.compat.AlmostJEI$Decorator for recipe type: industrialforegoing:laser_fluid
[18Nov2024 19:16:54.442] [Render thread/INFO] [mezz.jei.library.load.registration.AdvancedRegistration/]: Added recipe category decorator: class com.almostreliable.unified.compat.AlmostJEI$Decorator for recipe type: industrialforegoing:mycelial_furnace
[18Nov2024 19:16:54.443] [Render thread/INFO] [mezz.jei.library.load.registration.AdvancedRegistration/]: Added recipe category decorator: class com.almostreliable.unified.compat.AlmostJEI$Decorator for recipe type: industrialforegoing:mycelial_slimey
[18Nov2024 19:16:54.443] [Render thread/INFO] [mezz.jei.library.load.registration.AdvancedRegistration/]: Added recipe category decorator: class com.almostreliable.unified.compat.AlmostJEI$Decorator for recipe type: industrialforegoing:mycelial_culinary
[18Nov2024 19:16:54.443] [Render thread/INFO] [mezz.jei.library.load.registration.AdvancedRegistration/]: Added recipe category decorator: class com.almostreliable.unified.compat.AlmostJEI$Decorator for recipe type: industrialforegoing:mycelial_potion
[18Nov2024 19:16:54.443] [Render thread/INFO] [mezz.jei.library.load.registration.AdvancedRegistration/]: Added recipe category decorator: class com.almostreliable.unified.compat.AlmostJEI$Decorator for recipe type: industrialforegoing:mycelial_disenchantment
[18Nov2024 19:16:54.443] [Render thread/INFO] [mezz.jei.library.load.registration.AdvancedRegistration/]: Added recipe category decorator: class com.almostreliable.unified.compat.AlmostJEI$Decorator for recipe type: industrialforegoing:mycelial_ender
[18Nov2024 19:16:54.443] [Render thread/INFO] [mezz.jei.library.load.registration.AdvancedRegistration/]: Added recipe category decorator: class com.almostreliable.unified.compat.AlmostJEI$Decorator for recipe type: industrialforegoing:mycelial_explosive
[18Nov2024 19:16:54.443] [Render thread/INFO] [mezz.jei.library.load.registration.AdvancedRegistration/]: Added recipe category decorator: class com.almostreliable.unified.compat.AlmostJEI$Decorator for recipe type: industrialforegoing:mycelial_frosty
[18Nov2024 19:16:54.443] [Render thread/INFO] [mezz.jei.library.load.registration.AdvancedRegistration/]: Added recipe category decorator: class com.almostreliable.unified.compat.AlmostJEI$Decorator for recipe type: industrialforegoing:mycelial_halitosis
[18Nov2024 19:16:54.443] [Render thread/INFO] [mezz.jei.library.load.registration.AdvancedRegistration/]: Added recipe category decorator: class com.almostreliable.unified.compat.AlmostJEI$Decorator for recipe type: industrialforegoing:mycelial_magma
[18Nov2024 19:16:54.443] [Render thread/INFO] [mezz.jei.library.load.registration.AdvancedRegistration/]: Added recipe category decorator: class com.almostreliable.unified.compat.AlmostJEI$Decorator for recipe type: industrialforegoing:mycelial_pink
[18Nov2024 19:16:54.443] [Render thread/INFO] [mezz.jei.library.load.registration.AdvancedRegistration/]: Added recipe category decorator: class com.almostreliable.unified.compat.AlmostJEI$Decorator for recipe type: industrialforegoing:mycelial_netherstar
[18Nov2024 19:16:54.443] [Render thread/INFO] [mezz.jei.library.load.registration.AdvancedRegistration/]: Added recipe category decorator: class com.almostreliable.unified.compat.AlmostJEI$Decorator for recipe type: industrialforegoing:mycelial_death
[18Nov2024 19:16:54.443] [Render thread/INFO] [mezz.jei.library.load.registration.AdvancedRegistration/]: Added recipe category decorator: class com.almostreliable.unified.compat.AlmostJEI$Decorator for recipe type: industrialforegoing:mycelial_rocket
[18Nov2024 19:16:54.443] [Render thread/INFO] [mezz.jei.library.load.registration.AdvancedRegistration/]: Added recipe category decorator: class com.almostreliable.unified.compat.AlmostJEI$Decorator for recipe type: industrialforegoing:mycelial_crimed
[18Nov2024 19:16:54.443] [Render thread/INFO] [mezz.jei.library.load.registration.AdvancedRegistration/]: Added recipe category decorator: class com.almostreliable.unified.compat.AlmostJEI$Decorator for recipe type: industrialforegoing:mycelial_meatallurgic
[18Nov2024 19:16:54.443] [Render thread/INFO] [mezz.jei.library.load.registration.AdvancedRegistration/]: Added recipe category decorator: class com.almostreliable.unified.compat.AlmostJEI$Decorator for recipe type: industrialforegoing:stone_work
[18Nov2024 19:16:54.443] [Render thread/INFO] [mezz.jei.library.load.registration.AdvancedRegistration/]: Added recipe category decorator: class com.almostreliable.unified.compat.AlmostJEI$Decorator for recipe type: industrialforegoing:machine_produce
[18Nov2024 19:16:54.443] [Render thread/INFO] [mezz.jei.library.load.registration.AdvancedRegistration/]: Added recipe category decorator: class com.almostreliable.unified.compat.AlmostJEI$Decorator for recipe type: industrialforegoing:stone_work_generator
[18Nov2024 19:16:54.443] [Render thread/INFO] [mezz.jei.library.load.registration.AdvancedRegistration/]: Added recipe category decorator: class com.almostreliable.unified.compat.AlmostJEI$Decorator for recipe type: industrialforegoing:ore_washer
[18Nov2024 19:16:54.443] [Render thread/INFO] [mezz.jei.library.load.registration.AdvancedRegistration/]: Added recipe category decorator: class com.almostreliable.unified.compat.AlmostJEI$Decorator for recipe type: industrialforegoing:fermenter
[18Nov2024 19:16:54.443] [Render thread/INFO] [mezz.jei.library.load.registration.AdvancedRegistration/]: Added recipe category decorator: class com.almostreliable.unified.compat.AlmostJEI$Decorator for recipe type: industrialforegoing:ore_sieve
[18Nov2024 19:16:54.443] [Render thread/INFO] [mezz.jei.library.load.registration.AdvancedRegistration/]: Added recipe category decorator: class com.almostreliable.unified.compat.AlmostJEI$Decorator for recipe type: botania:pure_daisy
[18Nov2024 19:16:54.443] [Render thread/INFO] [mezz.jei.library.load.registration.AdvancedRegistration/]: Added recipe category decorator: class com.almostreliable.unified.compat.AlmostJEI$Decorator for recipe type: botania:mana_pool
[18Nov2024 19:16:54.443] [Render thread/INFO] [mezz.jei.library.load.registration.AdvancedRegistration/]: Added recipe category decorator: class com.almostreliable.unified.compat.AlmostJEI$Decorator for recipe type: botania:petals
[18Nov2024 19:16:54.443] [Render thread/INFO] [mezz.jei.library.load.registration.AdvancedRegistration/]: Added recipe category decorator: class com.almostreliable.unified.compat.AlmostJEI$Decorator for recipe type: botania:runic_altar
[18Nov2024 19:16:54.443] [Render thread/INFO] [mezz.jei.library.load.registration.AdvancedRegistration/]: Added recipe category decorator: class com.almostreliable.unified.compat.AlmostJEI$Decorator for recipe type: botania:elven_trade
[18Nov2024 19:16:54.443] [Render thread/INFO] [mezz.jei.library.load.registration.AdvancedRegistration/]: Added recipe category decorator: class com.almostreliable.unified.compat.AlmostJEI$Decorator for recipe type: botania:brewery
[18Nov2024 19:16:54.443] [Render thread/INFO] [mezz.jei.library.load.registration.AdvancedRegistration/]: Added recipe category decorator: class com.almostreliable.unified.compat.AlmostJEI$Decorator for recipe type: botania:orechid
[18Nov2024 19:16:54.443] [Render thread/INFO] [mezz.jei.library.load.registration.AdvancedRegistration/]: Added recipe category decorator: class com.almostreliable.unified.compat.AlmostJEI$Decorator for recipe type: botania:orechid_ignem
[18Nov2024 19:16:54.443] [Render thread/INFO] [mezz.jei.library.load.registration.AdvancedRegistration/]: Added recipe category decorator: class com.almostreliable.unified.compat.AlmostJEI$Decorator for recipe type: botania:marimorphosis
[18Nov2024 19:16:54.443] [Render thread/INFO] [mezz.jei.library.load.registration.AdvancedRegistration/]: Added recipe category decorator: class com.almostreliable.unified.compat.AlmostJEI$Decorator for recipe type: botania:terra_plate
[18Nov2024 19:16:54.443] [Render thread/INFO] [mezz.jei.library.load.registration.AdvancedRegistration/]: Added recipe category decorator: class com.almostreliable.unified.compat.AlmostJEI$Decorator for recipe type: advgenerators:turbine_fuels
[18Nov2024 19:16:54.443] [Render thread/INFO] [mezz.jei.library.load.registration.AdvancedRegistration/]: Added recipe category decorator: class com.almostreliable.unified.compat.AlmostJEI$Decorator for recipe type: advgenerators:turbine_steam
[18Nov2024 19:16:54.443] [Render thread/INFO] [mezz.jei.library.load.registration.AdvancedRegistration/]: Added recipe category decorator: class com.almostreliable.unified.compat.AlmostJEI$Decorator for recipe type: advgenerators:syngas_conversion
[18Nov2024 19:16:54.443] [Render thread/INFO] [mezz.jei.library.load.registration.AdvancedRegistration/]: Added recipe category decorator: class com.almostreliable.unified.compat.AlmostJEI$Decorator for recipe type: advgenerators:upgrade
[18Nov2024 19:16:54.443] [Render thread/INFO] [mezz.jei.library.load.registration.AdvancedRegistration/]: Added recipe category decorator: class com.almostreliable.unified.compat.AlmostJEI$Decorator for recipe type: advgenerators:exchanger_heating
[18Nov2024 19:16:54.443] [Render thread/INFO] [mezz.jei.library.load.registration.AdvancedRegistration/]: Added recipe category decorator: class com.almostreliable.unified.compat.AlmostJEI$Decorator for recipe type: advgenerators:exchanger_cooling
[18Nov2024 19:16:54.443] [Render thread/INFO] [mezz.jei.library.load.registration.AdvancedRegistration/]: Added recipe category decorator: class com.almostreliable.unified.compat.AlmostJEI$Decorator for recipe type: rechiseled:chiseling
[18Nov2024 19:16:54.443] [Render thread/INFO] [mezz.jei.library.load.registration.AdvancedRegistration/]: Added recipe category decorator: class com.almostreliable.unified.compat.AlmostJEI$Decorator for recipe type: botanypots:soil
[18Nov2024 19:16:54.443] [Render thread/INFO] [mezz.jei.library.load.registration.AdvancedRegistration/]: Added recipe category decorator: class com.almostreliable.unified.compat.AlmostJEI$Decorator for recipe type: botanypots:crop
[18Nov2024 19:16:54.443] [Render thread/INFO] [mezz.jei.library.load.registration.AdvancedRegistration/]: Added recipe category decorator: class com.almostreliable.unified.compat.AlmostJEI$Decorator for recipe type: mythicbotany:infuser
[18Nov2024 19:16:54.443] [Render thread/INFO] [mezz.jei.library.load.registration.AdvancedRegistration/]: Added recipe category decorator: class com.almostreliable.unified.compat.AlmostJEI$Decorator for recipe type: mythicbotany:rune_ritual
[18Nov2024 19:16:54.443] [Render thread/INFO] [mezz.jei.library.load.registration.AdvancedRegistration/]: Added recipe category decorator: class com.almostreliable.unified.compat.AlmostJEI$Decorator for recipe type: justenoughbreeding:breeding
[18Nov2024 19:16:54.443] [Render thread/INFO] [mezz.jei.library.load.registration.AdvancedRegistration/]: Added recipe category decorator: class com.almostreliable.unified.compat.AlmostJEI$Decorator for recipe type: molecular_metamorphosis:experienceobelisk
[18Nov2024 19:16:54.443] [Render thread/INFO] [mezz.jei.library.load.registration.AdvancedRegistration/]: Added recipe category decorator: class com.almostreliable.unified.compat.AlmostJEI$Decorator for recipe type: occultism:spirit_fire
[18Nov2024 19:16:54.443] [Render thread/INFO] [mezz.jei.library.load.registration.AdvancedRegistration/]: Added recipe category decorator: class com.almostreliable.unified.compat.AlmostJEI$Decorator for recipe type: occultism:crushing
[18Nov2024 19:16:54.443] [Render thread/INFO] [mezz.jei.library.load.registration.AdvancedRegistration/]: Added recipe category decorator: class com.almostreliable.unified.compat.AlmostJEI$Decorator for recipe type: occultism:miner
[18Nov2024 19:16:54.443] [Render thread/INFO] [mezz.jei.library.load.registration.AdvancedRegistration/]: Added recipe category decorator: class com.almostreliable.unified.compat.AlmostJEI$Decorator for recipe type: occultism:ritual
[18Nov2024 19:16:54.443] [Render thread/INFO] [mezz.jei.library.load.registration.AdvancedRegistration/]: Added recipe category decorator: class com.almostreliable.unified.compat.AlmostJEI$Decorator for recipe type: chipped:botanist_workbench
[18Nov2024 19:16:54.443] [Render thread/INFO] [mezz.jei.library.load.registration.AdvancedRegistration/]: Added recipe category decorator: class com.almostreliable.unified.compat.AlmostJEI$Decorator for recipe type: chipped:glassblower
[18Nov2024 19:16:54.443] [Render thread/INFO] [mezz.jei.library.load.registration.AdvancedRegistration/]: Added recipe category decorator: class com.almostreliable.unified.compat.AlmostJEI$Decorator for recipe type: chipped:carpenters_table
[18Nov2024 19:16:54.443] [Render thread/INFO] [mezz.jei.library.load.registration.AdvancedRegistration/]: Added recipe category decorator: class com.almostreliable.unified.compat.AlmostJEI$Decorator for recipe type: chipped:loom_table
[18Nov2024 19:16:54.443] [Render thread/INFO] [mezz.jei.library.load.registration.AdvancedRegistration/]: Added recipe category decorator: class com.almostreliable.unified.compat.AlmostJEI$Decorator for recipe type: chipped:mason_table
[18Nov2024 19:16:54.443] [Render thread/INFO] [mezz.jei.library.load.registration.AdvancedRegistration/]: Added recipe category decorator: class com.almostreliable.unified.compat.AlmostJEI$Decorator for recipe type: chipped:alchemy_bench
[18Nov2024 19:16:54.443] [Render thread/INFO] [mezz.jei.library.load.registration.AdvancedRegistration/]: Added recipe category decorator: class com.almostreliable.unified.compat.AlmostJEI$Decorator for recipe type: chipped:tinkering_table
[18Nov2024 19:16:54.443] [Render thread/INFO] [mezz.jei.library.load.registration.AdvancedRegistration/]: Added recipe category decorator: class com.almostreliable.unified.compat.AlmostJEI$Decorator for recipe type: hostilenetworks:sim_chamber
[18Nov2024 19:16:54.443] [Render thread/INFO] [mezz.jei.library.load.registration.AdvancedRegistration/]: Added recipe category decorator: class com.almostreliable.unified.compat.AlmostJEI$Decorator for recipe type: hostilenetworks:loot_fabricator
[18Nov2024 19:16:54.443] [Render thread/INFO] [mezz.jei.library.load.registration.AdvancedRegistration/]: Added recipe category decorator: class com.almostreliable.unified.compat.AlmostJEI$Decorator for recipe type: cataclysm:weapon_infusion
[18Nov2024 19:16:54.443] [Render thread/INFO] [mezz.jei.library.load.registration.AdvancedRegistration/]: Added recipe category decorator: class com.almostreliable.unified.compat.AlmostJEI$Decorator for recipe type: cataclysm:altar_of_amethyst
[18Nov2024 19:16:54.443] [Render thread/INFO] [mezz.jei.library.load.registration.AdvancedRegistration/]: Added recipe category decorator: class com.almostreliable.unified.compat.AlmostJEI$Decorator for recipe type: enderio:alloy_smelting
[18Nov2024 19:16:54.443] [Render thread/INFO] [mezz.jei.library.load.registration.AdvancedRegistration/]: Added recipe category decorator: class com.almostreliable.unified.compat.AlmostJEI$Decorator for recipe type: enderio:enchanter
[18Nov2024 19:16:54.443] [Render thread/INFO] [mezz.jei.library.load.registration.AdvancedRegistration/]: Added recipe category decorator: class com.almostreliable.unified.compat.AlmostJEI$Decorator for recipe type: enderio:primitive_alloy_smelting
[18Nov2024 19:16:54.443] [Render thread/INFO] [mezz.jei.library.load.registration.AdvancedRegistration/]: Added recipe category decorator: class com.almostreliable.unified.compat.AlmostJEI$Decorator for recipe type: enderio:sagmilling
[18Nov2024 19:16:54.443] [Render thread/INFO] [mezz.jei.library.load.registration.AdvancedRegistration/]: Added recipe category decorator: class com.almostreliable.unified.compat.AlmostJEI$Decorator for recipe type: enderio:slicing
[18Nov2024 19:16:54.443] [Render thread/INFO] [mezz.jei.library.load.registration.AdvancedRegistration/]: Added recipe category decorator: class com.almostreliable.unified.compat.AlmostJEI$Decorator for recipe type: enderio:soul_binding
[18Nov2024 19:16:54.443] [Render thread/INFO] [mezz.jei.library.load.registration.AdvancedRegistration/]: Added recipe category decorator: class com.almostreliable.unified.compat.AlmostJEI$Decorator for recipe type: enderio:tank
[18Nov2024 19:16:54.443] [Render thread/INFO] [mezz.jei.library.load.registration.AdvancedRegistration/]: Added recipe category decorator: class com.almostreliable.unified.compat.AlmostJEI$Decorator for recipe type: enderio:soul_engine
[18Nov2024 19:16:54.443] [Render thread/INFO] [mezz.jei.library.load.registration.AdvancedRegistration/]: Added recipe category decorator: class com.almostreliable.unified.compat.AlmostJEI$Decorator for recipe type: enderio:fire_crafting
[18Nov2024 19:16:54.443] [Render thread/INFO] [mezz.jei.library.load.registration.AdvancedRegistration/]: Added recipe category decorator: class com.almostreliable.unified.compat.AlmostJEI$Decorator for recipe type: shiftedlib:obtainable
[18Nov2024 19:16:54.443] [Render thread/INFO] [mezz.jei.library.load.registration.AdvancedRegistration/]: Added recipe category decorator: class com.almostreliable.unified.compat.AlmostJEI$Decorator for recipe type: shiftedlib:food_stats
[18Nov2024 19:16:54.443] [Render thread/INFO] [mezz.jei.library.load.registration.AdvancedRegistration/]: Added recipe category decorator: class com.almostreliable.unified.compat.AlmostJEI$Decorator for recipe type: reliquary:alkahestry_crafting
[18Nov2024 19:16:54.443] [Render thread/INFO] [mezz.jei.library.load.registration.AdvancedRegistration/]: Added recipe category decorator: class com.almostreliable.unified.compat.AlmostJEI$Decorator for recipe type: reliquary:alkahestry_charging
[18Nov2024 19:16:54.443] [Render thread/INFO] [mezz.jei.library.load.registration.AdvancedRegistration/]: Added recipe category decorator: class com.almostreliable.unified.compat.AlmostJEI$Decorator for recipe type: reliquary:mortar
[18Nov2024 19:16:54.443] [Render thread/INFO] [mezz.jei.library.load.registration.AdvancedRegistration/]: Added recipe category decorator: class com.almostreliable.unified.compat.AlmostJEI$Decorator for recipe type: reliquary:cauldron
[18Nov2024 19:16:54.443] [Render thread/INFO] [mezz.jei.library.load.registration.AdvancedRegistration/]: Added recipe category decorator: class com.almostreliable.unified.compat.AlmostJEI$Decorator for recipe type: reliquary:infernal_tear
[18Nov2024 19:16:54.443] [Render thread/INFO] [mezz.jei.library.load.registration.AdvancedRegistration/]: Added recipe category decorator: class com.almostreliable.unified.compat.AlmostJEI$Decorator for recipe type: fluxnetworks:creating_flux
[18Nov2024 19:16:54.443] [Render thread/INFO] [mezz.jei.library.load.registration.AdvancedRegistration/]: Added recipe category decorator: class com.almostreliable.unified.compat.AlmostJEI$Decorator for recipe type: functionalstorage:dissolution
[18Nov2024 19:16:54.443] [Render thread/INFO] [mezz.jei.library.load.registration.AdvancedRegistration/]: Added recipe category decorator: class com.almostreliable.unified.compat.AlmostJEI$Decorator for recipe type: quarryplus:jei_workbenchplus
[18Nov2024 19:16:54.443] [Render thread/INFO] [mezz.jei.library.load.registration.AdvancedRegistration/]: Added recipe category decorator: class com.almostreliable.unified.compat.AlmostJEI$Decorator for recipe type: quarryplus:quarryplus.enchantmover
[18Nov2024 19:16:54.443] [Render thread/INFO] [mezz.jei.library.load.registration.AdvancedRegistration/]: Added recipe category decorator: class com.almostreliable.unified.compat.AlmostJEI$Decorator for recipe type: irons_spellbooks:arcane_anvil
[18Nov2024 19:16:54.443] [Render thread/INFO] [mezz.jei.library.load.registration.AdvancedRegistration/]: Added recipe category decorator: class com.almostreliable.unified.compat.AlmostJEI$Decorator for recipe type: irons_spellbooks:scroll_forge
[18Nov2024 19:16:54.443] [Render thread/INFO] [mezz.jei.library.load.registration.AdvancedRegistration/]: Added recipe category decorator: class com.almostreliable.unified.compat.AlmostJEI$Decorator for recipe type: irons_spellbooks:alchemist_cauldron
[18Nov2024 19:16:54.443] [Render thread/INFO] [mezz.jei.library.load.registration.AdvancedRegistration/]: Added recipe category decorator: class com.almostreliable.unified.compat.AlmostJEI$Decorator for recipe type: goety:cursed_infuser
[18Nov2024 19:16:54.443] [Render thread/INFO] [mezz.jei.library.load.registration.AdvancedRegistration/]: Added recipe category decorator: class com.almostreliable.unified.compat.AlmostJEI$Decorator for recipe type: goety:ritual
[18Nov2024 19:16:54.443] [Render thread/INFO] [mezz.jei.library.load.registration.AdvancedRegistration/]: Added recipe category decorator: class com.almostreliable.unified.compat.AlmostJEI$Decorator for recipe type: goety:brazier
[18Nov2024 19:16:54.443] [Render thread/INFO] [mezz.jei.library.load.registration.AdvancedRegistration/]: Added recipe category decorator: class com.almostreliable.unified.compat.AlmostJEI$Decorator for recipe type: goety:pulverize
[18Nov2024 19:16:54.443] [Render thread/INFO] [mezz.jei.library.load.registration.AdvancedRegistration/]: Added recipe category decorator: class com.almostreliable.unified.compat.AlmostJEI$Decorator for recipe type: goety:brewing
[18Nov2024 19:16:54.443] [Render thread/INFO] [mezz.jei.library.load.registration.AdvancedRegistration/]: Added recipe category decorator: class com.almostreliable.unified.compat.AlmostJEI$Decorator for recipe type: powah:magmatic
[18Nov2024 19:16:54.443] [Render thread/INFO] [mezz.jei.library.load.registration.AdvancedRegistration/]: Added recipe category decorator: class com.almostreliable.unified.compat.AlmostJEI$Decorator for recipe type: powah:coolant
[18Nov2024 19:16:54.443] [Render thread/INFO] [mezz.jei.library.load.registration.AdvancedRegistration/]: Added recipe category decorator: class com.almostreliable.unified.compat.AlmostJEI$Decorator for recipe type: powah:solid_coolant
[18Nov2024 19:16:54.443] [Render thread/INFO] [mezz.jei.library.load.registration.AdvancedRegistration/]: Added recipe category decorator: class com.almostreliable.unified.compat.AlmostJEI$Decorator for recipe type: powah:heat_source
[18Nov2024 19:16:54.443] [Render thread/INFO] [mezz.jei.library.load.registration.AdvancedRegistration/]: Added recipe category decorator: class com.almostreliable.unified.compat.AlmostJEI$Decorator for recipe type: powah:energizing
[18Nov2024 19:16:54.443] [Render thread/INFO] [mezz.jei.library.load.registration.AdvancedRegistration/]: Added recipe category decorator: class com.almostreliable.unified.compat.AlmostJEI$Decorator for recipe type: jeresources:dungeon
[18Nov2024 19:16:54.443] [Render thread/INFO] [mezz.jei.library.load.registration.AdvancedRegistration/]: Added recipe category decorator: class com.almostreliable.unified.compat.AlmostJEI$Decorator for recipe type: jeresources:enchantment
[18Nov2024 19:16:54.443] [Render thread/INFO] [mezz.jei.library.load.registration.AdvancedRegistration/]: Added recipe category decorator: class com.almostreliable.unified.compat.AlmostJEI$Decorator for recipe type: jeresources:mob
[18Nov2024 19:16:54.443] [Render thread/INFO] [mezz.jei.library.load.registration.AdvancedRegistration/]: Added recipe category decorator: class com.almostreliable.unified.compat.AlmostJEI$Decorator for recipe type: jeresources:plant
[18Nov2024 19:16:54.444] [Render thread/INFO] [mezz.jei.library.load.registration.AdvancedRegistration/]: Added recipe category decorator: class com.almostreliable.unified.compat.AlmostJEI$Decorator for recipe type: jeresources:villager
[18Nov2024 19:16:54.444] [Render thread/INFO] [mezz.jei.library.load.registration.AdvancedRegistration/]: Added recipe category decorator: class com.almostreliable.unified.compat.AlmostJEI$Decorator for recipe type: jeresources:worldgen
[18Nov2024 19:16:54.444] [Render thread/INFO] [mezz.jei.library.load.registration.AdvancedRegistration/]: Added recipe category decorator: class com.almostreliable.unified.compat.AlmostJEI$Decorator for recipe type: celestisynth:starlit_factory
[18Nov2024 19:16:54.444] [Render thread/INFO] [mezz.jei.library.load.registration.AdvancedRegistration/]: Added recipe category decorator: class com.almostreliable.unified.compat.AlmostJEI$Decorator for recipe type: witherproofed:smithing_forge
[18Nov2024 19:16:54.444] [Render thread/INFO] [mezz.jei.library.load.registration.AdvancedRegistration/]: Added recipe category decorator: class com.almostreliable.unified.compat.AlmostJEI$Decorator for recipe type: mekanism:chemical_crystallizer
[18Nov2024 19:16:54.444] [Render thread/INFO] [mezz.jei.library.load.registration.AdvancedRegistration/]: Added recipe category decorator: class com.almostreliable.unified.compat.AlmostJEI$Decorator for recipe type: mekanism:chemical_dissolution_chamber
[18Nov2024 19:16:54.444] [Render thread/INFO] [mezz.jei.library.load.registration.AdvancedRegistration/]: Added recipe category decorator: class com.almostreliable.unified.compat.AlmostJEI$Decorator for recipe type: mekanism:chemical_infuser
[18Nov2024 19:16:54.444] [Render thread/INFO] [mezz.jei.library.load.registration.AdvancedRegistration/]: Added recipe category decorator: class com.almostreliable.unified.compat.AlmostJEI$Decorator for recipe type: mekanism:chemical_washer
[18Nov2024 19:16:54.444] [Render thread/INFO] [mezz.jei.library.load.registration.AdvancedRegistration/]: Added recipe category decorator: class com.almostreliable.unified.compat.AlmostJEI$Decorator for recipe type: mekanism:electrolytic_separator
[18Nov2024 19:16:54.444] [Render thread/INFO] [mezz.jei.library.load.registration.AdvancedRegistration/]: Added recipe category decorator: class com.almostreliable.unified.compat.AlmostJEI$Decorator for recipe type: mekanism:metallurgic_infuser
[18Nov2024 19:16:54.444] [Render thread/INFO] [mezz.jei.library.load.registration.AdvancedRegistration/]: Added recipe category decorator: class com.almostreliable.unified.compat.AlmostJEI$Decorator for recipe type: mekanism:pressurized_reaction_chamber
[18Nov2024 19:16:54.444] [Render thread/INFO] [mezz.jei.library.load.registration.AdvancedRegistration/]: Added recipe category decorator: class com.almostreliable.unified.compat.AlmostJEI$Decorator for recipe type: mekanism:pigment_extractor
[18Nov2024 19:16:54.444] [Render thread/INFO] [mezz.jei.library.load.registration.AdvancedRegistration/]: Added recipe category decorator: class com.almostreliable.unified.compat.AlmostJEI$Decorator for recipe type: mekanism:pigment_mixer
[18Nov2024 19:16:54.444] [Render thread/INFO] [mezz.jei.library.load.registration.AdvancedRegistration/]: Added recipe category decorator: class com.almostreliable.unified.compat.AlmostJEI$Decorator for recipe type: mekanism:painting_machine
[18Nov2024 19:16:54.444] [Render thread/INFO] [mezz.jei.library.load.registration.AdvancedRegistration/]: Added recipe category decorator: class com.almostreliable.unified.compat.AlmostJEI$Decorator for recipe type: mekanism:condensentrating
[18Nov2024 19:16:54.444] [Render thread/INFO] [mezz.jei.library.load.registration.AdvancedRegistration/]: Added recipe category decorator: class com.almostreliable.unified.compat.AlmostJEI$Decorator for recipe type: mekanism:decondensentrating
[18Nov2024 19:16:54.444] [Render thread/INFO] [mezz.jei.library.load.registration.AdvancedRegistration/]: Added recipe category decorator: class com.almostreliable.unified.compat.AlmostJEI$Decorator for recipe type: mekanism:chemical_oxidizer
[18Nov2024 19:16:54.444] [Render thread/INFO] [mezz.jei.library.load.registration.AdvancedRegistration/]: Added recipe category decorator: class com.almostreliable.unified.compat.AlmostJEI$Decorator for recipe type: mekanism:nutritional_liquifier
[18Nov2024 19:16:54.444] [Render thread/INFO] [mezz.jei.library.load.registration.AdvancedRegistration/]: Added recipe category decorator: class com.almostreliable.unified.compat.AlmostJEI$Decorator for recipe type: mekanism:solar_neutron_activator
[18Nov2024 19:16:54.444] [Render thread/INFO] [mezz.jei.library.load.registration.AdvancedRegistration/]: Added recipe category decorator: class com.almostreliable.unified.compat.AlmostJEI$Decorator for recipe type: mekanism:isotopic_centrifuge
[18Nov2024 19:16:54.444] [Render thread/INFO] [mezz.jei.library.load.registration.AdvancedRegistration/]: Added recipe category decorator: class com.almostreliable.unified.compat.AlmostJEI$Decorator for recipe type: mekanism:combiner
[18Nov2024 19:16:54.444] [Render thread/INFO] [mezz.jei.library.load.registration.AdvancedRegistration/]: Added recipe category decorator: class com.almostreliable.unified.compat.AlmostJEI$Decorator for recipe type: mekanism:purification_chamber
[18Nov2024 19:16:54.444] [Render thread/INFO] [mezz.jei.library.load.registration.AdvancedRegistration/]: Added recipe category decorator: class com.almostreliable.unified.compat.AlmostJEI$Decorator for recipe type: mekanism:osmium_compressor
[18Nov2024 19:16:54.444] [Render thread/INFO] [mezz.jei.library.load.registration.AdvancedRegistration/]: Added recipe category decorator: class com.almostreliable.unified.compat.AlmostJEI$Decorator for recipe type: mekanism:chemical_injection_chamber
[18Nov2024 19:16:54.444] [Render thread/INFO] [mezz.jei.library.load.registration.AdvancedRegistration/]: Added recipe category decorator: class com.almostreliable.unified.compat.AlmostJEI$Decorator for recipe type: mekanism:antiprotonic_nucleosynthesizer
[18Nov2024 19:16:54.444] [Render thread/INFO] [mezz.jei.library.load.registration.AdvancedRegistration/]: Added recipe category decorator: class com.almostreliable.unified.compat.AlmostJEI$Decorator for recipe type: mekanism:sps_casing
[18Nov2024 19:16:54.444] [Render thread/INFO] [mezz.jei.library.load.registration.AdvancedRegistration/]: Added recipe category decorator: class com.almostreliable.unified.compat.AlmostJEI$Decorator for recipe type: mekanism:boiler_casing
[18Nov2024 19:16:54.444] [Render thread/INFO] [mezz.jei.library.load.registration.AdvancedRegistration/]: Added recipe category decorator: class com.almostreliable.unified.compat.AlmostJEI$Decorator for recipe type: mekanism:precision_sawmill
[18Nov2024 19:16:54.444] [Render thread/INFO] [mezz.jei.library.load.registration.AdvancedRegistration/]: Added recipe category decorator: class com.almostreliable.unified.compat.AlmostJEI$Decorator for recipe type: mekanism:enrichment_chamber
[18Nov2024 19:16:54.444] [Render thread/INFO] [mezz.jei.library.load.registration.AdvancedRegistration/]: Added recipe category decorator: class com.almostreliable.unified.compat.AlmostJEI$Decorator for recipe type: mekanism:crusher
[18Nov2024 19:16:54.444] [Render thread/INFO] [mezz.jei.library.load.registration.AdvancedRegistration/]: Added recipe category decorator: class com.almostreliable.unified.compat.AlmostJEI$Decorator for recipe type: mekanism:energized_smelter
[18Nov2024 19:16:54.444] [Render thread/INFO] [mezz.jei.library.load.registration.AdvancedRegistration/]: Added recipe category decorator: class com.almostreliable.unified.compat.AlmostJEI$Decorator for recipe type: mekanism:thermal_evaporation_controller
[18Nov2024 19:16:54.444] [Render thread/INFO] [mezz.jei.library.load.registration.AdvancedRegistration/]: Added recipe category decorator: class com.almostreliable.unified.compat.AlmostJEI$Decorator for recipe type: mekanism:energy_conversion
[18Nov2024 19:16:54.444] [Render thread/INFO] [mezz.jei.library.load.registration.AdvancedRegistration/]: Added recipe category decorator: class com.almostreliable.unified.compat.AlmostJEI$Decorator for recipe type: mekanism:gas_conversion
[18Nov2024 19:16:54.444] [Render thread/INFO] [mezz.jei.library.load.registration.AdvancedRegistration/]: Added recipe category decorator: class com.almostreliable.unified.compat.AlmostJEI$Decorator for recipe type: mekanism:infusion_conversion
[18Nov2024 19:16:54.444] [Render thread/INFO] [mezz.jei.library.load.registration.AdvancedRegistration/]: Added recipe category decorator: class com.almostreliable.unified.compat.AlmostJEI$Decorator for recipe type: mekanismgenerators:fission
[18Nov2024 19:16:54.444] [Render thread/INFO] [mezz.jei.library.load.registration.AdvancedRegistration/]: Added recipe category decorator: class com.almostreliable.unified.compat.AlmostJEI$Decorator for recipe type: pneumaticcraft:pressure_chamber
[18Nov2024 19:16:54.444] [Render thread/INFO] [mezz.jei.library.load.registration.AdvancedRegistration/]: Added recipe category decorator: class com.almostreliable.unified.compat.AlmostJEI$Decorator for recipe type: pneumaticcraft:assembly
[18Nov2024 19:16:54.444] [Render thread/INFO] [mezz.jei.library.load.registration.AdvancedRegistration/]: Added recipe category decorator: class com.almostreliable.unified.compat.AlmostJEI$Decorator for recipe type: pneumaticcraft:thermo_plant
[18Nov2024 19:16:54.444] [Render thread/INFO] [mezz.jei.library.load.registration.AdvancedRegistration/]: Added recipe category decorator: class com.almostreliable.unified.compat.AlmostJEI$Decorator for recipe type: pneumaticcraft:refinery
[18Nov2024 19:16:54.444] [Render thread/INFO] [mezz.jei.library.load.registration.AdvancedRegistration/]: Added recipe category decorator: class com.almostreliable.unified.compat.AlmostJEI$Decorator for recipe type: pneumaticcraft:fluid_mixer
[18Nov2024 19:16:54.444] [Render thread/INFO] [mezz.jei.library.load.registration.AdvancedRegistration/]: Added recipe category decorator: class com.almostreliable.unified.compat.AlmostJEI$Decorator for recipe type: pneumaticcraft:uv_light_box
[18Nov2024 19:16:54.444] [Render thread/INFO] [mezz.jei.library.load.registration.AdvancedRegistration/]: Added recipe category decorator: class com.almostreliable.unified.compat.AlmostJEI$Decorator for recipe type: pneumaticcraft:amadron_trade
[18Nov2024 19:16:54.444] [Render thread/INFO] [mezz.jei.library.load.registration.AdvancedRegistration/]: Added recipe category decorator: class com.almostreliable.unified.compat.AlmostJEI$Decorator for recipe type: pneumaticcraft:heat_frame_cooling
[18Nov2024 19:16:54.444] [Render thread/INFO] [mezz.jei.library.load.registration.AdvancedRegistration/]: Added recipe category decorator: class com.almostreliable.unified.compat.AlmostJEI$Decorator for recipe type: pneumaticcraft:etching_tank
[18Nov2024 19:16:54.444] [Render thread/INFO] [mezz.jei.library.load.registration.AdvancedRegistration/]: Added recipe category decorator: class com.almostreliable.unified.compat.AlmostJEI$Decorator for recipe type: pneumaticcraft:spawner_extraction
[18Nov2024 19:16:54.444] [Render thread/INFO] [mezz.jei.library.load.registration.AdvancedRegistration/]: Added recipe category decorator: class com.almostreliable.unified.compat.AlmostJEI$Decorator for recipe type: pneumaticcraft:heat_properties
[18Nov2024 19:16:54.444] [Render thread/INFO] [mezz.jei.library.load.registration.AdvancedRegistration/]: Added recipe category decorator: class com.almostreliable.unified.compat.AlmostJEI$Decorator for recipe type: pneumaticcraft:memory_essence
[18Nov2024 19:16:54.444] [Render thread/INFO] [mezz.jei.library.load.registration.AdvancedRegistration/]: Added recipe category decorator: class com.almostreliable.unified.compat.AlmostJEI$Decorator for recipe type: pneumaticcraft:explosion_crafting
[18Nov2024 19:16:54.444] [Render thread/INFO] [mezz.jei.library.load.registration.AdvancedRegistration/]: Added recipe category decorator: class com.almostreliable.unified.compat.AlmostJEI$Decorator for recipe type: pneumaticcraft:plastic_solidifying
[18Nov2024 19:16:54.444] [Render thread/INFO] [mezz.jei.library.load.registration.AdvancedRegistration/]: Added recipe category decorator: class com.almostreliable.unified.compat.AlmostJEI$Decorator for recipe type: pneumaticcraft:yeast_crafting
[18Nov2024 19:16:54.444] [Render thread/INFO] [mezz.jei.library.load.registration.AdvancedRegistration/]: Added recipe category decorator: class com.almostreliable.unified.compat.AlmostJEI$Decorator for recipe type: thermal:tree_extractor
[18Nov2024 19:16:54.444] [Render thread/INFO] [mezz.jei.library.load.registration.AdvancedRegistration/]: Added recipe category decorator: class com.almostreliable.unified.compat.AlmostJEI$Decorator for recipe type: thermal:rock_gen
[18Nov2024 19:16:54.444] [Render thread/INFO] [mezz.jei.library.load.registration.AdvancedRegistration/]: Added recipe category decorator: class com.almostreliable.unified.compat.AlmostJEI$Decorator for recipe type: mna:jei_ritual
[18Nov2024 19:16:54.444] [Render thread/INFO] [mezz.jei.library.load.registration.AdvancedRegistration/]: Added recipe category decorator: class com.almostreliable.unified.compat.AlmostJEI$Decorator for recipe type: mna:jei_manaweaving
[18Nov2024 19:16:54.444] [Render thread/INFO] [mezz.jei.library.load.registration.AdvancedRegistration/]: Added recipe category decorator: class com.almostreliable.unified.compat.AlmostJEI$Decorator for recipe type: mna:jei_arcane_furnace
[18Nov2024 19:16:54.444] [Render thread/INFO] [mezz.jei.library.load.registration.AdvancedRegistration/]: Added recipe category decorator: class com.almostreliable.unified.compat.AlmostJEI$Decorator for recipe type: mna:jei_runeforging
[18Nov2024 19:16:54.444] [Render thread/INFO] [mezz.jei.library.load.registration.AdvancedRegistration/]: Added recipe category decorator: class com.almostreliable.unified.compat.AlmostJEI$Decorator for recipe type: mna:jei_runescribing
[18Nov2024 19:16:54.444] [Render thread/INFO] [mezz.jei.library.load.registration.AdvancedRegistration/]: Added recipe category decorator: class com.almostreliable.unified.compat.AlmostJEI$Decorator for recipe type: mna:jei_eldrin_altar
[18Nov2024 19:16:54.444] [Render thread/INFO] [mezz.jei.library.load.registration.AdvancedRegistration/]: Added recipe category decorator: class com.almostreliable.unified.compat.AlmostJEI$Decorator for recipe type: mna:jei_crushing
[18Nov2024 19:16:54.444] [Render thread/INFO] [mezz.jei.library.load.registration.AdvancedRegistration/]: Added recipe category decorator: class com.almostreliable.unified.compat.AlmostJEI$Decorator for recipe type: mna:jei_transmutation
[18Nov2024 19:16:54.444] [Render thread/INFO] [mezz.jei.library.load.registration.AdvancedRegistration/]: Added recipe category decorator: class com.almostreliable.unified.compat.AlmostJEI$Decorator for recipe type: mna:jei_fume
[18Nov2024 19:16:54.444] [Render thread/INFO] [mezz.jei.library.load.registration.AdvancedRegistration/]: Added recipe category decorator: class com.almostreliable.unified.compat.AlmostJEI$Decorator for recipe type: ars_nouveau:glyph_recipe
[18Nov2024 19:16:54.444] [Render thread/INFO] [mezz.jei.library.load.registration.AdvancedRegistration/]: Added recipe category decorator: class com.almostreliable.unified.compat.AlmostJEI$Decorator for recipe type: ars_nouveau:crush
[18Nov2024 19:16:54.444] [Render thread/INFO] [mezz.jei.library.load.registration.AdvancedRegistration/]: Added recipe category decorator: class com.almostreliable.unified.compat.AlmostJEI$Decorator for recipe type: ars_nouveau:imbuement
[18Nov2024 19:16:54.444] [Render thread/INFO] [mezz.jei.library.load.registration.AdvancedRegistration/]: Added recipe category decorator: class com.almostreliable.unified.compat.AlmostJEI$Decorator for recipe type: ars_nouveau:enchanting_apparatus
[18Nov2024 19:16:54.444] [Render thread/INFO] [mezz.jei.library.load.registration.AdvancedRegistration/]: Added recipe category decorator: class com.almostreliable.unified.compat.AlmostJEI$Decorator for recipe type: ars_nouveau:enchantment_apparatus
[18Nov2024 19:16:54.444] [Render thread/INFO] [mezz.jei.library.load.registration.AdvancedRegistration/]: Added recipe category decorator: class com.almostreliable.unified.compat.AlmostJEI$Decorator for recipe type: ars_nouveau:armor_upgrade
[18Nov2024 19:16:54.444] [Render thread/INFO] [mezz.jei.library.load.registration.AdvancedRegistration/]: Added recipe category decorator: class com.almostreliable.unified.compat.AlmostJEI$Decorator for recipe type: ars_elemental:armor_upgrade
[18Nov2024 19:16:54.444] [Render thread/INFO] [mezz.jei.library.load.registration.AdvancedRegistration/]: Added recipe category decorator: class com.almostreliable.unified.compat.AlmostJEI$Decorator for recipe type: ars_elemental:netherite_upgrade
[18Nov2024 19:16:54.444] [Render thread/INFO] [mezz.jei.library.load.registration.AdvancedRegistration/]: Added recipe category decorator: class com.almostreliable.unified.compat.AlmostJEI$Decorator for recipe type: eidolon:crucible
[18Nov2024 19:16:54.444] [Render thread/INFO] [mezz.jei.library.load.registration.AdvancedRegistration/]: Added recipe category decorator: class com.almostreliable.unified.compat.AlmostJEI$Decorator for recipe type: eidolon:worktable
[18Nov2024 19:16:54.444] [Render thread/INFO] [mezz.jei.library.load.registration.AdvancedRegistration/]: Added recipe category decorator: class com.almostreliable.unified.compat.AlmostJEI$Decorator for recipe type: eidolon:rituals
[18Nov2024 19:16:54.444] [Render thread/INFO] [mezz.jei.library.load.registration.AdvancedRegistration/]: Added recipe category decorator: class com.almostreliable.unified.compat.AlmostJEI$Decorator for recipe type: cookingforblockheads:cow_jar
[18Nov2024 19:16:54.444] [Render thread/INFO] [mezz.jei.library.load.registration.AdvancedRegistration/]: Added recipe category decorator: class com.almostreliable.unified.compat.AlmostJEI$Decorator for recipe type: jeed:effect_info
[18Nov2024 19:16:54.444] [Render thread/INFO] [mezz.jei.library.load.registration.AdvancedRegistration/]: Added recipe category decorator: class com.almostreliable.unified.compat.AlmostJEI$Decorator for recipe type: mob_grinding_utils:solidify
[18Nov2024 19:16:54.444] [Render thread/INFO] [mezz.jei.library.load.registration.AdvancedRegistration/]: Added recipe category decorator: class com.almostreliable.unified.compat.AlmostJEI$Decorator for recipe type: farmersdelight:cooking
[18Nov2024 19:16:54.444] [Render thread/INFO] [mezz.jei.library.load.registration.AdvancedRegistration/]: Added recipe category decorator: class com.almostreliable.unified.compat.AlmostJEI$Decorator for recipe type: farmersdelight:cutting
[18Nov2024 19:16:54.444] [Render thread/INFO] [mezz.jei.library.load.registration.AdvancedRegistration/]: Added recipe category decorator: class com.almostreliable.unified.compat.AlmostJEI$Decorator for recipe type: farmersdelight:decomposition
[18Nov2024 19:16:54.444] [Render thread/INFO] [mezz.jei.library.load.registration.AdvancedRegistration/]: Added recipe category decorator: class com.almostreliable.unified.compat.AlmostJEI$Decorator for recipe type: thermal:furnace
[18Nov2024 19:16:54.444] [Render thread/INFO] [mezz.jei.library.load.registration.AdvancedRegistration/]: Added recipe category decorator: class com.almostreliable.unified.compat.AlmostJEI$Decorator for recipe type: thermal:sawmill
[18Nov2024 19:16:54.444] [Render thread/INFO] [mezz.jei.library.load.registration.AdvancedRegistration/]: Added recipe category decorator: class com.almostreliable.unified.compat.AlmostJEI$Decorator for recipe type: thermal:pulverizer
[18Nov2024 19:16:54.444] [Render thread/INFO] [mezz.jei.library.load.registration.AdvancedRegistration/]: Added recipe category decorator: class com.almostreliable.unified.compat.AlmostJEI$Decorator for recipe type: thermal:smelter
[18Nov2024 19:16:54.444] [Render thread/INFO] [mezz.jei.library.load.registration.AdvancedRegistration/]: Added recipe category decorator: class com.almostreliable.unified.compat.AlmostJEI$Decorator for recipe type: thermal:insolator
[18Nov2024 19:16:54.444] [Render thread/INFO] [mezz.jei.library.load.registration.AdvancedRegistration/]: Added recipe category decorator: class com.almostreliable.unified.compat.AlmostJEI$Decorator for recipe type: thermal:centrifuge
[18Nov2024 19:16:54.444] [Render thread/INFO] [mezz.jei.library.load.registration.AdvancedRegistration/]: Added recipe category decorator: class com.almostreliable.unified.compat.AlmostJEI$Decorator for recipe type: thermal:press
[18Nov2024 19:16:54.444] [Render thread/INFO] [mezz.jei.library.load.registration.AdvancedRegistration/]: Added recipe category decorator: class com.almostreliable.unified.compat.AlmostJEI$Decorator for recipe type: thermal:crucible
[18Nov2024 19:16:54.444] [Render thread/INFO] [mezz.jei.library.load.registration.AdvancedRegistration/]: Added recipe category decorator: class com.almostreliable.unified.compat.AlmostJEI$Decorator for recipe type: thermal:chiller
[18Nov2024 19:16:54.444] [Render thread/INFO] [mezz.jei.library.load.registration.AdvancedRegistration/]: Added recipe category decorator: class com.almostreliable.unified.compat.AlmostJEI$Decorator for recipe type: thermal:refinery
[18Nov2024 19:16:54.444] [Render thread/INFO] [mezz.jei.library.load.registration.AdvancedRegistration/]: Added recipe category decorator: class com.almostreliable.unified.compat.AlmostJEI$Decorator for recipe type: thermal:pyrolyzer
[18Nov2024 19:16:54.444] [Render thread/INFO] [mezz.jei.library.load.registration.AdvancedRegistration/]: Added recipe category decorator: class com.almostreliable.unified.compat.AlmostJEI$Decorator for recipe type: thermal:bottler
[18Nov2024 19:16:54.444] [Render thread/INFO] [mezz.jei.library.load.registration.AdvancedRegistration/]: Added recipe category decorator: class com.almostreliable.unified.compat.AlmostJEI$Decorator for recipe type: thermal:brewer
[18Nov2024 19:16:54.444] [Render thread/INFO] [mezz.jei.library.load.registration.AdvancedRegistration/]: Added recipe category decorator: class com.almostreliable.unified.compat.AlmostJEI$Decorator for recipe type: thermal:crystallizer
[18Nov2024 19:16:54.444] [Render thread/INFO] [mezz.jei.library.load.registration.AdvancedRegistration/]: Added recipe category decorator: class com.almostreliable.unified.compat.AlmostJEI$Decorator for recipe type: thermal:pulverizer_catalyst
[18Nov2024 19:16:54.444] [Render thread/INFO] [mezz.jei.library.load.registration.AdvancedRegistration/]: Added recipe category decorator: class com.almostreliable.unified.compat.AlmostJEI$Decorator for recipe type: thermal:smelter_catalyst
[18Nov2024 19:16:54.444] [Render thread/INFO] [mezz.jei.library.load.registration.AdvancedRegistration/]: Added recipe category decorator: class com.almostreliable.unified.compat.AlmostJEI$Decorator for recipe type: thermal:insolator_catalyst
[18Nov2024 19:16:54.444] [Render thread/INFO] [mezz.jei.library.load.registration.AdvancedRegistration/]: Added recipe category decorator: class com.almostreliable.unified.compat.AlmostJEI$Decorator for recipe type: thermal:stirling_fuel
[18Nov2024 19:16:54.444] [Render thread/INFO] [mezz.jei.library.load.registration.AdvancedRegistration/]: Added recipe category decorator: class com.almostreliable.unified.compat.AlmostJEI$Decorator for recipe type: thermal:compression_fuel
[18Nov2024 19:16:54.444] [Render thread/INFO] [mezz.jei.library.load.registration.AdvancedRegistration/]: Added recipe category decorator: class com.almostreliable.unified.compat.AlmostJEI$Decorator for recipe type: thermal:magmatic_fuel
[18Nov2024 19:16:54.444] [Render thread/INFO] [mezz.jei.library.load.registration.AdvancedRegistration/]: Added recipe category decorator: class com.almostreliable.unified.compat.AlmostJEI$Decorator for recipe type: thermal:numismatic_fuel
[18Nov2024 19:16:54.445] [Render thread/INFO] [mezz.jei.library.load.registration.AdvancedRegistration/]: Added recipe category decorator: class com.almostreliable.unified.compat.AlmostJEI$Decorator for recipe type: thermal:lapidary_fuel
[18Nov2024 19:16:54.445] [Render thread/INFO] [mezz.jei.library.load.registration.AdvancedRegistration/]: Added recipe category decorator: class com.almostreliable.unified.compat.AlmostJEI$Decorator for recipe type: thermal:disenchantment_fuel
[18Nov2024 19:16:54.445] [Render thread/INFO] [mezz.jei.library.load.registration.AdvancedRegistration/]: Added recipe category decorator: class com.almostreliable.unified.compat.AlmostJEI$Decorator for recipe type: thermal:gourmand_fuel
[18Nov2024 19:16:54.445] [Render thread/INFO] [mezz.jei.library.load.registration.AdvancedRegistration/]: Added recipe category decorator: class com.almostreliable.unified.compat.AlmostJEI$Decorator for recipe type: create:milling
[18Nov2024 19:16:54.445] [Render thread/INFO] [mezz.jei.library.load.registration.AdvancedRegistration/]: Added recipe category decorator: class com.almostreliable.unified.compat.AlmostJEI$Decorator for recipe type: create:crushing
[18Nov2024 19:16:54.445] [Render thread/INFO] [mezz.jei.library.load.registration.AdvancedRegistration/]: Added recipe category decorator: class com.almostreliable.unified.compat.AlmostJEI$Decorator for recipe type: create:pressing
[18Nov2024 19:16:54.445] [Render thread/INFO] [mezz.jei.library.load.registration.AdvancedRegistration/]: Added recipe category decorator: class com.almostreliable.unified.compat.AlmostJEI$Decorator for recipe type: create:fan_washing
[18Nov2024 19:16:54.445] [Render thread/INFO] [mezz.jei.library.load.registration.AdvancedRegistration/]: Added recipe category decorator: class com.almostreliable.unified.compat.AlmostJEI$Decorator for recipe type: create:fan_smoking
[18Nov2024 19:16:54.445] [Render thread/INFO] [mezz.jei.library.load.registration.AdvancedRegistration/]: Added recipe category decorator: class com.almostreliable.unified.compat.AlmostJEI$Decorator for recipe type: create:fan_blasting
[18Nov2024 19:16:54.445] [Render thread/INFO] [mezz.jei.library.load.registration.AdvancedRegistration/]: Added recipe category decorator: class com.almostreliable.unified.compat.AlmostJEI$Decorator for recipe type: create:fan_haunting
[18Nov2024 19:16:54.445] [Render thread/INFO] [mezz.jei.library.load.registration.AdvancedRegistration/]: Added recipe category decorator: class com.almostreliable.unified.compat.AlmostJEI$Decorator for recipe type: create:mixing
[18Nov2024 19:16:54.445] [Render thread/INFO] [mezz.jei.library.load.registration.AdvancedRegistration/]: Added recipe category decorator: class com.almostreliable.unified.compat.AlmostJEI$Decorator for recipe type: create:automatic_shapeless
[18Nov2024 19:16:54.445] [Render thread/INFO] [mezz.jei.library.load.registration.AdvancedRegistration/]: Added recipe category decorator: class com.almostreliable.unified.compat.AlmostJEI$Decorator for recipe type: create:automatic_brewing
[18Nov2024 19:16:54.445] [Render thread/INFO] [mezz.jei.library.load.registration.AdvancedRegistration/]: Added recipe category decorator: class com.almostreliable.unified.compat.AlmostJEI$Decorator for recipe type: create:packing
[18Nov2024 19:16:54.445] [Render thread/INFO] [mezz.jei.library.load.registration.AdvancedRegistration/]: Added recipe category decorator: class com.almostreliable.unified.compat.AlmostJEI$Decorator for recipe type: create:automatic_packing
[18Nov2024 19:16:54.445] [Render thread/INFO] [mezz.jei.library.load.registration.AdvancedRegistration/]: Added recipe category decorator: class com.almostreliable.unified.compat.AlmostJEI$Decorator for recipe type: create:sawing
[18Nov2024 19:16:54.445] [Render thread/INFO] [mezz.jei.library.load.registration.AdvancedRegistration/]: Added recipe category decorator: class com.almostreliable.unified.compat.AlmostJEI$Decorator for recipe type: create:block_cutting
[18Nov2024 19:16:54.445] [Render thread/INFO] [mezz.jei.library.load.registration.AdvancedRegistration/]: Added recipe category decorator: class com.almostreliable.unified.compat.AlmostJEI$Decorator for recipe type: create:wood_cutting
[18Nov2024 19:16:54.445] [Render thread/INFO] [mezz.jei.library.load.registration.AdvancedRegistration/]: Added recipe category decorator: class com.almostreliable.unified.compat.AlmostJEI$Decorator for recipe type: create:sandpaper_polishing
[18Nov2024 19:16:54.445] [Render thread/INFO] [mezz.jei.library.load.registration.AdvancedRegistration/]: Added recipe category decorator: class com.almostreliable.unified.compat.AlmostJEI$Decorator for recipe type: create:item_application
[18Nov2024 19:16:54.445] [Render thread/INFO] [mezz.jei.library.load.registration.AdvancedRegistration/]: Added recipe category decorator: class com.almostreliable.unified.compat.AlmostJEI$Decorator for recipe type: create:deploying
[18Nov2024 19:16:54.445] [Render thread/INFO] [mezz.jei.library.load.registration.AdvancedRegistration/]: Added recipe category decorator: class com.almostreliable.unified.compat.AlmostJEI$Decorator for recipe type: create:spout_filling
[18Nov2024 19:16:54.445] [Render thread/INFO] [mezz.jei.library.load.registration.AdvancedRegistration/]: Added recipe category decorator: class com.almostreliable.unified.compat.AlmostJEI$Decorator for recipe type: create:draining
[18Nov2024 19:16:54.445] [Render thread/INFO] [mezz.jei.library.load.registration.AdvancedRegistration/]: Added recipe category decorator: class com.almostreliable.unified.compat.AlmostJEI$Decorator for recipe type: create:automatic_shaped
[18Nov2024 19:16:54.445] [Render thread/INFO] [mezz.jei.library.load.registration.AdvancedRegistration/]: Added recipe category decorator: class com.almostreliable.unified.compat.AlmostJEI$Decorator for recipe type: create:mechanical_crafting
[18Nov2024 19:16:54.445] [Render thread/INFO] [mezz.jei.library.load.registration.AdvancedRegistration/]: Added recipe category decorator: class com.almostreliable.unified.compat.AlmostJEI$Decorator for recipe type: create:sequenced_assembly
[18Nov2024 19:16:54.445] [Render thread/INFO] [mezz.jei.library.load.registration.AdvancedRegistration/]: Added recipe category decorator: class com.almostreliable.unified.compat.AlmostJEI$Decorator for recipe type: create:mystery_conversion
[18Nov2024 19:16:54.445] [Render thread/INFO] [mezz.jei.library.load.registration.AdvancedRegistration/]: Added recipe category decorator: class com.almostreliable.unified.compat.AlmostJEI$Decorator for recipe type: waystones:warp_plate
[18Nov2024 19:16:54.445] [Render thread/INFO] [mezz.jei.library.load.registration.AdvancedRegistration/]: Added recipe category decorator: class com.almostreliable.unified.compat.AlmostJEI$Decorator for recipe type: bloodmagic:soulforge
[18Nov2024 19:16:54.445] [Render thread/INFO] [mezz.jei.library.load.registration.AdvancedRegistration/]: Added recipe category decorator: class com.almostreliable.unified.compat.AlmostJEI$Decorator for recipe type: bloodmagic:altar
[18Nov2024 19:16:54.445] [Render thread/INFO] [mezz.jei.library.load.registration.AdvancedRegistration/]: Added recipe category decorator: class com.almostreliable.unified.compat.AlmostJEI$Decorator for recipe type: bloodmagic:alchemyarray
[18Nov2024 19:16:54.445] [Render thread/INFO] [mezz.jei.library.load.registration.AdvancedRegistration/]: Added recipe category decorator: class com.almostreliable.unified.compat.AlmostJEI$Decorator for recipe type: bloodmagic:arc
[18Nov2024 19:16:54.445] [Render thread/INFO] [mezz.jei.library.load.registration.AdvancedRegistration/]: Added recipe category decorator: class com.almostreliable.unified.compat.AlmostJEI$Decorator for recipe type: bloodmagic:arcfurnace
[18Nov2024 19:16:54.445] [Render thread/INFO] [mezz.jei.library.load.registration.AdvancedRegistration/]: Added recipe category decorator: class com.almostreliable.unified.compat.AlmostJEI$Decorator for recipe type: bloodmagic:alchemytable
[18Nov2024 19:16:54.445] [Render thread/INFO] [mezz.jei.library.load.registration.AdvancedRegistration/]: Added recipe category decorator: class com.almostreliable.unified.compat.AlmostJEI$Decorator for recipe type: bloodmagic:potion
[18Nov2024 19:16:54.445] [Render thread/INFO] [mezz.jei.library.load.registration.AdvancedRegistration/]: Added recipe category decorator: class com.almostreliable.unified.compat.AlmostJEI$Decorator for recipe type: alexscaves:spelunkery_table
[18Nov2024 19:16:54.445] [Render thread/INFO] [mezz.jei.library.load.registration.AdvancedRegistration/]: Added recipe category decorator: class com.almostreliable.unified.compat.AlmostJEI$Decorator for recipe type: alexscaves:nuclear_furnace
[18Nov2024 19:16:54.445] [Render thread/INFO] [mezz.jei.library.load.registration.AdvancedRegistration/]: Added recipe category decorator: class com.almostreliable.unified.compat.AlmostJEI$Decorator for recipe type: ae2:item_transformation
[18Nov2024 19:16:54.445] [Render thread/INFO] [mezz.jei.library.load.registration.AdvancedRegistration/]: Added recipe category decorator: class com.almostreliable.unified.compat.AlmostJEI$Decorator for recipe type: ae2:condenser
[18Nov2024 19:16:54.445] [Render thread/INFO] [mezz.jei.library.load.registration.AdvancedRegistration/]: Added recipe category decorator: class com.almostreliable.unified.compat.AlmostJEI$Decorator for recipe type: ae2:inscriber
[18Nov2024 19:16:54.445] [Render thread/INFO] [mezz.jei.library.load.registration.AdvancedRegistration/]: Added recipe category decorator: class com.almostreliable.unified.compat.AlmostJEI$Decorator for recipe type: ae2:charger
[18Nov2024 19:16:54.445] [Render thread/INFO] [mezz.jei.library.load.registration.AdvancedRegistration/]: Added recipe category decorator: class com.almostreliable.unified.compat.AlmostJEI$Decorator for recipe type: ae2:attunement
[18Nov2024 19:16:54.445] [Render thread/INFO] [mezz.jei.library.load.registration.AdvancedRegistration/]: Added recipe category decorator: class com.almostreliable.unified.compat.AlmostJEI$Decorator for recipe type: ae2:certus_growth
[18Nov2024 19:16:54.445] [Render thread/INFO] [mezz.jei.library.load.registration.AdvancedRegistration/]: Added recipe category decorator: class com.almostreliable.unified.compat.AlmostJEI$Decorator for recipe type: ae2:entropy
[18Nov2024 19:16:54.445] [Render thread/INFO] [mezz.jei.library.load.registration.AdvancedRegistration/]: Added recipe category decorator: class com.almostreliable.unified.compat.AlmostJEI$Decorator for recipe type: forbidden_arcanus:hephaestus_smithing
[18Nov2024 19:16:54.445] [Render thread/INFO] [mezz.jei.library.load.registration.AdvancedRegistration/]: Added recipe category decorator: class com.almostreliable.unified.compat.AlmostJEI$Decorator for recipe type: forbidden_arcanus:hephaestus_forge_upgrading
[18Nov2024 19:16:54.445] [Render thread/INFO] [mezz.jei.library.load.registration.AdvancedRegistration/]: Added recipe category decorator: class com.almostreliable.unified.compat.AlmostJEI$Decorator for recipe type: forbidden_arcanus:clibano_combustion
[18Nov2024 19:16:54.445] [Render thread/INFO] [mezz.jei.library.load.registration.AdvancedRegistration/]: Added recipe category decorator: class com.almostreliable.unified.compat.AlmostJEI$Decorator for recipe type: theurgy:calcination
[18Nov2024 19:16:54.445] [Render thread/INFO] [mezz.jei.library.load.registration.AdvancedRegistration/]: Added recipe category decorator: class com.almostreliable.unified.compat.AlmostJEI$Decorator for recipe type: theurgy:liquefaction
[18Nov2024 19:16:54.445] [Render thread/INFO] [mezz.jei.library.load.registration.AdvancedRegistration/]: Added recipe category decorator: class com.almostreliable.unified.compat.AlmostJEI$Decorator for recipe type: theurgy:distillation
[18Nov2024 19:16:54.445] [Render thread/INFO] [mezz.jei.library.load.registration.AdvancedRegistration/]: Added recipe category decorator: class com.almostreliable.unified.compat.AlmostJEI$Decorator for recipe type: theurgy:incubation
[18Nov2024 19:16:54.445] [Render thread/INFO] [mezz.jei.library.load.registration.AdvancedRegistration/]: Added recipe category decorator: class com.almostreliable.unified.compat.AlmostJEI$Decorator for recipe type: theurgy:accumulation
[18Nov2024 19:16:54.445] [Render thread/INFO] [mezz.jei.library.load.registration.AdvancedRegistration/]: Added recipe category decorator: class com.almostreliable.unified.compat.AlmostJEI$Decorator for recipe type: theurgy:reformation
[18Nov2024 19:16:54.445] [Render thread/INFO] [mezz.jei.library.load.registration.AdvancedRegistration/]: Added recipe category decorator: class com.almostreliable.unified.compat.AlmostJEI$Decorator for recipe type: theurgy:fermentation
[18Nov2024 19:16:54.445] [Render thread/INFO] [mezz.jei.library.load.registration.AdvancedRegistration/]: Added recipe category decorator: class com.almostreliable.unified.compat.AlmostJEI$Decorator for recipe type: theurgy:digestion
[18Nov2024 19:16:54.445] [Render thread/INFO] [mezz.jei.library.load.registration.AdvancedRegistration/]: Added recipe category decorator: class com.almostreliable.unified.compat.AlmostJEI$Decorator for recipe type: malum:spirit_infusion
[18Nov2024 19:16:54.445] [Render thread/INFO] [mezz.jei.library.load.registration.AdvancedRegistration/]: Added recipe category decorator: class com.almostreliable.unified.compat.AlmostJEI$Decorator for recipe type: malum:spirit_transmutation
[18Nov2024 19:16:54.445] [Render thread/INFO] [mezz.jei.library.load.registration.AdvancedRegistration/]: Added recipe category decorator: class com.almostreliable.unified.compat.AlmostJEI$Decorator for recipe type: malum:spirit_focusing
[18Nov2024 19:16:54.445] [Render thread/INFO] [mezz.jei.library.load.registration.AdvancedRegistration/]: Added recipe category decorator: class com.almostreliable.unified.compat.AlmostJEI$Decorator for recipe type: malum:spirit_rite
[18Nov2024 19:16:54.445] [Render thread/INFO] [mezz.jei.library.load.registration.AdvancedRegistration/]: Added recipe category decorator: class com.almostreliable.unified.compat.AlmostJEI$Decorator for recipe type: malum:spirit_repair
[18Nov2024 19:16:54.445] [Render thread/INFO] [mezz.jei.library.load.registration.AdvancedRegistration/]: Added recipe category decorator: class com.almostreliable.unified.compat.AlmostJEI$Decorator for recipe type: malum:runeworking
[18Nov2024 19:16:54.445] [Render thread/INFO] [mezz.jei.library.load.registration.AdvancedRegistration/]: Added recipe category decorator: class com.almostreliable.unified.compat.AlmostJEI$Decorator for recipe type: malum:weeping_well
[18Nov2024 19:16:54.445] [Render thread/INFO] [mezz.jei.library.load.registration.AdvancedRegistration/]: Added recipe category decorator: class com.almostreliable.unified.compat.AlmostJEI$Decorator for recipe type: jei:information
[18Nov2024 19:16:54.446] [Render thread/INFO] [mezz.jei.library.load.registration.AdvancedRegistration/]: Added recipe manager plugin: class cofh.thermal.expansion.compat.jei.plugins.PotionFluidRecipeManagerPlugin
[18Nov2024 19:16:54.446] [Render thread/INFO] [mezz.jei.library.load.registration.AdvancedRegistration/]: Added recipe manager plugin: class appeng.integration.modules.jei.FacadeRegistryPlugin
[18Nov2024 19:16:54.446] [Render thread/INFO] [mezz.jei.library.load.PluginCaller/]: Registering advanced plugins took 4.875 ms
[18Nov2024 19:16:54.447] [Render thread/INFO] [mezz.jei.library.load.PluginCaller/]: Registering recipes...
[18Nov2024 19:16:57.974] [Render thread/INFO] [mezz.jei.library.load.PluginCallerTimerRunnable/]: Registering recipes: jei:minecraft took 3.527 seconds
[18Nov2024 19:16:57.992] [Render thread/INFO] [mezz.jei.library.load.PluginCallerTimerRunnable/]: Registering recipes: apotheosis:spawner took 12.95 milliseconds
[18Nov2024 19:16:59.110] [Render thread/INFO] [mezz.jei.library.load.PluginCallerTimerRunnable/]: Registering recipes: industrialforegoing:default took 1.117 seconds
[18Nov2024 19:16:59.122] [Render thread/INFO] [mezz.jei.library.load.PluginCallerTimerRunnable/]: Registering recipes: botania:main took 11.35 milliseconds
[18Nov2024 19:16:59.134] [Render thread/INFO] [mezz.jei.library.load.PluginCallerTimerRunnable/]: Registering recipes: advgenerators:jei took 12.76 milliseconds
[18Nov2024 19:16:59.161] [Render thread/INFO] [mezz.jei.library.load.PluginCallerTimerRunnable/]: Registering recipes: rechiseled:chiseling_plugin took 25.14 milliseconds
[18Nov2024 19:16:59.195] [Render thread/INFO] [mezz.jei.library.load.PluginCallerTimerRunnable/]: Registering recipes: botanypots:jei_support took 34.32 milliseconds
[18Nov2024 19:16:59.205] [Render thread/INFO] [mezz.jei.library.ingredients.IngredientManager/]: Ingredients are being removed at runtime: 1 net.minecraft.world.item.ItemStack
[18Nov2024 19:16:59.218] [Render thread/INFO] [mezz.jei.library.ingredients.IngredientManager/]: Ingredients are being removed at runtime: 1 net.minecraft.world.item.ItemStack
[18Nov2024 19:16:59.388] [Render thread/INFO] [mezz.jei.library.load.PluginCallerTimerRunnable/]: Registering recipes: chipped:chipped took 168.1 milliseconds
[18Nov2024 19:16:59.416] [Render thread/INFO] [mezz.jei.library.load.PluginCallerTimerRunnable/]: Registering recipes: enderio:machines took 25.35 milliseconds
[18Nov2024 19:16:59.480] [Render thread/INFO] [mezz.jei.library.load.PluginCallerTimerRunnable/]: Registering recipes: reliquary:default took 58.31 milliseconds
[18Nov2024 19:17:01.969] [Render thread/INFO] [mezz.jei.library.load.PluginCallerTimerRunnable/]: Registering recipes: irons_spellbooks:jei_plugin took 2.482 seconds
[18Nov2024 19:17:02.070] [Render thread/INFO] [mezz.jei.library.load.PluginCallerTimerRunnable/]: Registering recipes: goety:jei_plugin took 100.8 milliseconds
[18Nov2024 19:17:02.100] [Render thread/INFO] [mezz.jei.library.load.PluginCallerTimerRunnable/]: Registering recipes: powah:main took 29.16 milliseconds
[18Nov2024 19:17:02.486] [Render thread/WARN] [net.minecraft.network.syncher.SynchedEntityData/]: defineId called for: class com.cerbon.bosses_of_mass_destruction.entity.custom.obsidilith.ObsidilithEntity from class com.cerbon.bosses_of_mass_destruction.entity.custom.obsidilith.ObsidilithUtils
[18Nov2024 19:17:02.560] [Render thread/WARN] [net.minecraft.network.syncher.SynchedEntityData/]: defineId called for: class net.minecraft.world.entity.TamableAnimal from interface com.hollingsworth.arsnouveau.common.entity.IFollowingSummon
[18Nov2024 19:17:02.571] [Render thread/WARN] [net.minecraft.network.syncher.SynchedEntityData/]: defineId called for: class com.cerbon.bosses_of_mass_destruction.entity.util.BaseEntity from class com.cerbon.bosses_of_mass_destruction.entity.custom.void_blossom.hitbox.NetworkedHitboxManager
[18Nov2024 19:17:02.586] [Render thread/INFO] [mezz.jei.library.load.PluginCallerTimerRunnable/]: Registering recipes: minecraft:jeresources took 486.3 milliseconds
[18Nov2024 19:17:02.630] [Render thread/INFO] [mezz.jei.library.load.PluginCallerTimerRunnable/]: Registering recipes: mekanism:jei_plugin took 43.12 milliseconds
[18Nov2024 19:17:02.652] [Render thread/INFO] [mezz.jei.library.load.PluginCallerTimerRunnable/]: Registering recipes: pneumaticcraft:default took 19.66 milliseconds
[18Nov2024 19:17:02.703] [Render thread/INFO] [mezz.jei.library.load.PluginCallerTimerRunnable/]: Registering recipes: mna:jei-integration took 49.79 milliseconds
[18Nov2024 19:17:02.717] [Render thread/INFO] [mezz.jei.library.load.PluginCallerTimerRunnable/]: Registering recipes: ars_nouveau:main took 13.93 milliseconds
[18Nov2024 19:17:02.780] [Render thread/INFO] [mezz.jei.library.load.PluginCallerTimerRunnable/]: Registering recipes: jeed:jei_plugin took 48.05 milliseconds
[18Nov2024 19:17:02.793] [Render thread/INFO] [mezz.jei.library.load.PluginCallerTimerRunnable/]: Registering recipes: farmersdelight:jei_plugin took 12.74 milliseconds
[18Nov2024 19:17:02.815] [Render thread/INFO] [mezz.jei.library.load.PluginCallerTimerRunnable/]: Registering recipes: thermal:expansion took 22.13 milliseconds
[18Nov2024 19:17:02.906] [Render thread/INFO] [mezz.jei.library.load.PluginCallerTimerRunnable/]: Registering recipes: sophisticatedstorage:default took 88.77 milliseconds
[18Nov2024 19:17:03.989] [Render thread/INFO] [mezz.jei.library.load.PluginCallerTimerRunnable/]: Registering recipes: create:jei_plugin took 1.083 seconds
[18Nov2024 19:17:04.004] [Render thread/INFO] [mezz.jei.library.load.PluginCallerTimerRunnable/]: Registering recipes: bloodmagic:jei_plugin took 15.04 milliseconds
[18Nov2024 19:17:04.188] [Render thread/INFO] [mezz.jei.library.load.PluginCallerTimerRunnable/]: Registering recipes: ae2:core took 181.1 milliseconds
[18Nov2024 19:17:04.299] [Render thread/INFO] [mezz.jei.library.load.PluginCallerTimerRunnable/]: Registering recipes: forbidden_arcanus:main took 110.0 milliseconds
[18Nov2024 19:17:04.309] [Render thread/INFO] [mezz.jei.library.ingredients.IngredientManager/]: Ingredients are being removed at runtime: 9 net.minecraft.world.item.ItemStack
[18Nov2024 19:17:04.313] [Render thread/INFO] [mezz.jei.library.load.PluginCallerTimerRunnable/]: Registering recipes: theurgy:jei_plugin took 14.02 milliseconds
[18Nov2024 19:17:04.320] [Render thread/INFO] [mezz.jei.library.load.PluginCaller/]: Registering recipes took 9.873 s
[18Nov2024 19:17:04.336] [Render thread/INFO] [mezz.jei.library.load.PluginCaller/]: Registering recipes transfer handlers...
[18Nov2024 19:17:04.350] [Render thread/INFO] [mezz.jei.library.load.PluginCaller/]: Registering recipes transfer handlers took 13.44 ms
[18Nov2024 19:17:04.350] [Render thread/INFO] [mezz.jei.core.util.LoggedTimer/]: Building runtime...
[18Nov2024 19:17:04.352] [Render thread/INFO] [mezz.jei.library.load.PluginCaller/]: Registering gui handlers...
[18Nov2024 19:17:04.372] [Render thread/INFO] [mezz.jei.library.load.PluginCallerTimerRunnable/]: Registering gui handlers: hammerlib:jei took 18.70 milliseconds
[18Nov2024 19:17:04.396] [Render thread/INFO] [mezz.jei.library.load.PluginCaller/]: Registering gui handlers took 44.70 ms
[18Nov2024 19:17:04.398] [Render thread/INFO] [mezz.jei.library.load.PluginCaller/]: Registering Runtime...
[18Nov2024 19:17:04.399] [Render thread/INFO] [mezz.jei.gui.startup.JeiGuiStarter/]: Starting JEI GUI
[18Nov2024 19:17:04.400] [Render thread/INFO] [mezz.jei.core.util.LoggedTimer/]: Building ingredient list...
[18Nov2024 19:17:04.881] [Render thread/INFO] [mezz.jei.core.util.LoggedTimer/]: Building ingredient list took 481.2 ms
[18Nov2024 19:17:04.881] [Render thread/INFO] [mezz.jei.core.util.LoggedTimer/]: Building ingredient filter...
[18Nov2024 19:17:04.932] [Render thread/INFO] [mezz.jei.gui.ingredients.IngredientFilter/]: Adding 50467 ingredients
[18Nov2024 19:17:09.499] [pool-23-thread-1/ERROR] [mezz.jei.library.load.PluginCallerTimerRunnable/]: Registering Runtime: jei:forge_gui is running and has taken 5.100 seconds so far
[18Nov2024 19:17:14.500] [pool-23-thread-1/ERROR] [mezz.jei.library.load.PluginCallerTimerRunnable/]: Registering Runtime: jei:forge_gui is running and has taken 10.10 seconds so far
[18Nov2024 19:17:15.351] [Render thread/INFO] [mezz.jei.gui.ingredients.IngredientFilter/]: Added 50467 ingredients
[18Nov2024 19:17:15.351] [Render thread/INFO] [mezz.jei.core.util.LoggedTimer/]: Building ingredient filter took 10.47 s
[18Nov2024 19:17:15.520] [Render thread/INFO] [mezz.jei.library.load.PluginCallerTimerRunnable/]: Registering Runtime: jei:forge_gui took 11.12 seconds
[18Nov2024 19:17:15.520] [Render thread/INFO] [mezz.jei.library.load.PluginCaller/]: Registering Runtime took 11.12 s
[18Nov2024 19:17:15.520] [Render thread/INFO] [mezz.jei.core.util.LoggedTimer/]: Building runtime took 11.17 s
[18Nov2024 19:17:15.520] [Render thread/INFO] [mezz.jei.library.load.PluginCaller/]: Sending Runtime...
[18Nov2024 19:17:15.521] [Render thread/INFO] [mezz.jei.library.ingredients.IngredientManager/]: Ingredients are being removed at runtime: 1 net.minecraftforge.fluids.FluidStack
[18Nov2024 19:17:15.527] [Render thread/INFO] [AlmostUnified/]: [AutoHiding] Hiding 1/2 items for tag '#forge:nuggets/invar' -> [techreborn:invar_nugget]
[18Nov2024 19:17:15.527] [Render thread/INFO] [AlmostUnified/]: [AutoHiding] Hiding 1/2 items for tag '#forge:ingots/electrum' -> [techreborn:electrum_ingot]
[18Nov2024 19:17:15.527] [Render thread/INFO] [AlmostUnified/]: [AutoHiding] Hiding 1/2 items for tag '#forge:plates/electrum' -> [techreborn:electrum_plate]
[18Nov2024 19:17:15.528] [Render thread/INFO] [AlmostUnified/]: [AutoHiding] Hiding 1/3 items for tag '#forge:ores/cinnabar' -> [techreborn:cinnabar_ore]
[18Nov2024 19:17:15.528] [Render thread/INFO] [AlmostUnified/]: [AutoHiding] Hiding 1/2 items for tag '#forge:dusts/charcoal' -> [techreborn:charcoal_dust]
[18Nov2024 19:17:15.528] [Render thread/INFO] [AlmostUnified/]: [AutoHiding] Hiding 1/2 items for tag '#forge:gears/netherite' -> [hammerlib:gears/netherite]
[18Nov2024 19:17:15.528] [Render thread/INFO] [AlmostUnified/]: [AutoHiding] Hiding 3/4 items for tag '#forge:storage_blocks/lead' -> [techreborn:lead_storage_block, eidolon:lead_block, mekanism:block_lead]
[18Nov2024 19:17:15.528] [Render thread/INFO] [AlmostUnified/]: [AutoHiding] Hiding 2/3 items for tag '#forge:ingots/iron' -> [betternether:cincinnasite_ingot, betterend:thallasium_ingot]
[18Nov2024 19:17:15.528] [Render thread/INFO] [AlmostUnified/]: [AutoHiding] Hiding 1/2 items for tag '#forge:storage_blocks/brass' -> [techreborn:brass_storage_block]
[18Nov2024 19:17:15.528] [Render thread/INFO] [AlmostUnified/]: [AutoHiding] Hiding 1/2 items for tag '#forge:storage_blocks/ruby' -> [techreborn:ruby_storage_block]
[18Nov2024 19:17:15.528] [Render thread/INFO] [AlmostUnified/]: [AutoHiding] Hiding 1/2 items for tag '#forge:plates/nickel' -> [techreborn:nickel_plate]
[18Nov2024 19:17:15.528] [Render thread/INFO] [AlmostUnified/]: [AutoHiding] Hiding 2/3 items for tag '#forge:dusts/diamond' -> [techreborn:diamond_dust, mekanism:dust_diamond]
[18Nov2024 19:17:15.528] [Render thread/INFO] [AlmostUnified/]: [AutoHiding] Hiding 1/2 items for tag '#forge:dusts/ruby' -> [techreborn:ruby_dust]
[18Nov2024 19:17:15.528] [Render thread/INFO] [AlmostUnified/]: [AutoHiding] Hiding 1/2 items for tag '#forge:ingots/nickel' -> [techreborn:nickel_ingot]
[18Nov2024 19:17:15.528] [Render thread/INFO] [AlmostUnified/]: [AutoHiding] Hiding 3/4 items for tag '#forge:storage_blocks/silver' -> [eidolon:silver_block, occultism:silver_block, techreborn:silver_storage_block]
[18Nov2024 19:17:15.528] [Render thread/INFO] [AlmostUnified/]: [AutoHiding] Hiding 1/2 items for tag '#forge:nuggets/netherite' -> [techreborn:netherite_nugget]
[18Nov2024 19:17:15.528] [Render thread/INFO] [AlmostUnified/]: [AutoHiding] Hiding 1/2 items for tag '#forge:gears/copper' -> [hammerlib:gears/copper]
[18Nov2024 19:17:15.528] [Render thread/INFO] [AlmostUnified/]: [AutoHiding] Hiding 1/2 items for tag '#forge:dusts/sapphire' -> [techreborn:sapphire_dust]
[18Nov2024 19:17:15.528] [Render thread/INFO] [AlmostUnified/]: [AutoHiding] Hiding 4/7 items for tag '#forge:ores/gold' -> [spectrum:blackslag_gold_ore, mythicbotany:gold_ore, deeperdarker:gloomslate_gold_ore, deeperdarker:sculk_stone_gold_ore]
[18Nov2024 19:17:15.528] [Render thread/INFO] [AlmostUnified/]: [AutoHiding] Hiding 1/2 items for tag '#forge:plates/obsidian' -> [techreborn:obsidian_plate]
[18Nov2024 19:17:15.528] [Render thread/INFO] [AlmostUnified/]: [AutoHiding] Hiding 6/8 items for tag '#forge:ores/silver' -> [techreborn:silver_ore, techreborn:deepslate_silver_ore, occultism:silver_ore_deepslate, eidolon:silver_ore, eidolon:deep_silver_ore, occultism:silver_ore]
[18Nov2024 19:17:15.528] [Render thread/INFO] [AlmostUnified/]: [AutoHiding] Hiding 3/4 items for tag '#forge:dusts/coal' -> [techreborn:coal_dust, bloodmagic:coalsand, enderio:powdered_coal]
[18Nov2024 19:17:15.528] [Render thread/INFO] [AlmostUnified/]: [AutoHiding] Hiding 1/2 items for tag '#forge:gems/emerald' -> [goety:magic_emerald]
[18Nov2024 19:17:15.528] [Render thread/INFO] [AlmostUnified/]: [AutoHiding] Hiding 1/2 items for tag '#forge:nuggets/zinc' -> [techreborn:zinc_nugget]
[18Nov2024 19:17:15.528] [Render thread/INFO] [AlmostUnified/]: [AutoHiding] Hiding 1/2 items for tag '#forge:dusts/electrum' -> [techreborn:electrum_dust]
[18Nov2024 19:17:15.528] [Render thread/INFO] [AlmostUnified/]: [AutoHiding] Hiding 1/2 items for tag '#forge:nuggets/nickel' -> [techreborn:nickel_nugget]
[18Nov2024 19:17:15.528] [Render thread/INFO] [AlmostUnified/]: [AutoHiding] Hiding 3/5 items for tag '#forge:ores/diamond' -> [deeperdarker:gloomslate_diamond_ore, deeperdarker:sculk_stone_diamond_ore, spectrum:blackslag_diamond_ore]
[18Nov2024 19:17:15.528] [Render thread/INFO] [AlmostUnified/]: [AutoHiding] Hiding 2/3 items for tag '#forge:plates/copper' -> [thermal:copper_plate, techreborn:copper_plate]
[18Nov2024 19:17:15.528] [Render thread/INFO] [AlmostUnified/]: [AutoHiding] Hiding 3/4 items for tag '#forge:raw_materials/silver' -> [eidolon:raw_silver, techreborn:raw_silver, occultism:raw_silver]
[18Nov2024 19:17:15.528] [Render thread/INFO] [AlmostUnified/]: [AutoHiding] Hiding 3/5 items for tag '#forge:ores/emerald' -> [spectrum:blackslag_emerald_ore, deeperdarker:sculk_stone_emerald_ore, deeperdarker:gloomslate_emerald_ore]
[18Nov2024 19:17:15.528] [Render thread/INFO] [AlmostUnified/]: [AutoHiding] Hiding 1/2 items for tag '#forge:ingots/zinc' -> [techreborn:zinc_ingot]
[18Nov2024 19:17:15.528] [Render thread/INFO] [AlmostUnified/]: [AutoHiding] Hiding 3/5 items for tag '#forge:ores/lapis' -> [spectrum:blackslag_lapis_ore, deeperdarker:sculk_stone_lapis_ore, deeperdarker:gloomslate_lapis_ore]
[18Nov2024 19:17:15.528] [Render thread/INFO] [AlmostUnified/]: [AutoHiding] Hiding 1/2 items for tag '#forge:plates/steel' -> [techreborn:steel_plate]
[18Nov2024 19:17:15.528] [Render thread/INFO] [AlmostUnified/]: [AutoHiding] Hiding 2/3 items for tag '#forge:nuggets/steel' -> [mekanism:nugget_steel, techreborn:steel_nugget]
[18Nov2024 19:17:15.528] [Render thread/INFO] [AlmostUnified/]: [AutoHiding] Hiding 3/4 items for tag '#forge:ingots/lead' -> [eidolon:lead_ingot, techreborn:lead_ingot, mekanism:ingot_lead]
[18Nov2024 19:17:15.528] [Render thread/INFO] [AlmostUnified/]: [AutoHiding] Hiding 1/2 items for tag '#forge:plates/brass' -> [techreborn:brass_plate]
[18Nov2024 19:17:15.528] [Render thread/INFO] [AlmostUnified/]: [AutoHiding] Hiding 2/3 items for tag '#forge:plates/iron' -> [techreborn:iron_plate, thermal:iron_plate]
[18Nov2024 19:17:15.528] [Render thread/INFO] [AlmostUnified/]: [AutoHiding] Hiding 2/4 items for tag '#forge:ores/sapphire' -> [techreborn:deepslate_sapphire_ore, techreborn:sapphire_ore]
[18Nov2024 19:17:15.528] [Render thread/INFO] [AlmostUnified/]: [AutoHiding] Hiding 1/2 items for tag '#forge:dusts/lead' -> [mekanism:dust_lead]
[18Nov2024 19:17:15.528] [Render thread/INFO] [AlmostUnified/]: [AutoHiding] Hiding 3/4 items for tag '#forge:nuggets/silver' -> [occultism:silver_nugget, techreborn:silver_nugget, eidolon:silver_nugget]
[18Nov2024 19:17:15.528] [Render thread/INFO] [AlmostUnified/]: [AutoHiding] Hiding 4/5 items for tag '#forge:dusts/obsidian' -> [enderio:powdered_obsidian, techreborn:obsidian_dust, occultism:obsidian_dust, mekanism:dust_obsidian]
[18Nov2024 19:17:15.528] [Render thread/INFO] [AlmostUnified/]: [AutoHiding] Hiding 2/3 items for tag '#forge:storage_blocks/steel' -> [techreborn:steel_storage_block, mekanism:block_steel]
[18Nov2024 19:17:15.528] [Render thread/INFO] [AlmostUnified/]: [AutoHiding] Hiding 3/4 items for tag '#forge:raw_materials/lead' -> [techreborn:raw_lead, mekanism:raw_lead, eidolon:raw_lead]
[18Nov2024 19:17:15.528] [Render thread/INFO] [AlmostUnified/]: [AutoHiding] Hiding 2/3 items for tag '#forge:plates/gold' -> [techreborn:gold_plate, thermal:gold_plate]
[18Nov2024 19:17:15.528] [Render thread/INFO] [AlmostUnified/]: [AutoHiding] Hiding 3/4 items for tag '#forge:nuggets/lead' -> [techreborn:lead_nugget, mekanism:nugget_lead, eidolon:lead_nugget]
[18Nov2024 19:17:15.528] [Render thread/INFO] [AlmostUnified/]: [AutoHiding] Hiding 2/3 items for tag '#forge:gears/diamond' -> [hammerlib:gears/diamond, industrialforegoing:diamond_gear]
[18Nov2024 19:17:15.528] [Render thread/INFO] [AlmostUnified/]: [AutoHiding] Hiding 3/4 items for tag '#forge:ingots/silver' -> [occultism:silver_ingot, eidolon:silver_ingot, techreborn:silver_ingot]
[18Nov2024 19:17:15.528] [Render thread/INFO] [AlmostUnified/]: [AutoHiding] Hiding 2/3 items for tag '#forge:dusts/tin' -> [enderio:powdered_tin, mekanism:dust_tin]
[18Nov2024 19:17:15.529] [Render thread/INFO] [AlmostUnified/]: [AutoHiding] Hiding 5/6 items for tag '#forge:dusts/sulfur' -> [techreborn:sulfur_dust, eidolon:sulfur, mekanism:dust_sulfur, bloodmagic:sulfur, alexscaves:sulfur_dust]
[18Nov2024 19:17:15.529] [Render thread/INFO] [AlmostUnified/]: [AutoHiding] Hiding 1/2 items for tag '#forge:nuggets/uranium' -> [alexscaves:uranium_shard]
[18Nov2024 19:17:15.529] [Render thread/INFO] [AlmostUnified/]: [AutoHiding] Hiding 2/3 items for tag '#forge:dusts/steel' -> [techreborn:steel_dust, mekanism:dust_steel]
[18Nov2024 19:17:15.529] [Render thread/INFO] [AlmostUnified/]: [AutoHiding] Hiding 2/3 items for tag '#forge:ingots/bronze' -> [techreborn:bronze_ingot, mekanism:ingot_bronze]
[18Nov2024 19:17:15.529] [Render thread/INFO] [AlmostUnified/]: [AutoHiding] Hiding 4/6 items for tag '#forge:ores/iron' -> [deeperdarker:sculk_stone_iron_ore, deeperdarker:gloomslate_iron_ore, spectrum:blackslag_iron_ore, alexscaves:galena_iron_ore]
[18Nov2024 19:17:15.529] [Render thread/INFO] [AlmostUnified/]: [AutoHiding] Hiding 1/2 items for tag '#forge:plates/tin' -> [techreborn:tin_plate]
[18Nov2024 19:17:15.529] [Render thread/INFO] [AlmostUnified/]: [AutoHiding] Hiding 1/2 items for tag '#forge:plates/invar' -> [techreborn:invar_plate]
[18Nov2024 19:17:15.529] [Render thread/INFO] [AlmostUnified/]: [AutoHiding] Hiding 1/2 items for tag '#forge:storage_blocks/uranium' -> [alexscaves:block_of_uranium]
[18Nov2024 19:17:15.529] [Render thread/INFO] [AlmostUnified/]: [AutoHiding] Hiding 2/3 items for tag '#forge:storage_blocks/tin' -> [techreborn:tin_storage_block, mekanism:block_tin]
[18Nov2024 19:17:15.529] [Render thread/INFO] [AlmostUnified/]: [AutoHiding] Hiding 2/3 items for tag '#forge:dusts/emerald' -> [techreborn:emerald_dust, mekanism:dust_emerald]
[18Nov2024 19:17:15.529] [Render thread/INFO] [AlmostUnified/]: [AutoHiding] Hiding 1/2 items for tag '#forge:nuggets/electrum' -> [techreborn:electrum_nugget]
[18Nov2024 19:17:15.529] [Render thread/INFO] [AlmostUnified/]: [AutoHiding] Hiding 1/2 items for tag '#forge:storage_blocks/emerald' -> [goety:awakened_emerald_block]
[18Nov2024 19:17:15.529] [Render thread/INFO] [AlmostUnified/]: [AutoHiding] Hiding 2/3 items for tag '#forge:dusts/lapis' -> [enderio:powdered_lapis_lazuli, mekanism:dust_lapis_lazuli]
[18Nov2024 19:17:15.529] [Render thread/INFO] [AlmostUnified/]: [AutoHiding] Hiding 2/3 items for tag '#forge:nuggets/bronze' -> [techreborn:bronze_nugget, mekanism:nugget_bronze]
[18Nov2024 19:17:15.529] [Render thread/INFO] [AlmostUnified/]: [AutoHiding] Hiding 1/2 items for tag '#forge:storage_blocks/nickel' -> [techreborn:nickel_storage_block]
[18Nov2024 19:17:15.529] [Render thread/INFO] [AlmostUnified/]: [AutoHiding] Hiding 4/5 items for tag '#forge:nuggets/copper' -> [pneumaticcraft:copper_nugget, thermal:copper_nugget, techreborn:copper_nugget, malum:copper_nugget]
[18Nov2024 19:17:15.529] [Render thread/INFO] [AlmostUnified/]: [AutoHiding] Hiding 2/3 items for tag '#forge:ingots/tin' -> [mekanism:ingot_tin, techreborn:tin_ingot]
[18Nov2024 19:17:15.529] [Render thread/INFO] [AlmostUnified/]: [AutoHiding] Hiding 2/3 items for tag '#forge:storage_blocks/bronze' -> [techreborn:bronze_storage_block, mekanism:block_bronze]
[18Nov2024 19:17:15.529] [Render thread/INFO] [AlmostUnified/]: [AutoHiding] Hiding 3/4 items for tag '#forge:storage_blocks/raw_lead' -> [eidolon:raw_lead_block, techreborn:raw_lead_storage_block, mekanism:block_raw_lead]
[18Nov2024 19:17:15.529] [Render thread/INFO] [AlmostUnified/]: [AutoHiding] Hiding 6/8 items for tag '#forge:ores/lead' -> [techreborn:lead_ore, eidolon:deep_lead_ore, eidolon:lead_ore, mekanism:deepslate_lead_ore, mekanism:lead_ore, techreborn:deepslate_lead_ore]
[18Nov2024 19:17:15.529] [Render thread/INFO] [AlmostUnified/]: [AutoHiding] Hiding 3/4 items for tag '#forge:gears/iron' -> [enderio:iron_gear, hammerlib:gears/iron, industrialforegoing:iron_gear]
[18Nov2024 19:17:15.529] [Render thread/INFO] [AlmostUnified/]: [AutoHiding] Hiding 1/2 items for tag '#forge:dusts/invar' -> [techreborn:invar_dust]
[18Nov2024 19:17:15.529] [Render thread/INFO] [AlmostUnified/]: [AutoHiding] Hiding 3/5 items for tag '#forge:ores/copper' -> [deeperdarker:sculk_stone_copper_ore, deeperdarker:gloomslate_copper_ore, spectrum:blackslag_copper_ore]
[18Nov2024 19:17:15.529] [Render thread/INFO] [AlmostUnified/]: [AutoHiding] Hiding 4/5 items for tag '#forge:dusts/copper' -> [occultism:copper_dust, mekanism:dust_copper, enderio:powdered_copper, bloodmagic:coppersand]
[18Nov2024 19:17:15.529] [Render thread/INFO] [AlmostUnified/]: [AutoHiding] Hiding 4/5 items for tag '#forge:dusts/iron' -> [occultism:iron_dust, enderio:powdered_iron, bloodmagic:ironsand, mekanism:dust_iron]
[18Nov2024 19:17:15.529] [Render thread/INFO] [AlmostUnified/]: [AutoHiding] Hiding 3/4 items for tag '#forge:ingots/steel' -> [techreborn:steel_ingot, mekanism:ingot_steel, mffs:steel_ingot]
[18Nov2024 19:17:15.529] [Render thread/INFO] [AlmostUnified/]: [AutoHiding] Hiding 4/6 items for tag '#forge:ores/tin' -> [techreborn:deepslate_tin_ore, techreborn:tin_ore, mekanism:deepslate_tin_ore, mekanism:tin_ore]
[18Nov2024 19:17:15.529] [Render thread/INFO] [AlmostUnified/]: [AutoHiding] Hiding 1/2 items for tag '#forge:plates/bronze' -> [techreborn:bronze_plate]
[18Nov2024 19:17:15.529] [Render thread/INFO] [AlmostUnified/]: [AutoHiding] Hiding 2/3 items for tag '#forge:gears/gold' -> [industrialforegoing:gold_gear, hammerlib:gears/gold]
[18Nov2024 19:17:15.529] [Render thread/INFO] [AlmostUnified/]: [AutoHiding] Hiding 2/4 items for tag '#forge:ores/ruby' -> [techreborn:deepslate_ruby_ore, techreborn:ruby_ore]
[18Nov2024 19:17:15.529] [Render thread/INFO] [AlmostUnified/]: [AutoHiding] Hiding 2/3 items for tag '#forge:storage_blocks/raw_tin' -> [mekanism:block_raw_tin, techreborn:raw_tin_storage_block]
[18Nov2024 19:17:15.529] [Render thread/INFO] [AlmostUnified/]: [AutoHiding] Hiding 2/3 items for tag '#forge:dusts/bronze' -> [mekanism:dust_bronze, techreborn:bronze_dust]
[18Nov2024 19:17:15.529] [Render thread/INFO] [AlmostUnified/]: [AutoHiding] Hiding 1/2 items for tag '#forge:dusts/silver' -> [occultism:silver_dust]
[18Nov2024 19:17:15.529] [Render thread/INFO] [AlmostUnified/]: [AutoHiding] Hiding 1/2 items for tag '#forge:storage_blocks/invar' -> [techreborn:invar_storage_block]
[18Nov2024 19:17:15.529] [Render thread/INFO] [AlmostUnified/]: [AutoHiding] Hiding 3/5 items for tag '#forge:ores/coal' -> [deeperdarker:gloomslate_coal_ore, spectrum:blackslag_coal_ore, deeperdarker:sculk_stone_coal_ore]
[18Nov2024 19:17:15.529] [Render thread/INFO] [AlmostUnified/]: [AutoHiding] Hiding 3/4 items for tag '#forge:storage_blocks/raw_silver' -> [occultism:raw_silver_block, techreborn:raw_silver_storage_block, eidolon:raw_silver_block]
[18Nov2024 19:17:15.529] [Render thread/INFO] [AlmostUnified/]: [AutoHiding] Hiding 1/2 items for tag '#forge:nuggets/brass' -> [techreborn:brass_nugget]
[18Nov2024 19:17:15.529] [Render thread/INFO] [AlmostUnified/]: [AutoHiding] Hiding 1/2 items for tag '#forge:plates/lead' -> [techreborn:lead_plate]
[18Nov2024 19:17:15.529] [Render thread/INFO] [AlmostUnified/]: [AutoHiding] Hiding 4/5 items for tag '#forge:dusts/gold' -> [mekanism:dust_gold, enderio:powdered_gold, occultism:gold_dust, bloodmagic:goldsand]
[18Nov2024 19:17:15.529] [Render thread/INFO] [AlmostUnified/]: [AutoHiding] Hiding 1/2 items for tag '#forge:raw_materials/uranium' -> [alexscaves:uranium]
[18Nov2024 19:17:15.529] [Render thread/INFO] [AlmostUnified/]: [AutoHiding] Hiding 1/2 items for tag '#forge:dusts/netherite' -> [mekanism:dust_netherite]
[18Nov2024 19:17:15.529] [Render thread/INFO] [AlmostUnified/]: [AutoHiding] Hiding 1/2 items for tag '#forge:storage_blocks/sapphire' -> [techreborn:sapphire_storage_block]
[18Nov2024 19:17:15.529] [Render thread/INFO] [AlmostUnified/]: [AutoHiding] Hiding 1/2 items for tag '#forge:ingots/brass' -> [techreborn:brass_ingot]
[18Nov2024 19:17:15.529] [Render thread/INFO] [AlmostUnified/]: [AutoHiding] Hiding 1/2 items for tag '#forge:dusts/cinnabar' -> [techreborn:cinnabar_dust]
[18Nov2024 19:17:15.529] [Render thread/INFO] [AlmostUnified/]: [AutoHiding] Hiding 1/2 items for tag '#forge:dusts/nickel' -> [techreborn:nickel_dust]
[18Nov2024 19:17:15.529] [Render thread/INFO] [AlmostUnified/]: [AutoHiding] Hiding 1/2 items for tag '#forge:gems/sapphire' -> [techreborn:sapphire_gem]
[18Nov2024 19:17:15.529] [Render thread/INFO] [AlmostUnified/]: [AutoHiding] Hiding 1/2 items for tag '#forge:ingots/invar' -> [techreborn:invar_ingot]
[18Nov2024 19:17:15.529] [Render thread/INFO] [AlmostUnified/]: [AutoHiding] Hiding 1/2 items for tag '#forge:storage_blocks/electrum' -> [techreborn:electrum_storage_block]
[18Nov2024 19:17:15.529] [Render thread/INFO] [AlmostUnified/]: [AutoHiding] Hiding 1/2 items for tag '#forge:plates/silver' -> [techreborn:silver_plate]
[18Nov2024 19:17:15.529] [Render thread/INFO] [AlmostUnified/]: [AutoHiding] Hiding 1/2 items for tag '#forge:storage_blocks/zinc' -> [techreborn:zinc_storage_block]
[18Nov2024 19:17:15.529] [Render thread/INFO] [AlmostUnified/]: [AutoHiding] Hiding 2/3 items for tag '#forge:raw_materials/tin' -> [techreborn:raw_tin, mekanism:raw_tin]
[18Nov2024 19:17:15.529] [Render thread/INFO] [AlmostUnified/]: [AutoHiding] Hiding 2/3 items for tag '#forge:nuggets/tin' -> [mekanism:nugget_tin, techreborn:tin_nugget]
[18Nov2024 19:17:15.529] [Render thread/INFO] [AlmostUnified/]: [AutoHiding] Hiding 1/2 items for tag '#forge:storage_blocks/charcoal' -> [mekanism:block_charcoal]
[18Nov2024 19:17:15.530] [Render thread/INFO] [mezz.jei.library.ingredients.IngredientManager/]: Ingredients are being removed at runtime: 199 net.minecraft.world.item.ItemStack
[18Nov2024 19:17:15.649] [Render thread/INFO] [mezz.jei.library.load.PluginCallerTimerRunnable/]: Sending Runtime: almostunified:jei took 125.4 milliseconds
[18Nov2024 19:17:15.651] [Render thread/INFO] [mezz.jei.library.ingredients.IngredientManager/]: Ingredients are being removed at runtime: 9 net.minecraft.world.item.ItemStack
[18Nov2024 19:17:15.752] [Render thread/INFO] [mezz.jei.library.load.PluginCallerTimerRunnable/]: Sending Runtime: ae2:core took 101.9 milliseconds
[18Nov2024 19:17:15.777] [Render thread/INFO] [mezz.jei.library.ingredients.IngredientManager/]: Ingredients are being removed at runtime: 50 net.minecraft.world.item.ItemStack
[18Nov2024 19:17:15.970] [Render thread/INFO] [mezz.jei.library.load.PluginCallerTimerRunnable/]: Sending Runtime: malum:main took 216.9 milliseconds
[18Nov2024 19:17:15.970] [Render thread/INFO] [mezz.jei.library.load.PluginCaller/]: Sending Runtime took 448.7 ms
[18Nov2024 19:17:15.970] [Render thread/INFO] [mezz.jei.core.util.LoggedTimer/]: Starting JEI took 23.02 s
[18Nov2024 19:17:16.127] [Render thread/INFO] [Jade/]: Received config from the server: 
[18Nov2024 19:17:16.128] [Render thread/INFO] [se.mickelus.mutil.data.DataStore/]: Loaded   2 tiers
[18Nov2024 19:17:16.128] [Render thread/INFO] [se.mickelus.mutil.data.DataStore/]: Loaded   8 tweaks
[18Nov2024 19:17:16.130] [Render thread/INFO] [se.mickelus.mutil.data.MergingDataStore/]: Loaded 264 materials
[18Nov2024 19:17:16.135] [Render thread/INFO] [se.mickelus.mutil.data.DataStore/]: Loaded 197 improvements
[18Nov2024 19:17:16.144] [Render thread/INFO] [se.mickelus.mutil.data.MergingDataStore/]: Loaded 154 modules
[18Nov2024 19:17:16.241] [Render thread/INFO] [se.mickelus.tetra.client.model.ModularModelLoader/]: Clearing model cache for 0 items, let's get bakin'
[18Nov2024 19:17:16.241] [Render thread/INFO] [se.mickelus.mutil.data.DataStore/]: Loaded   0 enchantments
[18Nov2024 19:17:16.241] [Render thread/INFO] [se.mickelus.mutil.data.DataStore/]: Loaded  27 synergies
[18Nov2024 19:17:16.242] [Render thread/INFO] [se.mickelus.mutil.data.DataStore/]: Loaded  44 replacements
[18Nov2024 19:17:16.244] [Render thread/INFO] [se.mickelus.mutil.data.MergingDataStore/]: Loaded 539 schematics
[18Nov2024 19:17:16.277] [Render thread/INFO] [se.mickelus.mutil.data.MergingDataStore/]: Loaded  22 crafting_effects
[18Nov2024 19:17:16.279] [Render thread/INFO] [se.mickelus.mutil.data.DataStore/]: Loaded  48 repairs
[18Nov2024 19:17:16.280] [Render thread/INFO] [se.mickelus.mutil.data.DataStore/]: Loaded   3 actions
[18Nov2024 19:17:16.280] [Render thread/INFO] [se.mickelus.mutil.data.DataStore/]: Loaded   0 destabilization
[18Nov2024 19:17:16.280] [Render thread/INFO] [se.mickelus.mutil.data.DataStore/]: Loaded   0 unlocks
[18Nov2024 19:17:16.280] [Render thread/INFO] [se.mickelus.mutil.data.DataStore/]: Loaded   0 archetypes
[18Nov2024 19:17:16.284] [Render thread/INFO] [mezz.jei.library.ingredients.IngredientManager/]: Ingredients are being removed at runtime: 189 net.minecraft.world.item.ItemStack
[18Nov2024 19:17:16.409] [Render thread/INFO] [net.minecraft.advancements.AdvancementList/]: Loaded 603 advancements
[18Nov2024 19:17:16.414] [Render thread/INFO] [patchouli/]: BookContentResourceListenerLoader: Files found in 524.9 ?s
[18Nov2024 19:17:16.415] [Render thread/WARN] [patchouli/]: Invalid icon item stack: Unknown item ID: apotheosis:boss_summoner
[18Nov2024 19:17:16.417] [Render thread/INFO] [patchouli/]: BookContentResourceListenerLoader: Files found in 506.5 ?s
[18Nov2024 19:17:16.420] [Render thread/WARN] [patchouli/]: Invalid icon item stack: Unknown item ID: apotheosis:gem_dust
[18Nov2024 19:17:16.420] [Render thread/WARN] [patchouli/]: Invalid icon item stack: Unknown item ID: apotheosis:gem
[18Nov2024 19:17:16.420] [Render thread/WARN] [patchouli/]: Invalid icon item stack: Unknown item ID: apotheosis:augmenting_table
[18Nov2024 19:17:16.420] [Render thread/WARN] [patchouli/]: Invalid icon item stack: Unknown item ID: apotheosis:reforging_table
[18Nov2024 19:17:16.420] [Render thread/WARN] [patchouli/]: Invalid icon item stack: Unknown item ID: apotheosis:salvaging_table
[18Nov2024 19:17:16.420] [Render thread/WARN] [patchouli/]: Invalid icon item stack: Unknown item ID: apotheosis:gem_cutting_table
[18Nov2024 19:17:16.422] [Render thread/WARN] [patchouli/]: Invalid icon item stack: Unknown item ID: apotheosis:ender_lead
[18Nov2024 19:17:16.422] [Render thread/INFO] [patchouli/]: BookContentResourceListenerLoader: Files found in 450.2 ?s
[18Nov2024 19:17:16.424] [Render thread/INFO] [patchouli/]: BookContentResourceListenerLoader: Files found in 5.400 ?s
[18Nov2024 19:17:16.424] [Render thread/INFO] [patchouli/]: BookContentResourceListenerLoader: Files found in 3.200 ?s
[18Nov2024 19:17:16.424] [Render thread/INFO] [patchouli/]: BookContentResourceListenerLoader: Files found in 2.500 ?s
[18Nov2024 19:17:16.425] [Render thread/INFO] [patchouli/]: BookContentResourceListenerLoader: Files found in 1.054 ms
[18Nov2024 19:17:16.426] [Render thread/INFO] [patchouli/]: BookContentResourceListenerLoader: Files found in 971.7 ?s
[18Nov2024 19:17:16.434] [Render thread/INFO] [patchouli/]: BookContentResourceListenerLoader: Files found in 860.4 ?s
[18Nov2024 19:17:16.479] [Render thread/INFO] [patchouli/]: BookContentResourceListenerLoader: Files found in 79.20 ?s
[18Nov2024 19:17:16.479] [Render thread/INFO] [patchouli/]: BookContentResourceListenerLoader: Files found in 67.50 ?s
[18Nov2024 19:17:16.479] [Render thread/INFO] [patchouli/]: BookContentResourceListenerLoader: Files found in 55.70 ?s
[18Nov2024 19:17:16.480] [Render thread/INFO] [patchouli/]: BookContentResourceListenerLoader: Files found in 233.3 ?s
[18Nov2024 19:17:16.480] [Render thread/INFO] [patchouli/]: BookContentResourceListenerLoader: Files found in 244.3 ?s
[18Nov2024 19:17:16.487] [Render thread/INFO] [patchouli/]: BookContentResourceListenerLoader: Files found in 191.2 ?s
[18Nov2024 19:17:16.520] [Render thread/WARN] [botania/]: Template references nonexistent recipe mythicbotany:mythicbotany_infusion/terrasteel_ingot of type botania:petal_apothecary
[18Nov2024 19:17:16.524] [Render thread/WARN] [botania/]: Template references nonexistent recipe mythicbotany:mythicbotany_infusion/alfsteel_ingot of type botania:petal_apothecary
[18Nov2024 19:17:16.528] [Render thread/WARN] [patchouli/]: Recipe botania:gaia_pylon (of type minecraft:crafting) not found
[18Nov2024 19:17:16.540] [Render thread/INFO] [patchouli/]: BookContentResourceListenerLoader: Files found in 230.5 ?s
[18Nov2024 19:17:16.541] [Render thread/INFO] [patchouli/]: BookContentResourceListenerLoader: Files found in 228.4 ?s
[18Nov2024 19:17:16.543] [Render thread/INFO] [patchouli/]: BookContentResourceListenerLoader: Files found in 198.1 ?s
[18Nov2024 19:17:16.586] [Render thread/WARN] [patchouli/]: Recipe bloodmagic:smelting/ingot_iron (of type minecraft:smelting) not found
[18Nov2024 19:17:16.586] [Render thread/WARN] [patchouli/]: Recipe bloodmagic:smelting/ingot_gold (of type minecraft:smelting) not found
[18Nov2024 19:17:16.612] [Render thread/INFO] [patchouli/]: BookContentResourceListenerLoader: Files found in 55.60 ?s
[18Nov2024 19:17:16.612] [Render thread/INFO] [patchouli/]: BookContentResourceListenerLoader: Files found in 45.10 ?s
[18Nov2024 19:17:16.612] [Render thread/INFO] [patchouli/]: BookContentResourceListenerLoader: Files found in 38.80 ?s
[18Nov2024 19:17:16.613] [Render thread/INFO] [patchouli/]: BookContentResourceListenerLoader: Files found in 764.2 ?s
[18Nov2024 19:17:16.613] [Render thread/WARN] [patchouli/]: Invalid icon item stack: Unknown item ID: thermal:lumium_rail
[18Nov2024 19:17:16.613] [Render thread/INFO] [patchouli/]: BookContentResourceListenerLoader: Files found in 711.4 ?s
[18Nov2024 19:17:16.614] [Render thread/WARN] [patchouli/]: Invalid icon item stack: Unknown item ID: thermal:prismarine_rail
[18Nov2024 19:17:16.614] [Render thread/WARN] [patchouli/]: Invalid icon item stack: Unknown item ID: thermal:lumium_rail
[18Nov2024 19:17:16.614] [Render thread/WARN] [patchouli/]: Invalid icon item stack: Unknown item ID: thermal:underwater_minecart
[18Nov2024 19:17:16.614] [Render thread/WARN] [patchouli/]: Invalid icon item stack: Unknown item ID: thermal:fluid_minecart
[18Nov2024 19:17:16.615] [Render thread/WARN] [patchouli/]: Invalid icon item stack: Unknown item ID: thermal:crossover_rail
[18Nov2024 19:17:16.615] [Render thread/WARN] [patchouli/]: Invalid icon item stack: Unknown item ID: thermal:energy_minecart
[18Nov2024 19:17:16.616] [Render thread/INFO] [patchouli/]: BookContentResourceListenerLoader: Files found in 792.9 ?s
[18Nov2024 19:17:16.648] [Render thread/WARN] [cofh.thermal.core.compat.patchouli.CraftingProcessor/]: Thermalpedia missing the crafting recipe: thermal:storage/charcoal_block
[18Nov2024 19:17:16.648] [Render thread/WARN] [cofh.thermal.core.compat.patchouli.CraftingProcessor/]: Thermalpedia missing the crafting recipe: thermal:storage/tin_block
[18Nov2024 19:17:16.648] [Render thread/WARN] [cofh.thermal.core.compat.patchouli.CraftingProcessor/]: Thermalpedia missing the crafting recipe: thermal:storage/lead_block
[18Nov2024 19:17:16.649] [Render thread/WARN] [cofh.thermal.core.compat.patchouli.CraftingProcessor/]: Thermalpedia missing the crafting recipe: thermal:storage/silver_block
[18Nov2024 19:17:16.649] [Render thread/WARN] [cofh.thermal.core.compat.patchouli.CraftingProcessor/]: Thermalpedia missing the crafting recipe: thermal:storage/bronze_block
[18Nov2024 19:17:16.650] [Render thread/INFO] [patchouli/]: BookContentResourceListenerLoader: Files found in 204.8 ?s
[18Nov2024 19:17:16.651] [Render thread/INFO] [patchouli/]: BookContentResourceListenerLoader: Files found in 211.6 ?s
[18Nov2024 19:17:16.652] [Render thread/WARN] [patchouli/]: Invalid icon item stack: Unknown item ID: pneumaticcraft:pneumatic_generator
[18Nov2024 19:17:16.652] [Render thread/WARN] [patchouli/]: Invalid icon item stack: Unknown item ID: pneumaticcraft:electric_compressor
[18Nov2024 19:17:16.654] [Render thread/INFO] [patchouli/]: BookContentResourceListenerLoader: Files found in 171.6 ?s
[18Nov2024 19:17:16.668] [Render thread/WARN] [patchouli/]: Recipe pneumaticcraft:radiation_shielding_upgrade (of type minecraft:crafting) not found
[18Nov2024 19:17:16.672] [Render thread/INFO] [patchouli/]: BookContentResourceListenerLoader: Files found in 35.50 ?s
[18Nov2024 19:17:16.672] [Render thread/INFO] [patchouli/]: BookContentResourceListenerLoader: Files found in 27.00 ?s
[18Nov2024 19:17:16.672] [Render thread/INFO] [patchouli/]: BookContentResourceListenerLoader: Files found in 24.20 ?s
[18Nov2024 19:17:16.672] [Render thread/INFO] [patchouli/]: BookContentResourceListenerLoader: Files found in 37.80 ?s
[18Nov2024 19:17:16.672] [Render thread/INFO] [patchouli/]: BookContentResourceListenerLoader: Files found in 30.30 ?s
[18Nov2024 19:17:16.673] [Render thread/INFO] [patchouli/]: BookContentResourceListenerLoader: Files found in 29.30 ?s
[18Nov2024 19:17:17.053] [Render thread/INFO] [patchouli/]: BookContentResourceListenerLoader: Files found in 28.30 ?s
[18Nov2024 19:17:17.053] [Render thread/INFO] [patchouli/]: BookContentResourceListenerLoader: Files found in 17.30 ?s
[18Nov2024 19:17:17.054] [Render thread/INFO] [patchouli/]: BookContentResourceListenerLoader: Files found in 15.70 ?s
[18Nov2024 19:17:17.054] [Render thread/INFO] [patchouli/]: BookContentResourceListenerLoader: Files found in 87.60 ?s
[18Nov2024 19:17:17.054] [Render thread/INFO] [patchouli/]: BookContentResourceListenerLoader: Files found in 74.60 ?s
[18Nov2024 19:17:17.054] [Render thread/INFO] [patchouli/]: BookContentResourceListenerLoader: Files found in 67.40 ?s
[18Nov2024 19:17:17.055] [Render thread/INFO] [patchouli/]: BookContentResourceListenerLoader: Files found in 352.1 ?s
[18Nov2024 19:17:17.055] [Render thread/INFO] [patchouli/]: BookContentResourceListenerLoader: Files found in 333.2 ?s
[18Nov2024 19:17:17.057] [Render thread/INFO] [patchouli/]: BookContentResourceListenerLoader: Files found in 298.9 ?s
[18Nov2024 19:17:17.057] [Render thread/INFO] [patchouli/]: BookContentResourceListenerLoader: Files found in 48.40 ?s
[18Nov2024 19:17:17.057] [Render thread/INFO] [patchouli/]: BookContentResourceListenerLoader: Files found in 48.70 ?s
[18Nov2024 19:17:17.058] [Render thread/INFO] [patchouli/]: BookContentResourceListenerLoader: Files found in 39.10 ?s
[18Nov2024 19:17:17.058] [Render thread/INFO] [patchouli/]: BookContentResourceListenerLoader: Files found in 68.60 ?s
[18Nov2024 19:17:17.058] [Render thread/INFO] [patchouli/]: BookContentResourceListenerLoader: Files found in 61.20 ?s
[18Nov2024 19:17:17.059] [Render thread/INFO] [patchouli/]: BookContentResourceListenerLoader: Files found in 56.20 ?s
[18Nov2024 19:17:17.059] [Render thread/WARN] [patchouli/]: Recipe dimdungeons:recipe_item_homeward_pearl (of type minecraft:crafting) not found
[18Nov2024 19:17:17.059] [Render thread/INFO] [patchouli/]: BookContentResourceListenerLoader: Files found in 80.60 ?s
[18Nov2024 19:17:17.059] [Render thread/INFO] [patchouli/]: BookContentResourceListenerLoader: Files found in 82.60 ?s
[18Nov2024 19:17:17.059] [Render thread/INFO] [patchouli/]: BookContentResourceListenerLoader: Files found in 68.20 ?s
[18Nov2024 19:17:17.060] [Render thread/INFO] [patchouli/]: BookContentResourceListenerLoader: Files found in 333.7 ?s
[18Nov2024 19:17:17.060] [Render thread/INFO] [patchouli/]: BookContentResourceListenerLoader: Files found in 367.2 ?s
[18Nov2024 19:17:17.063] [Render thread/WARN] [patchouli/]: Invalid icon item stack: Unknown item ID: ars_nouveau:archmage_robes
[18Nov2024 19:17:17.063] [Render thread/INFO] [patchouli/]: BookContentResourceListenerLoader: Files found in 304.0 ?s
[18Nov2024 19:17:17.100] [Render thread/INFO] [ModernFix/]: Cleared 2075 unneeded book NBT tags
[18Nov2024 19:17:17.233] [Render thread/INFO] [BatchExecutor/]: Started 10 worker threads
[18Nov2024 19:17:17.265] [Render thread/WARN] [Embeddium-MixinTaintDetector/]: Mod(s) [chunksfadein] are modifying Embeddium class me.jellysquid.mods.sodium.client.render.chunk.region.RenderRegion, which may cause instability.
[18Nov2024 19:17:17.268] [Render thread/WARN] [Embeddium-MixinTaintDetector/]: Mod(s) [chunksfadein, ebe] are modifying Embeddium class me.jellysquid.mods.sodium.client.render.chunk.RenderSection, which may cause instability.
[18Nov2024 19:17:17.388] [Render thread/WARN] [Embeddium-MixinTaintDetector/]: Mod(s) [oculus] are modifying Embeddium class me.jellysquid.mods.sodium.client.gl.shader.ShaderType, which may cause instability.
[18Nov2024 19:17:17.390] [Render thread/WARN] [Embeddium-MixinTaintDetector/]: Mod(s) [oculus] are modifying Embeddium class me.jellysquid.mods.sodium.client.gl.shader.GlProgram, which may cause instability.
[18Nov2024 19:17:17.393] [Render thread/WARN] [Embeddium-MixinTaintDetector/]: Mod(s) [chunksfadein] are modifying Embeddium class me.jellysquid.mods.sodium.client.render.chunk.shader.ChunkShaderInterface, which may cause instability.
[18Nov2024 19:17:17.422] [Netty Local Client IO #0/INFO] [HammerLib/]: Applied 1 configs from server.
[18Nov2024 19:17:17.484] [Render thread/WARN] [Embeddium-MixinTaintDetector/]: Mod(s) [oculus] are modifying Embeddium class me.jellysquid.mods.sodium.client.render.immediate.CloudRenderer, which may cause instability.
[18Nov2024 19:17:17.496] [Render thread/WARN] [net.minecraft.client.renderer.ShaderInstance/]: Shader clouds could not find uniform named ModelViewMat in the specified shader program.
[18Nov2024 19:17:17.496] [Render thread/WARN] [net.minecraft.client.renderer.ShaderInstance/]: Shader clouds could not find uniform named ProjMat in the specified shader program.
[18Nov2024 19:17:17.496] [Render thread/WARN] [net.minecraft.client.renderer.ShaderInstance/]: Shader clouds could not find uniform named ColorModulator in the specified shader program.
[18Nov2024 19:17:17.496] [Render thread/WARN] [net.minecraft.client.renderer.ShaderInstance/]: Shader clouds could not find uniform named FogStart in the specified shader program.
[18Nov2024 19:17:17.496] [Render thread/WARN] [net.minecraft.client.renderer.ShaderInstance/]: Shader clouds could not find uniform named FogEnd in the specified shader program.
[18Nov2024 19:17:17.496] [Render thread/WARN] [net.minecraft.client.renderer.ShaderInstance/]: Shader clouds could not find uniform named FogColor in the specified shader program.
[18Nov2024 19:17:18.052] [Render thread/WARN] [Embeddium-MixinTaintDetector/]: Mod(s) [oculus] are modifying Embeddium class me.jellysquid.mods.sodium.client.render.chunk.region.RenderRegion$DeviceResources, which may cause instability.
[18Nov2024 19:17:18.200] [Render thread/INFO] [net.minecraft.client.gui.components.ChatComponent/]: [System] [CHAT] JourneyMap: Press [J]
[18Nov2024 19:17:18.862] [Render thread/WARN] [ModernFix/]: Time from main menu to in-game was 45.983276 seconds
[18Nov2024 19:17:18.862] [Render thread/WARN] [ModernFix/]: Total time to load game and open world was 92.29628 seconds
[18Nov2024 19:17:40.948] [Server thread/INFO] [net.minecraft.server.MinecraftServer/]: [dot_dash: Successfully saved the key configuration.]
[18Nov2024 19:17:40.956] [Server thread/INFO] [net.minecraft.server.MinecraftServer/]: [dot_dash: Successfully saved the configuration.]
[18Nov2024 19:17:40.956] [Server thread/INFO] [net.minecraft.server.MinecraftServer/]: [dot_dash: Successfully saved the server list.]
[18Nov2024 19:17:40.958] [Render thread/INFO] [net.minecraft.client.gui.components.ChatComponent/]: [System] [CHAT] Successfully saved the key configuration.
[18Nov2024 19:17:40.959] [Render thread/INFO] [net.minecraft.client.gui.components.ChatComponent/]: [System] [CHAT] Successfully saved the configuration.
[18Nov2024 19:17:40.959] [Render thread/INFO] [net.minecraft.client.gui.components.ChatComponent/]: [System] [CHAT] Successfully saved the server list.
[18Nov2024 19:17:43.370] [Server thread/INFO] [net.minecraft.client.server.IntegratedServer/]: Saving and pausing game...
[18Nov2024 19:17:43.391] [Server thread/INFO] [net.minecraft.server.MinecraftServer/]: Saving chunks for level 'ServerLevel[blarghgkjfdskjlasdf]'/minecraft:overworld
[18Nov2024 19:17:43.440] [Server thread/INFO] [net.minecraft.server.MinecraftServer/]: Saving chunks for level 'ServerLevel[blarghgkjfdskjlasdf]'/voidscape:void
[18Nov2024 19:17:43.443] [Server thread/INFO] [net.minecraft.server.MinecraftServer/]: Saving chunks for level 'ServerLevel[blarghgkjfdskjlasdf]'/bloodmagic:dungeon
[18Nov2024 19:17:43.446] [Server thread/INFO] [net.minecraft.server.MinecraftServer/]: Saving chunks for level 'ServerLevel[blarghgkjfdskjlasdf]'/dimdungeons:dungeon_dimension
[18Nov2024 19:17:43.449] [Server thread/INFO] [net.minecraft.server.MinecraftServer/]: Saving chunks for level 'ServerLevel[blarghgkjfdskjlasdf]'/dimdungeons:build_dimension
[18Nov2024 19:17:43.451] [Server thread/INFO] [net.minecraft.server.MinecraftServer/]: Saving chunks for level 'ServerLevel[blarghgkjfdskjlasdf]'/minecraft:the_end
[18Nov2024 19:17:43.453] [Server thread/INFO] [net.minecraft.server.MinecraftServer/]: Saving chunks for level 'ServerLevel[blarghgkjfdskjlasdf]'/mythicbotany:alfheim
[18Nov2024 19:17:43.456] [Server thread/INFO] [net.minecraft.server.MinecraftServer/]: Saving chunks for level 'ServerLevel[blarghgkjfdskjlasdf]'/minecraft:the_nether
[18Nov2024 19:17:43.459] [Server thread/INFO] [net.minecraft.server.MinecraftServer/]: Saving chunks for level 'ServerLevel[blarghgkjfdskjlasdf]'/spectrum:deeper_down
[18Nov2024 19:17:43.461] [Server thread/INFO] [net.minecraft.server.MinecraftServer/]: Saving chunks for level 'ServerLevel[blarghgkjfdskjlasdf]'/wrd:wesleys_infinite_dungeons
[18Nov2024 19:17:43.463] [Server thread/INFO] [net.minecraft.server.MinecraftServer/]: Saving chunks for level 'ServerLevel[blarghgkjfdskjlasdf]'/deeperdarker:otherside
[18Nov2024 19:17:43.466] [Server thread/INFO] [net.minecraft.server.MinecraftServer/]: Saving chunks for level 'ServerLevel[blarghgkjfdskjlasdf]'/graveyard:past
[18Nov2024 19:17:43.468] [Server thread/INFO] [net.minecraft.server.MinecraftServer/]: Saving chunks for level 'ServerLevel[blarghgkjfdskjlasdf]'/mahoutsukai:reality_marble
[18Nov2024 19:17:43.470] [Server thread/INFO] [net.minecraft.server.MinecraftServer/]: Saving chunks for level 'ServerLevel[blarghgkjfdskjlasdf]'/ae2:spatial_storage
[18Nov2024 19:18:16.994] [Render thread/INFO] [FluxNetworks/]: Released client Flux Networks cache
[18Nov2024 19:18:16.994] [Render thread/INFO] [mezz.jei.forge.startup.StartEventObserver/]: JEI StartEventObserver received class net.minecraftforge.client.event.ClientPlayerNetworkEvent$LoggingOut
[18Nov2024 19:18:16.994] [Render thread/INFO] [mezz.jei.forge.startup.StartEventObserver/]: JEI StartEventObserver transitioning state from JEI_STARTED to DISABLED
[18Nov2024 19:18:16.994] [Render thread/INFO] [mezz.jei.library.startup.JeiStarter/]: Stopping JEI
[18Nov2024 19:18:16.994] [Render thread/INFO] [mezz.jei.library.load.PluginCaller/]: Sending Runtime Unavailable...
[18Nov2024 19:18:16.994] [Render thread/INFO] [mezz.jei.forge.plugins.forge.ForgeGuiPlugin/]: Stopping JEI GUI
[18Nov2024 19:18:16.997] [Render thread/INFO] [mezz.jei.library.load.PluginCaller/]: Sending Runtime Unavailable took 3.189 ms
[18Nov2024 19:18:17.051] [Server thread/INFO] [net.minecraft.server.network.ServerGamePacketListenerImpl/]: dot_dash lost connection: Disconnected
[18Nov2024 19:18:17.051] [Server thread/INFO] [net.minecraft.server.MinecraftServer/]: dot_dash left the game
[18Nov2024 19:18:17.069] [Server thread/INFO] [net.minecraft.server.network.ServerGamePacketListenerImpl/]: Stopping singleplayer server as player logged out
[18Nov2024 19:18:17.090] [Server thread/INFO] [net.minecraft.server.MinecraftServer/]: Stopping server
[18Nov2024 19:18:17.090] [Server thread/INFO] [net.minecraft.server.MinecraftServer/]: Saving players
[18Nov2024 19:18:17.090] [Server thread/INFO] [net.minecraft.server.MinecraftServer/]: Saving worlds
[18Nov2024 19:18:17.375] [Server thread/INFO] [net.minecraft.server.MinecraftServer/]: Saving chunks for level 'ServerLevel[blarghgkjfdskjlasdf]'/minecraft:overworld
[18Nov2024 19:18:17.958] [Server thread/INFO] [net.minecraft.server.MinecraftServer/]: Saving chunks for level 'ServerLevel[blarghgkjfdskjlasdf]'/voidscape:void
[18Nov2024 19:18:17.960] [Server thread/INFO] [net.minecraft.server.MinecraftServer/]: Saving chunks for level 'ServerLevel[blarghgkjfdskjlasdf]'/bloodmagic:dungeon
[18Nov2024 19:18:17.961] [Server thread/INFO] [net.minecraft.server.MinecraftServer/]: Saving chunks for level 'ServerLevel[blarghgkjfdskjlasdf]'/dimdungeons:dungeon_dimension
[18Nov2024 19:18:17.963] [Server thread/INFO] [net.minecraft.server.MinecraftServer/]: Saving chunks for level 'ServerLevel[blarghgkjfdskjlasdf]'/dimdungeons:build_dimension
[18Nov2024 19:18:17.970] [Server thread/INFO] [net.minecraft.server.MinecraftServer/]: Saving chunks for level 'ServerLevel[blarghgkjfdskjlasdf]'/minecraft:the_end
[18Nov2024 19:18:17.971] [Server thread/INFO] [net.minecraft.server.MinecraftServer/]: Saving chunks for level 'ServerLevel[blarghgkjfdskjlasdf]'/mythicbotany:alfheim
[18Nov2024 19:18:17.973] [Server thread/INFO] [net.minecraft.server.MinecraftServer/]: Saving chunks for level 'ServerLevel[blarghgkjfdskjlasdf]'/minecraft:the_nether
[18Nov2024 19:18:17.975] [Server thread/INFO] [net.minecraft.server.MinecraftServer/]: Saving chunks for level 'ServerLevel[blarghgkjfdskjlasdf]'/spectrum:deeper_down
[18Nov2024 19:18:17.977] [Server thread/INFO] [net.minecraft.server.MinecraftServer/]: Saving chunks for level 'ServerLevel[blarghgkjfdskjlasdf]'/wrd:wesleys_infinite_dungeons
[18Nov2024 19:18:17.981] [Server thread/INFO] [net.minecraft.server.MinecraftServer/]: Saving chunks for level 'ServerLevel[blarghgkjfdskjlasdf]'/deeperdarker:otherside
[18Nov2024 19:18:17.983] [Server thread/INFO] [net.minecraft.server.MinecraftServer/]: Saving chunks for level 'ServerLevel[blarghgkjfdskjlasdf]'/graveyard:past
[18Nov2024 19:18:17.984] [Server thread/INFO] [net.minecraft.server.MinecraftServer/]: Saving chunks for level 'ServerLevel[blarghgkjfdskjlasdf]'/mahoutsukai:reality_marble
[18Nov2024 19:18:17.985] [Server thread/INFO] [net.minecraft.server.MinecraftServer/]: Saving chunks for level 'ServerLevel[blarghgkjfdskjlasdf]'/ae2:spatial_storage
[18Nov2024 19:18:18.155] [Server thread/INFO] [net.minecraft.server.MinecraftServer/]: ThreadedAnvilChunkStorage (blarghgkjfdskjlasdf): All chunks are saved
[18Nov2024 19:18:18.155] [Server thread/INFO] [net.minecraft.server.MinecraftServer/]: ThreadedAnvilChunkStorage (void): All chunks are saved
[18Nov2024 19:18:18.155] [Server thread/INFO] [net.minecraft.server.MinecraftServer/]: ThreadedAnvilChunkStorage (dungeon): All chunks are saved
[18Nov2024 19:18:18.155] [Server thread/INFO] [net.minecraft.server.MinecraftServer/]: ThreadedAnvilChunkStorage (dungeon_dimension): All chunks are saved
[18Nov2024 19:18:18.155] [Server thread/INFO] [net.minecraft.server.MinecraftServer/]: ThreadedAnvilChunkStorage (build_dimension): All chunks are saved
[18Nov2024 19:18:18.155] [Server thread/INFO] [net.minecraft.server.MinecraftServer/]: ThreadedAnvilChunkStorage (DIM1): All chunks are saved
[18Nov2024 19:18:18.155] [Server thread/INFO] [net.minecraft.server.MinecraftServer/]: ThreadedAnvilChunkStorage (alfheim): All chunks are saved
[18Nov2024 19:18:18.155] [Server thread/INFO] [net.minecraft.server.MinecraftServer/]: ThreadedAnvilChunkStorage (DIM-1): All chunks are saved
[18Nov2024 19:18:18.155] [Server thread/INFO] [net.minecraft.server.MinecraftServer/]: ThreadedAnvilChunkStorage (deeper_down): All chunks are saved
[18Nov2024 19:18:18.155] [Server thread/INFO] [net.minecraft.server.MinecraftServer/]: ThreadedAnvilChunkStorage (wesleys_infinite_dungeons): All chunks are saved
[18Nov2024 19:18:18.155] [Server thread/INFO] [net.minecraft.server.MinecraftServer/]: ThreadedAnvilChunkStorage (otherside): All chunks are saved
[18Nov2024 19:18:18.155] [Server thread/INFO] [net.minecraft.server.MinecraftServer/]: ThreadedAnvilChunkStorage (past): All chunks are saved
[18Nov2024 19:18:18.155] [Server thread/INFO] [net.minecraft.server.MinecraftServer/]: ThreadedAnvilChunkStorage (reality_marble): All chunks are saved
[18Nov2024 19:18:18.155] [Server thread/INFO] [net.minecraft.server.MinecraftServer/]: ThreadedAnvilChunkStorage (spatial_storage): All chunks are saved
[18Nov2024 19:18:18.155] [Server thread/INFO] [net.minecraft.server.MinecraftServer/]: ThreadedAnvilChunkStorage: All dimensions are saved
[18Nov2024 19:18:18.365] [Server thread/INFO] [shetiphian.endertanks.EnderTanks/]: Unloading EnderTank Data
[18Nov2024 19:18:18.365] [Server thread/INFO] [shetiphian.endertanks.EnderTanks/]: Finished Unloading EnderTank Data
[18Nov2024 19:18:18.365] [Server thread/INFO] [Framework/]: Unloading server configs...
[18Nov2024 19:18:18.370] [Server thread/INFO] [FluxNetworks/Energy]: Energy blacklist loaded: 1 block entries, 0 item entries
[18Nov2024 19:18:18.373] [Server thread/INFO] [com.mna.ManaAndArtifice/]: M&A >> Baking General Config
[18Nov2024 19:18:18.408] [Server thread/INFO] [com.mna.ManaAndArtifice/]: M&A >> Baking Spell Config
[18Nov2024 19:18:18.413] [Render thread/INFO] [ChunkBuilder/]: Stopping worker threads
[18Nov2024 19:18:18.421] [Render thread/INFO] [HammerLib/]: Reset 1 configs to their client-side state.
[18Nov2024 19:18:19.055] [Render thread/INFO] [net.minecraft.client.Minecraft/]: Stopping!
[18Nov2024 19:18:19.055] [Render thread/INFO] [FluxNetworks/]: Released client Flux Networks cache
